source	type	target	context	_articleid
Alvarez PLC	Event.Aid	Marine Sanctuary	Aid to preserve vital ecosystems	Alvarez PLC__0__0__Haacklee Herald
Alvarez PLC	Event.Invest	Efficiency	Strategic investments in efficiency and safety commodities	Alvarez PLC__0__0__Haacklee Herald
Alvarez PLC	Event.Invest	Safety	Strategic investments in efficiency and safety commodities	Alvarez PLC__0__0__Haacklee Herald
Alvarez PLC	Event.Invest	Sustainable_nets	Development of sustainable nets	Alvarez PLC__0__0__Haacklee Herald
Alvarez PLC	Event.Invest	Tracking_System	Development of tracking systems	Alvarez PLC__0__0__Haacklee Herald
Alvarez PLC	Event.Communication.Conference	Clements, Allen and Sullivan	Participation in conferences alongside industry peers	Alvarez PLC__0__0__Haacklee Herald
Alvarez PLC	Event.Communication.Conference	Franco-Stuart	Participation in conferences alongside industry peers	Alvarez PLC__0__0__Haacklee Herald
Alvarez PLC	Event.Aid	Marine Sanctuary	Actively supported marine sanctuary initiatives	Alvarez PLC__0__0__Haacklee Herald
Alvarez PLC	Event.Transaction	Barnett Ltd	Collaborations and transactions	Alvarez PLC__0__0__Haacklee Herald
Alvarez PLC	Event.Transaction	Cain, Simpson, and Hernandez	Collaborations and transactions	Alvarez PLC__0__0__Haacklee Herald
Alvarez PLC	Event.Transaction	Maldonado, Sanchez, and Jones	Collaborations and transactions	Alvarez PLC__0__0__Haacklee Herald
Alvarez PLC	Event.Transaction	Johnson-Johnson	Collaborations and transactions	Alvarez PLC__0__0__Haacklee Herald
Alvarez PLC	Event.Aid	Marine Sanctuary	As of July 2035 it has given $2000 to a local marine sanctuary as aid	Alvarez PLC__0__0__Lomark Daily
Alvarez PLC	Event.Invest	Efficient Sustainable Nets	The company has been investing in efficient sustainable nets	Alvarez PLC__0__0__Lomark Daily
Alvarez PLC	Event.Invest	Tracking System	The company has been investing in a new tracking system	Alvarez PLC__0__0__Lomark Daily
Alvarez PLC	Event.Transaction	Eaton-Osborne	It has also signed multiple fishing transactions with Eaton-Osborne	Alvarez PLC__0__0__Lomark Daily
Alvarez PLC	Event.Transaction	York-Castillo Fishing	It has also signed multiple fishing transactions with York-Castillo fishing	Alvarez PLC__0__0__Lomark Daily
Alvarez PLC	Event.Transaction	Several Logistics Companies	It has also signed multiple fishing transactions with several logistics companies	Alvarez PLC__0__0__Lomark Daily
Alvarez PLC	Event.Fishing	Cervantes-Kramer	Cervantes-Kramer is a local fishing company with long-standing permits for fishing in the Wrasse Beds area	Alvarez PLC__0__0__Lomark Daily
Alvarez PLC	Event.CollaborationPartners	Cervantes-Kramer	Cervantes-Kramer is a local fishing company with long-standing permits for fishing in the Wrasse Beds area	Alvarez PLC__0__0__Lomark Daily
Alvarez PLC	Event.Fishing.SustainableFishing	Environmentally Friendly Fishing	The company is committed to sustainable and environmentally friendly fishing	Alvarez PLC__0__0__Lomark Daily
Alvarez PLC	Event.Transaction	Eaton-Osborne	signed multiple fishing transactions with reputed companies like Eaton-Osborne and York-Castillo fishing and logistics companies	Alvarez PLC__0__0__The News Buoy
Alvarez PLC	Event.Transaction	York-Castillo fishing	signed multiple fishing transactions with reputed companies like Eaton-Osborne and York-Castillo fishing and logistics companies	Alvarez PLC__0__0__The News Buoy
Alvarez PLC	Event.Aid	Local Marine Sanctuary	given $2000 to local marine sanctuary as aid	Alvarez PLC__0__0__The News Buoy
Alvarez PLC	Event.Invest	Efficient Fishing Gear	been investing in efficient fishing gear to increase its catch while minimizing bycatch	Alvarez PLC__0__0__The News Buoy
Alvarez PLC	Event.Invest	Fleet of Vessels	investing in its fleet of vessels, with a recent investment of $1 million in a new vessel, the Alvarez PLC-1	Alvarez PLC__0__0__The News Buoy
Alvarez PLC	Event.Invest	New Vessel Alvarez PLC-1	recent investment of $1 million in a new vessel, the Alvarez PLC-1 equipped with the latest technology	Alvarez PLC__0__0__The News Buoy
Alvarez PLC	Event.Invest	State-of-the-art Tracking System	new vessel, the Alvarez PLC-1 equipped with a state-of-the-art tracking system to ensure the safety and efficiency of its fishing operations	Alvarez PLC__0__0__The News Buoy
Alvarez PLC	Event.Invest	Sustainable_nets	recent investments in sustainable nets and commodities	Alvarez PLC__0__1__Haacklee Herald
Alvarez PLC	Event.Aid	Local marine sanctuary	invested $2000 in the Local marine sanctuary	Alvarez PLC__0__1__Haacklee Herald
Alvarez PLC	Event.Transaction	Eaton-Osborne	entered into multiple transactions with Eaton-Osborne	Alvarez PLC__0__1__Haacklee Herald
Alvarez PLC	Event.Transaction	York-Castillo	entered into multiple transactions with York-Castillo	Alvarez PLC__0__1__Haacklee Herald
Alvarez PLC	Event.Transaction	Sanchez-Moreno	acquisition of Sanchez-Moreno	Alvarez PLC__0__1__Haacklee Herald
Alvarez PLC	Event.Transaction	Frey Inc.	acquisition of Frey Inc.	Alvarez PLC__0__1__Haacklee Herald
Alvarez PLC	Event.Communication.Conference	Alvarez PLC	participating in conferences and events in July 2035	Alvarez PLC__0__1__Haacklee Herald
Alvarez PLC	Event.Communication.Conference	Alvarez PLC	showcased commitment to sustainable fishing in July 2035	Alvarez PLC__0__1__Haacklee Herald
Alvarez PLC	Event.Owns.PartiallyOwns	Ramos-Shelton	representatives, including Ramos-Shelton, have been vocal about sustainable fishing practices	Alvarez PLC__0__1__Haacklee Herald
Alvarez PLC	Event.Owns.PartiallyOwns	Solis-Lopez	representatives, including Solis-Lopez, have been vocal about sustainable fishing practices	Alvarez PLC__0__1__Haacklee Herald
Alvarez PLC	Event.Invest	Tracking_System	Alvarez PLCs investment in a tracking system, implemented on May 31, 2035	Alvarez PLC__0__1__Lomark Daily
Alvarez PLC	Event.Aid	Marine_Sanctuary	Alvarez PLCs dedication to marine conservation is evident in its aid to a marine sanctuary on July 30, 2035	Alvarez PLC__0__1__Lomark Daily
Alvarez PLC	Event.Communication.Conference	Clements, Allen, and Sullivan	Collaboration plays a pivotal role in Alvarez PLCs sustainability efforts, with participation in conferences serving as a platform for knowledge exchange and innovation	Alvarez PLC__0__1__Lomark Daily
Alvarez PLC	Event.Communication.Conference	Franco-Stuart	Collaboration plays a pivotal role in Alvarez PLCs sustainability efforts, with participation in conferences serving as a platform for knowledge exchange and innovation	Alvarez PLC__0__1__Lomark Daily
Alvarez PLC	Event.Transaction	Barnett Ltd	Notable transactions include partnerships with Barnett Ltd	Alvarez PLC__0__1__Lomark Daily
Alvarez PLC	Event.Transaction	Cain, Simpson, and Hernandez	Notable transactions include partnerships with Cain, Simpson, and Hernandez	Alvarez PLC__0__1__Lomark Daily
Alvarez PLC	Event.Criticize	Weather Trends	However, weather trends continue to pose challenges to fishing operations, with fluctuating conditions impacting productivity and safety	Alvarez PLC__0__1__Lomark Daily
Alvarez PLC	Event.Applaud	Jake Sullivan	Local fisherman Jake Sullivan, who has witnessed the evolution of fishing practices firsthand, applauds Alvarez PLCs commitment to sustainability	Alvarez PLC__0__1__Lomark Daily
Alvarez PLC	Event.Fishing	Himark	Fishing activities primarily take place in designated areas such as Himark	Alvarez PLC__0__1__Lomark Daily
Alvarez PLC	Event.Fishing	Centralia	Fishing activities primarily take place in designated areas such as Centralia	Alvarez PLC__0__1__Lomark Daily
Alvarez PLC	Event.Fishing	Sustainability	where Alvarez PLC operates with a focus on sustainability	Alvarez PLC__0__1__Lomark Daily
Alvarez PLC	Event.Fishing	Challenges	weather trends continue to pose challenges to fishing operations, with fluctuating conditions impacting productivity and safety	Alvarez PLC__0__1__Lomark Daily
Alvarez PLC	Event.Fishing	Adaptation	Despite these challenges, Alvarez PLC remains dedicated to adapting to changing environmental conditions and mitigating risks to ensure the sustainability of its practices	Alvarez PLC__0__1__Lomark Daily
Alvarez PLC	Event.Aid	Marine Sanctuary	donated $2000 to local marine sanctuary as aid	Alvarez PLC__0__1__The News Buoy
Alvarez PLC	Event.Transaction	Evans Ltd	actively involved in various transactions with Evans Ltd	Alvarez PLC__0__1__The News Buoy
Alvarez PLC	Event.Communication.Conference	Rasmussen, Nelson and King	actively participating in conferences and events with Rasmussen, Nelson and King	Alvarez PLC__0__1__The News Buoy
Alvarez PLC	Event.Invest	Safety	investing in commodities that promote safety, such as safety nets	Alvarez PLC__0__1__The News Buoy
Anderson, Brown and Green	Event.Transaction	Various other fishing companies	involved in several transactions with various other fishing companies	Anderson, Brown and Green__0__0__Haacklee Herald
Anderson, Brown and Green	Event.Invest	Efficient sustainable nets and tracking systems	invested in efficient sustainable nets and tracking systems to improve its already well-respected reputation	Anderson, Brown and Green__0__0__Haacklee Herald
Anderson, Brown and Green	Event.Fishing.SustainableFishing	Latest sustainable fishing practices	shown interest in adopting the latest sustainable fishing practices	Anderson, Brown and Green__0__0__Haacklee Herald
Anderson, Brown and Green	Event.Aid	Local marine sanctuary	donating to the local marine sanctuary to help develop student programs	Anderson, Brown and Green__0__0__Haacklee Herald
Anderson, Brown and Green	Event.Communication.Conference	Wrasse Beds	participated in conferences aimed at discussing the importance of sustainable fishing	Anderson, Brown and Green__0__0__Lomark Daily
Anderson, Brown and Green	Event.Invest	Efficiency	investments in commodity safety and efficiency	Anderson, Brown and Green__0__0__Lomark Daily
Anderson, Brown and Green	Event.Transaction	Perez-Harmon	engaged in transactions with Perez-Harmon	Anderson, Brown and Green__0__0__Lomark Daily
Anderson, Brown and Green	Event.Transaction	Bryant, Macdonald and Howard	engaged in transactions with Bryant, Macdonald and Howard	Anderson, Brown and Green__0__0__Lomark Daily
Anderson, Brown and Green	Event.Transaction	Paul Inc	engaged in transactions with Paul Inc	Anderson, Brown and Green__0__0__Lomark Daily
Anderson, Brown and Green	Event.Aid	Marine Sanctuary	aiding marine sanctuaries	Anderson, Brown and Green__0__0__Lomark Daily
Anderson, Brown and Green	Event.Invest	Safety	investments in commodity safety and efficiency	Anderson, Brown and Green__0__0__Lomark Daily
Anderson, Brown and Green	Event.Communication.Conference	Mission	speaking on the companys mission	Anderson, Brown and Green__0__0__Lomark Daily
Anderson, Brown and Green	Event.Invest	Sustainable_nets	investments in sustainable nets	Anderson, Brown and Green__0__0__Lomark Daily
Anderson, Brown and Green	Event.Transaction	Perez-Harmon	transactions with Perez-Harmon	Anderson, Brown and Green__0__0__Lomark Daily
Anderson, Brown and Green	Event.Transaction	Bryant, Macdonald and Howard	transactions with Bryant, Macdonald and Howard	Anderson, Brown and Green__0__0__Lomark Daily
Anderson, Brown and Green	Event.Transaction	Paul Inc	transactions with Paul Inc	Anderson, Brown and Green__0__0__Lomark Daily
Anderson, Brown and Green	Event.Aid	Marine Sanctuary	aid to a marine sanctuary on February 5, 2035	Anderson, Brown and Green__0__0__The News Buoy
Anderson, Brown and Green	Event.Communication.Conference	Harrell-Walters	conferences with Harrell-Walters on February 5, 2035	Anderson, Brown and Green__0__0__The News Buoy
Anderson, Brown and Green	Event.Communication.Conference	Floyd-Cantu	conferences with Floyd-Cantu on February 5, 2035	Anderson, Brown and Green__0__0__The News Buoy
Anderson, Brown and Green	Event.Transaction	Alvarez PLC	partnerships with Alvarez PLC	Anderson, Brown and Green__0__0__The News Buoy
Anderson, Brown and Green	Event.Transaction	Bowers Group	partnerships with Bowers Group	Anderson, Brown and Green__0__0__The News Buoy
Anderson, Brown and Green	Event.Transaction	Murray, Friedman, and Wall	partnerships with Murray, Friedman, and Wall	Anderson, Brown and Green__0__0__The News Buoy
Anderson, Brown and Green	Event.Invest	Efficiency	focus on efficiency	Anderson, Brown and Green__0__0__The News Buoy
Anderson, Brown and Green	Event.Invest	Safety	focus on safety	Anderson, Brown and Green__0__0__The News Buoy
Anderson, Brown and Green	Event.Invest	Sustainable_nets	focus on sustainable nets	Anderson, Brown and Green__0__0__The News Buoy
Anderson, Brown and Green	Event.Fishing	Wrasse Beds	fishing activities in Wrasse Beds with a focus on sustainable fishing techniques	Anderson, Brown and Green__0__0__The News Buoy
Anderson, Brown and Green	Event.Criticize	Weather trends	weather trends impacting fishing operations	Anderson, Brown and Green__0__0__The News Buoy
Anderson, Brown and Green	Event.Applaud	Ethan Fisher	commendation from local fisherman Ethan Fisher for proactive steps in protecting oceans and fisheries	Anderson, Brown and Green__0__0__The News Buoy
Anderson, Brown and Green	Event.Transaction	Glover, Moran and Johnson	acquiring shares in various fishing and logistics companies	Anderson, Brown and Green__0__1__Haacklee Herald
Anderson, Brown and Green	Event.Transaction	Jones, Davis and Grant	acquiring shares in various fishing and logistics companies	Anderson, Brown and Green__0__1__Haacklee Herald
Anderson, Brown and Green	Event.Transaction	Allen-Weiss	acquiring shares in various fishing and logistics companies	Anderson, Brown and Green__0__1__Haacklee Herald
Anderson, Brown and Green	Event.Transaction	Paul Inc	acquiring shares in various fishing and logistics companies	Anderson, Brown and Green__0__1__Haacklee Herald
Anderson, Brown and Green	Event.Transaction	Coleman, Nelson and Garcia	acquiring shares in various fishing and logistics companies	Anderson, Brown and Green__0__1__Haacklee Herald
Anderson, Brown and Green	Event.Transaction	Brown, Clarke and Martinez	acquiring shares in various fishing and logistics companies	Anderson, Brown and Green__0__1__Haacklee Herald
Anderson, Brown and Green	Event.Invest	Safety	investing in various commodities	Anderson, Brown and Green__0__1__Haacklee Herald
Anderson, Brown and Green	Event.Invest	Efficiency	investing in various commodities	Anderson, Brown and Green__0__1__Haacklee Herald
Anderson, Brown and Green	Event.Invest	Sustainable_nets	investing in various commodities	Anderson, Brown and Green__0__1__Haacklee Herald
Anderson, Brown and Green	Event.Aid	Local Marine Sanctuaries	investing in local marine sanctuaries	Anderson, Brown and Green__0__1__Haacklee Herald
Anderson, Brown and Green	Event.Invest	Efficiency	commitment to sustainable and environmentally friendly fishing practices by investing in efficient sustainable nets and tracking systems	Anderson, Brown and Green__0__1__Lomark Daily
Anderson, Brown and Green	Event.Aid	Marine Sanctuary	donated thousands of dollars to a local marine sanctuary, demonstrating its dedication to preserving the marine environment	Anderson, Brown and Green__0__1__Lomark Daily
Anderson, Brown and Green	Event.Transaction	Haney Group	partnered with reputable companies such as Haney Group	Anderson, Brown and Green__0__1__Lomark Daily
Anderson, Brown and Green	Event.Transaction	Evans-Pearson	partnered with reputable companies such as Evans-Pearson	Anderson, Brown and Green__0__1__Lomark Daily
Anderson, Brown and Green	Event.Transaction	Evans-Pearson	partnered with reputable companies such as Evans-Pearson	Anderson, Brown and Green__0__1__The News Buoy
Anderson, Brown and Green	Event.Transaction	Evans-Pearson	partnered with reputable companies such as Evans-Pearson	Anderson, Brown and Green__0__1__The News Buoy
Anderson, Brown and Green	Event.Transaction	Evans-Pearson	partnered with reputable companies such as Evans-Pearson	Anderson, Brown and Green__0__1__The News Buoy
Anderson, Brown and Green	Event.Transaction	Evans-Pearson	partnered with reputable companies such as Evans-Pearson	Anderson, Brown and Green__0__1__The News Buoy
Anderson, Brown and Green	Event.Transaction	Evans-Pearson	partnered with reputable companies such as Evans-Pearson	Anderson, Brown and Green__0__1__The News Buoy
Anderson, Brown and Green	Event.Transaction	Evans-Pearson	partnered with reputable companies such as Evans-Pearson	Anderson, Brown and Green__0__1__The News Buoy
Anderson, Brown and Green	Event.Transaction	Evans-Pearson	partnered with reputable companies such as Evans-Pearson	Anderson, Brown and Green__0__1__The News Buoy
Anderson, Brown and Green	Event.Transaction	Evans-Pearson	partnered with reputable companies such as Evans-Pearson	Anderson, Brown and Green__0__1__The News Buoy
Anderson, Brown and Green	Event.Transaction	Evans-Pearson	partnered with reputable companies such as Evans-Pearson	Anderson, Brown and Green__0__1__The News Buoy
Anderson, Brown and Green	Event.Transaction	Evans-Pearson	partnered with reputable companies such as Evans-Pearson	Anderson, Brown and Green__0__1__The News Buoy
Anderson, Brown and Green	Event.Transaction	Evans-Pearson	partnered with reputable companies such as Evans-Pearson	Anderson, Brown and Green__0__1__The News Buoy
Anderson, Brown and Green	Event.Transaction	Evans-Pearson	partnered with reputable companies such as Evans-Pearson	Anderson, Brown and Green__0__1__The News Buoy
Anderson, Brown and Green	Event.Transaction	Evans-Pearson	partnered with reputable companies such as Evans-Pearson	Anderson, Brown and Green__0__1__The News Buoy
Arellano Group	Event.CertificateIssued	City of South Paackland	certificates issued by local authorities in South Paackland	Arellano Group__0__0__Haacklee Herald
Arellano Group	Event.CertificateIssued	City of Port Grove	certificates issued by local authorities in Port Grove	Arellano Group__0__0__Haacklee Herald
Arellano Group	Event.Invest	Efficiency	actively investing in sustainable nets and tracking systems	Arellano Group__0__0__Haacklee Herald
Arellano Group	Event.Transaction	Underwood Inc	Transactions with companies like Underwood Inc	Arellano Group__0__0__Haacklee Herald
Arellano Group	Event.Transaction	Murphy, Marshall and Pope	Transactions with companies like Murphy, Marshall and Pope	Arellano Group__0__0__Haacklee Herald
Arellano Group	Event.Aid	Marine Sanctuary Aid	Collaboration with Marine Sanctuary Aid	Arellano Group__0__0__Haacklee Herald
Arellano Group	Event.Communication.Conference	Harper Inc	attention at conferences, including one attended by Harper Inc	Arellano Group__0__0__Haacklee Herald
Arellano Group	Event.Communication.Conference	Wilcox-Nelson	attention at conferences, including one attended by Wilcox-Nelson	Arellano Group__0__0__Haacklee Herald
Arellano Group	Event.Fishing	Jack Thompson	Its good to see companies like Arellano Group taking steps to protect our marine resources. Sustainable fishing ensures there will be fish for future generations	Arellano Group__0__0__Haacklee Herald
Arellano Group	Event.Transaction	Underwood Inc	Transactions with companies like Underwood Inc	Arellano Group__0__0__Haacklee Herald
Arellano Group	Event.Transaction	Murphy, Marshall and Pope	Transactions with companies like Murphy, Marshall and Pope	Arellano Group__0__0__Haacklee Herald
Arellano Group	Event.Invest	Safety	ongoing investments in safety and efficiency	Arellano Group__0__0__Haacklee Herald
Arellano Group	Event.Invest	Efficiency	investing in commodities for efficiency	Arellano Group__0__0__Lomark Daily
Arellano Group	Event.Invest	Sustainable_nets	investing in sustainable nets	Arellano Group__0__0__Lomark Daily
Arellano Group	Event.Transaction	Cain, Simpson and Hernandez	transactions with Cain, Simpson and Hernandez	Arellano Group__0__0__Lomark Daily
Arellano Group	Event.CertificateIssued	City of South Paackland	acquiring certificates from the City of South Paackland	Arellano Group__0__0__Lomark Daily
Arellano Group	Event.CertificateIssued	City of Port Grove	acquiring certificates from the City of Port Grove	Arellano Group__0__0__Lomark Daily
Arellano Group	Event.Transaction	Rosario-Melendez	transactions with Rosario-Melendez	Arellano Group__0__0__Lomark Daily
Arellano Group	Event.Transaction	Martin LLC	transactions with Martin LLC	Arellano Group__0__0__Lomark Daily
Arellano Group	Event.Transaction	Clarke, Scott and Sloan	transactions with Clarke, Scott and Sloan	Arellano Group__0__0__Lomark Daily
Arellano Group	Event.Transaction	Bryant, Macdonald and Howard	transactions with Bryant, Macdonald and Howard	Arellano Group__0__0__Lomark Daily
Arellano Group	Event.Invest	Tracking_System	investments in tracking systems	Arellano Group__0__0__Lomark Daily
Arellano Group	Event.Transaction	Walker, Gonzalez and Blanchard	transactions with Walker, Gonzalez and Blanchard	Arellano Group__0__0__Lomark Daily
Arellano Group	Event.Transaction	Ross-Curtis	transactions with Ross-Curtis	Arellano Group__0__0__Lomark Daily
Arellano Group	Event.Aid	Marine_Sanctuary	providing aid to a marine sanctuary	Arellano Group__0__0__Lomark Daily
Arellano Group	Event.Communication.Conference	Smith, Smith and Barber	participating in conferences with Smith, Smith and Barber	Arellano Group__0__0__Lomark Daily
Arellano Group	Event.Communication.Conference	Wilcox-Nelson	participating in conferences with Wilcox-Nelson	Arellano Group__0__0__Lomark Daily
Arellano Group	Event.Transaction	Harper Inc	transactions with Harper Inc	Arellano Group__0__0__Lomark Daily
Arellano Group	Event.Transaction	Harrington Inc	transactions with Harrington Inc	Arellano Group__0__0__Lomark Daily
Arellano Group	Event.Transaction	Lee-Smith	transactions with Lee-Smith	Arellano Group__0__0__Lomark Daily
Arellano Group	Event.Transaction	Ellis-Hunter	transactions with Ellis-Hunter	Arellano Group__0__0__Lomark Daily
Arellano Group	Event.Transaction	Cooper, Holland and Nelson	orchestrated a multitude of transactions	Arellano Group__0__0__The News Buoy
Arellano Group	Event.Transaction	Klein LLC	orchestrated a multitude of transactions	Arellano Group__0__0__The News Buoy
Arellano Group	Event.Transaction	Franco-Stuart	Participation in conferences	Arellano Group__0__0__The News Buoy
Arellano Group	Event.Transaction	Clark-Leon	Participation in conferences	Arellano Group__0__0__The News Buoy
Arellano Group	Event.CertificateIssued	Tuna Shelf	certificates granted to operate in crucial fishing territories	Arellano Group__0__0__The News Buoy
Arellano Group	Event.CertificateIssued	Cod Table	certificates granted to operate in crucial fishing territories	Arellano Group__0__0__The News Buoy
Arellano Group	Event.Aid	Marine Sanctuaries	providing aid to bolster conservation efforts	Arellano Group__0__0__The News Buoy
Arellano Group	Event.Communication.Conference	Franco-Stuart	Participation in conferences	Arellano Group__0__0__The News Buoy
Arellano Group	Event.Communication.Conference	Clark-Leon	Participation in conferences	Arellano Group__0__0__The News Buoy
Arellano Group	Event.Applaud	Local representatives	High praise for the Arellano Group initiatives	Arellano Group__0__0__The News Buoy
Arellano Group	Event.Criticize	Erratic weather patterns	challenges impacting fishing activities	Arellano Group__0__0__The News Buoy
Barnes and Sons	Event.Invest	Safety and Tracking Systems	made substantial investments in safety and tracking systems	Barnes and Sons__0__0__Haacklee Herald
Barnes and Sons	Event.Communication.Conference	Mcgee and Sons	participated in conferences with industry peers	Barnes and Sons__0__0__Haacklee Herald
Barnes and Sons	Event.Communication.Conference	Anderson, Brown and Green	participated in conferences with industry peers	Barnes and Sons__0__0__Haacklee Herald
Barnes and Sons	Event.Aid	Marine Sanctuaries	extended their support to marine sanctuaries	Barnes and Sons__0__0__Haacklee Herald
Barnes and Sons	Event.Fishing	Tuna Shelf and Cod Table Regions	engaged in sustainable fishing practices	Barnes and Sons__0__0__Haacklee Herald
Barnes and Sons	Event.Transaction	Jones Group	transactions further solidified their position as a trusted partner	Barnes and Sons__0__0__Haacklee Herald
Barnes and Sons	Event.Transaction	Cisneros-Meyer	transactions further solidified their position as a trusted partner	Barnes and Sons__0__0__Haacklee Herald
Barnes and Sons	Event.Transaction	James, Bell and Chen	transactions further solidified their position as a trusted partner	Barnes and Sons__0__0__Haacklee Herald
Barnes and Sons	Event.Transaction	Martinez, Willis and Barr	transactions further solidified their position as a trusted partner	Barnes and Sons__0__0__Haacklee Herald
Barnes and Sons	Event.Communication.Conference	Turner-Green	participated in conferences	Barnes and Sons__0__0__Haacklee Herald
Barnes and Sons	Event.Communication.Conference	Olsen Group	participated in conferences	Barnes and Sons__0__0__Haacklee Herald
Barnes and Sons	Event.Transaction	Collins, Johnson and Lloyd	participated in transactions	Barnes and Sons__0__0__Haacklee Herald
Barnes and Sons	Event.Transaction	Hughes-Clark	participated in transactions	Barnes and Sons__0__0__Haacklee Herald
Barnes and Sons	Event.Transaction	Mcgee and Sons	fishing activities highlighted their proactive approach	Barnes and Sons__0__0__Haacklee Herald
Barnes and Sons	Event.Transaction	Harrell-Walters	fishing activities highlighted their proactive approach	Barnes and Sons__0__0__Haacklee Herald
Barnes and Sons	Event.Invest	Safety and Efficiency	made additional investments in safety and efficiency	Barnes and Sons__0__0__Haacklee Herald
Barnes and Sons	Event.Communication.Conference	Wu-Hart	participated in conferences	Barnes and Sons__0__0__Haacklee Herald
Barnes and Sons	Event.Communication.Conference	Roth, Logan and Moreno		Barnes and Sons__0__0__Haacklee Herald
City Of Port Grove	Event.CertificateIssued	Barnes and Sons	certificates issued affirming compliance and authorization for fishing activities in the Tuna Shelf and Cod Table regions	Barnes and Sons__0__0__Lomark Daily
City Of South Paackland	Event.CertificateIssued	Barnes and Sons	certificates issued affirming compliance and authorization for fishing activities in the Tuna Shelf and Cod Table regions	Barnes and Sons__0__0__Lomark Daily
Barnes and Sons	Event.Transaction	Clarke, Scott and Sloan	completed transactions showcasing commitment to partnerships and growth	Barnes and Sons__0__0__Lomark Daily
Barnes and Sons	Event.Transaction	Rivas-Stevens	completed transactions showcasing commitment to partnerships and growth	Barnes and Sons__0__0__Lomark Daily
Barnes and Sons	Event.Transaction	Allen-Weiss	completed transactions showcasing commitment to partnerships and growth	Barnes and Sons__0__0__Lomark Daily
Barnes and Sons	Event.Transaction	Wong-Harrell	completed transactions showcasing commitment to partnerships and growth	Barnes and Sons__0__0__Lomark Daily
Barnes and Sons	Event.Transaction	Thompson-Padilla	completed transactions showcasing commitment to partnerships and growth	Barnes and Sons__0__0__Lomark Daily
Barnes and Sons	Event.Transaction	Ramos-Shelton	completed transactions showcasing commitment to partnerships and growth	Barnes and Sons__0__0__Lomark Daily
Barnes and Sons	Event.Transaction	Roth, Logan and Moreno	furthered dedication with transactions involving reputable standing in the industry	Barnes and Sons__0__0__Lomark Daily
Barnes and Sons	Event.Transaction	Montoya Group	furthered dedication with transactions involving reputable standing in the industry	Barnes and Sons__0__0__Lomark Daily
Barnes and Sons	Event.Transaction	Walker, Gonzalez and Blanchard	furthered dedication with transactions involving reputable standing in the industry	Barnes and Sons__0__0__Lomark Daily
Barnes and Sons	Event.Transaction	Cooper, Wood and Smith	furthered dedication with transactions involving reputable standing in the industry	Barnes and Sons__0__0__Lomark Daily
Barnes and Sons	Event.Aid	Marine Sanctuaries	aid programs for marine sanctuaries	Barnes and Sons__0__0__Lomark Daily
Barnes and Sons	Event.Invest	Commodity Safety	investments in commodity safety	Barnes and Sons__0__0__Lomark Daily
Barnes and Sons	Event.Invest	Efficiency	investments in tracking systems and sustainable nets	Barnes and Sons__0__0__Lomark Daily
Barnes and Sons	Event.Transaction	Olsen-Haley	partners	Barnes and Sons__0__0__Lomark Daily
Barnes and Sons	Event.Fishing.SustainableFishing	Tuna Shelf and Cod Table	Engages in sustainable fishing practices	Barnes and Sons__0__0__The News Buoy
Barnes and Sons	Event.Invest	Technology	Consistently invests in tracking systems and commodities focused on efficiency and safety	Barnes and Sons__0__0__The News Buoy
Barnes and Sons	Event.Transaction	Evans Ltd	Conducts numerous transactions	Barnes and Sons__0__0__The News Buoy
Barnes and Sons	Event.Transaction	Cuevas PLC	Conducts numerous transactions	Barnes and Sons__0__0__The News Buoy
Barnes and Sons	Event.Transaction	Fishermans Best N.V. Express	Conducts numerous transactions	Barnes and Sons__0__0__The News Buoy
Barnes and Sons	Event.Communication.Conference	City of Port Grove	Attends conferences and meetings	Barnes and Sons__0__0__The News Buoy
Barnes and Sons	Event.Communication.Conference	Vasquez, Chaney and Martinez	Attends conferences and meetings	Barnes and Sons__0__0__The News Buoy
Barnes and Sons	Event.Aid	Marine Sanctuary	Actively supports marine sanctuaries	Barnes and Sons__0__0__The News Buoy
Barnett Ltd	Event.Invest	Sustainable_nets	investing in sustainable and environmentally friendly fishing methods	Barnett Ltd__0__0__Haacklee Herald
Barnett Ltd	Event.Invest	Tracking_System	investing in sustainable and environmentally friendly fishing methods	Barnett Ltd__0__0__Haacklee Herald
Barnett Ltd	Event.Aid	Marine_Sanctuary	donated $3000 to local marine aid organizations	Barnett Ltd__0__0__Haacklee Herald
Barnett Ltd	Event.Transaction	Eaton-Osborne	signed multiple transactions with reputed companies like Eaton-Osborne	Barnett Ltd__0__0__Haacklee Herald
Barnett Ltd	Event.Transaction	York-Castillo fishing	signed multiple transactions with reputed companies like York-Castillo fishing	Barnett Ltd__0__0__Haacklee Herald
Barnett Ltd	Event.Transaction	Logistic Companies	signed multiple transactions with logistic companies	Barnett Ltd__0__0__Haacklee Herald
Barnett Ltd	Event.Communication.Conference	Smith-Hull	hosting conferences with Smith-Hull	Barnett Ltd__0__0__Haacklee Herald
Barnett Ltd	Event.Communication.Conference	Jones, Davis and Grant	hosting conferences with Jones, Davis and Grant	Barnett Ltd__0__0__Haacklee Herald
Barnett Ltd	Event.Communication.Conference	Cook PLC	hosting conferences with Cook PLC	Barnett Ltd__0__0__Haacklee Herald
Barnett Ltd	Event.Aid	Marine Sanctuary	raised more than $2000 for marine sanctuary preservation	Barnett Ltd__0__0__Lomark Daily
Barnett Ltd	Event.Transaction	Eaton-Osborne	signed multiple fishing transactions with Eaton-Osborne	Barnett Ltd__0__0__Lomark Daily
Barnett Ltd	Event.Transaction	York-Castillo	signed multiple fishing transactions with York-Castillo	Barnett Ltd__0__0__Lomark Daily
Barnett Ltd	Event.Transaction	Serrano-Cruz	acquisition of Serrano-Cruz	Barnett Ltd__0__0__Lomark Daily
Barnett Ltd	Event.Transaction	Wu-Hart	acquisition of Wu-Hart	Barnett Ltd__0__0__Lomark Daily
Barnett Ltd	Event.Transaction	Haney Group	acquisition of Haney Group	Barnett Ltd__0__0__Lomark Daily
Barnett Ltd	Event.Communication.Conference	Other reputed companies in the industry	conferences and meetings focused on discussing the future of fishing and sustainable fishing practices	Barnett Ltd__0__0__Lomark Daily
Barnett Ltd	Event.Invest	Efficiency	investing in efficient sustainable nets, a new state-of-the-art tracking system, and aiding local marine sanctuaries through donations	Barnett Ltd__0__0__The News Buoy
Barnett Ltd	Event.Transaction	Eaton-Osborne	signed multiple fishing transactions with Eaton-Osborne and York-Castillo fishing and logistic companies	Barnett Ltd__0__0__The News Buoy
Barnett Ltd	Event.Transaction	York-Castillo	signed multiple fishing transactions with Eaton-Osborne and York-Castillo fishing and logistic companies	Barnett Ltd__0__0__The News Buoy
Barnett Ltd	Event.Transaction	Montoya Group	closed deals with companies such as Eaton-Osborne, York-Castillo, and Montoya Group	Barnett Ltd__0__0__The News Buoy
Barnett Ltd	Event.Aid	Marine Sanctuary	aiding local marine sanctuaries through donations	Barnett Ltd__0__0__The News Buoy
Barnett Ltd	Event.Fishing.SustainableFishing	Barnes and Sons	entered into multiple transactions with various companies	Barnett Ltd__0__1__Haacklee Herald
Barnett Ltd	Event.Fishing.SustainableFishing	Jones, Davis and Grant	entered into multiple transactions with various companies	Barnett Ltd__0__1__Haacklee Herald
Barnett Ltd	Event.Fishing.SustainableFishing	Serrano-Cruz	entered into multiple transactions with various companies	Barnett Ltd__0__1__Haacklee Herald
Barnett Ltd	Event.Fishing.SustainableFishing	Rhodes-Thompson	entered into multiple transactions with various companies	Barnett Ltd__0__1__Haacklee Herald
Barnett Ltd	Event.Fishing.SustainableFishing	Chavez, Anderson and Taylor	entered into multiple transactions with various companies	Barnett Ltd__0__1__Haacklee Herald
Barnett Ltd	Event.Communication.Conference	Craig Ltd	participated in a conference with Craig Ltd, where they discussed the importance of tracking systems	Barnett Ltd__0__1__Haacklee Herald
Barnett Ltd	Event.Invest	Thompson-Padilla	invested in multiple transactions with Thompson-Padilla, Murphy, Marshall and Pope, and Garcia, Merritt and Rose	Barnett Ltd__0__1__The News Buoy
Barnett Ltd	Event.Transaction	Murphy, Marshall and Pope	invested in multiple transactions with Thompson-Padilla, Murphy, Marshall and Pope, and Garcia, Merritt and Rose	Barnett Ltd__0__1__The News Buoy
Barnett Ltd	Event.Transaction	Garcia, Merritt and Rose	invested in multiple transactions with Thompson-Padilla, Murphy, Marshall and Pope, and Garcia, Merritt and Rose	Barnett Ltd__0__1__The News Buoy
Barnett Ltd	Event.Aid	Bishop-Hernandez	provided aid to Bishop-Hernandez and Sanchez-Moreno	Barnett Ltd__0__1__The News Buoy
Barnett Ltd	Event.Aid	Sanchez-Moreno	provided aid to Bishop-Hernandez and Sanchez-Moreno	Barnett Ltd__0__1__The News Buoy
Barnett Ltd	Event.Invest	Sustainable_nets	investments in sustainable nets and tracking systems	Barnett Ltd__0__1__The News Buoy
Barnett Ltd	Event.Invest	Tracking_System	investments in sustainable nets and tracking systems	Barnett Ltd__0__1__The News Buoy
Bell, Reynolds and Forbes	Event.Invest	Tracking System and Commodity Efficiency	Invested in Tracking System and Commodity Efficiency	Bell, Reynolds and Forbes__0__0__Haacklee Herald
Bell, Reynolds and Forbes	Event.Transaction	Lake Victoria Catch GmbH	Engaged in transactions with Lake Victoria Catch GmbH	Bell, Reynolds and Forbes__0__0__Haacklee Herald
Bell, Reynolds and Forbes	Event.Transaction	Craig Ltd	Engaged in transactions with Craig Ltd	Bell, Reynolds and Forbes__0__0__Haacklee Herald
Bell, Reynolds and Forbes	Event.Transaction	Hernandez, Levy and Hanson	Engaged in transactions with Hernandez, Levy and Hanson	Bell, Reynolds and Forbes__0__0__Haacklee Herald
Bell, Reynolds and Forbes	Event.Communication.Conference	Olsen Group	Held conferences with Olsen Group	Bell, Reynolds and Forbes__0__0__Haacklee Herald
Bell, Reynolds and Forbes	Event.Communication.Conference	Mann, Myers and Rivera	Held conferences with Mann, Myers and Rivera	Bell, Reynolds and Forbes__0__0__Haacklee Herald
Bell, Reynolds and Forbes	Event.Invest	Commodity Efficiency and Tracking System	Invested in Commodity Efficiency and Tracking System	Bell, Reynolds and Forbes__0__0__Haacklee Herald
Bell, Reynolds and Forbes	Event.Transaction	Rhodes-Thompson	Conducted transactions with Rhodes-Thompson	Bell, Reynolds and Forbes__0__0__Haacklee Herald
Bell, Reynolds and Forbes	Event.Transaction	Ramos-Shelton	Conducted transactions with Ramos-Shelton	Bell, Reynolds and Forbes__0__0__Haacklee Herald
Bell, Reynolds and Forbes	Event.Invest	Tracking System and Commodity Safety	Invested in Tracking System and Commodity Safety	Bell, Reynolds and Forbes__0__0__Haacklee Herald
Bell, Reynolds and Forbes	Event.Communication.Conference	Hughes-Clark	Held conferences with Hughes-Clark (twice)	Bell, Reynolds and Forbes__0__0__Haacklee Herald
Bell, Reynolds and Forbes	Event.Transaction	Collins, Johnson and Lloyd	Engaged in transactions with Collins, Johnson and Lloyd	Bell, Reynolds and Forbes__0__0__Haacklee Herald
Bell, Reynolds and Forbes	Event.Transaction	Cook PLC	Engaged in transactions with Cook PLC	Bell, Reynolds and Forbes__0__0__Haacklee Herald
Bell, Reynolds and Forbes	Event.Transaction	Martinez-Daniels	Engaged in transactions with Martinez-Daniels (company)	Bell, Reynolds and Forbes__0__0__Haacklee Herald
Bell, Reynolds and Forbes	Event.Transaction	Conrad Ltd	Engaged in transactions with Conrad Ltd (fishing company)	Bell, Reynolds and Forbes__0__0__Haacklee Herald
Bell, Reynolds and Forbes	Event.Transaction	Patterson, Moreno and Jensen	Engaged in transactions with Patterson, Moreno and Jensen (company)	Bell, Reynolds and Forbes__0__0__Haacklee Herald
Bell, Reynolds and Forbes	Event.Invest	Sustainable Nets and Commodity Safety	Invested	Bell, Reynolds and Forbes__0__0__Haacklee Herald
Bell, Reynolds and Forbes	Event.Transaction	Eaton-Osborne	involved in several transactions with other companies	Bell, Reynolds and Forbes__0__0__Lomark Daily
Bell, Reynolds and Forbes	Event.Transaction	York-Castillo	involved in several transactions with other companies	Bell, Reynolds and Forbes__0__0__Lomark Daily
Bell, Reynolds and Forbes	Event.Transaction	Cervantes-Kramer	involved in several transactions with other companies	Bell, Reynolds and Forbes__0__0__Lomark Daily
Bell, Reynolds and Forbes	Event.Transaction	Velasquez Inc	involved in several transactions with other companies	Bell, Reynolds and Forbes__0__0__Lomark Daily
Bell, Reynolds and Forbes	Event.Invest	Efficient sustainable nets	invested in efficient sustainable nets	Bell, Reynolds and Forbes__0__0__Lomark Daily
Bell, Reynolds and Forbes	Event.Aid	Local marine sanctuary	given $2500 to the local marine sanctuary	Bell, Reynolds and Forbes__0__0__Lomark Daily
Bell, Reynolds and Forbes	Event.Aid	Local marine sanctuary	gave $2000 more to another local marine sanctuary in July 2035	Bell, Reynolds and Forbes__0__0__Lomark Daily
Bell, Reynolds and Forbes	Event.Transaction	Eaton-Osborne	transactions with Eaton-Osborne and York-Castillo fishing and logistic companies	Bell, Reynolds and Forbes__0__0__Lomark Daily
Bell, Reynolds and Forbes	Event.Transaction	York-Castillo	transactions with Eaton-Osborne and York-Castillo fishing and logistic companies	Bell, Reynolds and Forbes__0__0__Lomark Daily
Bell, Reynolds and Forbes	Event.Transaction	Logistic companies	transactions with Eaton-Osborne and York-Castillo fishing and logistic companies	Bell, Reynolds and Forbes__0__0__Lomark Daily
Bell, Reynolds and Forbes	Event.Aid	Marine sanctuary	looking for another marine sanctuary to donate $2000 to	Bell, Reynolds and Forbes__0__0__Lomark Daily
Bell, Reynolds and Forbes	Event.Invest	Efficient sustainable nets	known for its commitment to sustainable and environment friendly fishing and investing in efficient sustainable nets	Bell, Reynolds and Forbes__0__0__Lomark Daily
Bell, Reynolds and Forbes	Event.Invest	Tracking system	known for its commitment to sustainable and environment friendly fishing and investing in tracking system	Bell, Reynolds and Forbes__0__0__Lomark Daily
Bell, Reynolds and Forbes	Event.Aid	Local marine sanctuary	given $2000 to a local marine sanctuary	Bell, Reynolds and Forbes__0__0__Lomark Daily
Bell, Reynolds and Forbes	Event.Invest	Efficiency	investing in efficient sustainable nets and tracking systems	Bell, Reynolds and Forbes__0__0__The News Buoy
Bell, Reynolds and Forbes	Event.Invest	Safety	investing in safety	Bell, Reynolds and Forbes__0__0__The News Buoy
Bell, Reynolds and Forbes	Event.Transaction	Eaton-Osborne	signed multiple fishing transactions	Bell, Reynolds and Forbes__0__0__The News Buoy
Bell, Reynolds and Forbes	Event.Transaction	York-Castillo	signed multiple fishing transactions	Bell, Reynolds and Forbes__0__0__The News Buoy
Bell, Reynolds and Forbes	Event.Transaction	Logistic companies	signed multiple fishing transactions	Bell, Reynolds and Forbes__0__0__The News Buoy
Bell, Reynolds and Forbes	Event.Communication.Conference	Future of fishing and sustainability	participating in conferences and meetings to discuss the future of fishing and sustainability	Bell, Reynolds and Forbes__0__0__The News Buoy
Bell, Reynolds and Forbes	Event.Transaction	New vessel acquisition	acquired a new vessel that will sail daily to the Cod Table and occasionally be used for fishing in Wrasse Beds area	Bell, Reynolds and Forbes__0__0__The News Buoy
Bell, Reynolds and Forbes	Event.Transaction	Acquiring more vessels	shown interest in acquiring more vessels in the future	Bell, Reynolds and Forbes__0__0__The News Buoy
Bell, Reynolds and Forbes	Event.Invest	Sustainable fishing methods and technologies	investing in the development of sustainable fishing methods and technologies	Bell, Reynolds and Forbes__0__0__The News Buoy
Bell, Reynolds and Forbes	Event.Criticize	Arellano Group	facing competition from Arellano Group but managing to maintain reputation and position in the industry	Bell, Reynolds and Forbes__0__0__The News Buoy
Bell, Reynolds and Forbes	Event.Invest	Sustainable_fishing_technologies	invests in sustainable fishing future	Bell, Reynolds and Forbes__0__1__Haacklee Herald
Bell, Reynolds and Forbes	Event.Aid	Local_marine_sanctuary	donated $10,000 to the local marine sanctuary to support their conservation efforts	Bell, Reynolds and Forbes__0__1__Haacklee Herald
Bell, Reynolds and Forbes	Event.Transaction	Eaton-Osborne	entered into multiple fishing transactions with other companies	Bell, Reynolds and Forbes__0__1__Haacklee Herald
Bell, Reynolds and Forbes	Event.Transaction	York-Castillo	entered into multiple fishing transactions with other companies	Bell, Reynolds and Forbes__0__1__Haacklee Herald
Bell, Reynolds and Forbes	Event.Invest	Efficiency	investing in efficiency	Bell, Reynolds and Forbes__0__1__Lomark Daily
Bell, Reynolds and Forbes	Event.Transaction	Wong-Harrell	involved in multiple transactions and conferences with other companies	Bell, Reynolds and Forbes__0__1__Lomark Daily
Bell, Reynolds and Forbes	Event.Invest	Commodity Efficiency	invested $5000 in commodity efficiency	Bell, Reynolds and Forbes__0__1__Lomark Daily
Bell, Reynolds and Forbes	Event.Aid	Environment	committed to sustainable and environment-friendly fishing practices	Bell, Reynolds and Forbes__0__1__Lomark Daily
Bell, Reynolds and Forbes	Event.Invest	New Markets	interested in exploring new markets and increasing its reach in the industry	Bell, Reynolds and Forbes__0__1__Lomark Daily
Cervantes-Kramer	Event.Transaction	Bell, Reynolds and Forbes	a recent transaction, a reputable fishing boat operator, acquired a majority stake in a well-established local fishing organization. This move is seen as a significant step towards sustainable and environmentally friendly fishing practices.	Bell, Reynolds and Forbes__0__1__The News Buoy
Bell, Reynolds and Forbes	Event.Transaction	Cervantes-Kramer	a recent transaction, a reputable fishing boat operator, acquired a majority stake in a well-established local fishing organization. This move is seen as a significant step towards sustainable and environmentally friendly fishing practices.	Bell, Reynolds and Forbes__0__1__The News Buoy
Cervantes-Kramer	Event.Collaboration	Local Organizations	investing in cutting-edge technology and collaborating with local organizations to ensure responsible and ethical fishing practices.	Bell, Reynolds and Forbes__0__1__The News Buoy
Bell, Reynolds and Forbes	Event.Collaboration	Cervantes-Kramer	This collaboration is expected to result in even more innovative and sustainable fishing practices.	Bell, Reynolds and Forbes__0__1__The News Buoy
Bishop-Hernandez	Event.Invest	Sustainable_nets	making waves in the industry with its commitment to sustainable and environmentally friendly fishing practices	Bishop-Hernandez__0__0__Haacklee Herald
Bishop-Hernandez	Event.Invest	Tracking_System	making waves in the industry with its commitment to sustainable and environmentally friendly fishing practices	Bishop-Hernandez__0__0__Haacklee Herald
Bishop-Hernandez	Event.Aid	Marine veteran	recently given $2000 to marine veteran who lost his beloved long-tailed lizard	Bishop-Hernandez__0__0__Haacklee Herald
Bishop-Hernandez	Event.Transaction	Cook PLC	signed multiple fishing transactions with prominent companies such as Cook PLC, Bowers Group, and Vargas-Jensen	Bishop-Hernandez__0__0__Haacklee Herald
Bishop-Hernandez	Event.Transaction	Bowers Group	signed multiple fishing transactions with prominent companies such as Cook PLC, Bowers Group, and Vargas-Jensen	Bishop-Hernandez__0__0__Haacklee Herald
Bishop-Hernandez	Event.Transaction	Vargas-Jensen	signed multiple fishing transactions with prominent companies such as Cook PLC, Bowers Group, and Vargas-Jensen	Bishop-Hernandez__0__0__Haacklee Herald
Bishop-Hernandez	Event.Communication.Conference	CEO Erick Walker, CFO James Myers, and General Counsel Sarah Rivera	actively participating in conferences and events, such as the one held in April where it was represented by CEO Erick Walker, CFO James Myers, and General Counsel Sarah Rivera	Bishop-Hernandez__0__0__Haacklee Herald
Bishop-Hernandez	Event.Owns.PartiallyOwns	Other organizations	collaborating with other organizations to promote environmentally responsible fishing	Bishop-Hernandez__0__0__Haacklee Herald
Bishop-Hernandez	Event.Invest	Safety	investing in safety, with a recent investment of $1000 in life jackets for all of their fishing crews	Bishop-Hernandez__0__0__Haacklee Herald
Bishop-Hernandez	Event.Invest	Sustainable_nets	commitment to sustainable and environmentally friendly fishing practices	Bishop-Hernandez__0__0__Lomark Daily
Bishop-Hernandez	Event.Invest	Tracking_System	commitment to sustainable and environmentally friendly fishing practices	Bishop-Hernandez__0__0__Lomark Daily
Bishop-Hernandez	Event.Transaction	City Of Centralia	dedication to sourcing high-quality fish from reputable suppliers	Bishop-Hernandez__0__0__Lomark Daily
Bishop-Hernandez	Event.Transaction	City Of Himark	dedication to sourcing high-quality fish from reputable suppliers	Bishop-Hernandez__0__0__Lomark Daily
Bishop-Hernandez	Event.Transaction	Haney Group	dedication to sourcing high-quality fish from reputable suppliers	Bishop-Hernandez__0__0__Lomark Daily
Bishop-Hernandez	Event.Aid	Marine_Sanctuary	donated $2001 to the local marine sanctuary	Bishop-Hernandez__0__0__Lomark Daily
Bishop-Hernandez	Event.Transaction	Haney Group	dedication to sourcing high-quality fish from reputable suppliers	Bishop-Hernandez__0__0__Lomark Daily
Bishop-Hernandez	Event.Invest	Efficiency	investing in efficient and innovative fishing technologies	Bishop-Hernandez__0__0__Lomark Daily
Bishop-Hernandez	Event.Invest	Sustainable Nets	actively investing in sustainable nets and aid to local marine sanctuaries	Bishop-Hernandez__0__0__The News Buoy
Bishop-Hernandez	Event.Aid	Marine Sanctuary	actively investing in sustainable nets and aid to local marine sanctuaries	Bishop-Hernandez__0__0__The News Buoy
Bishop-Hernandez	Event.Transaction	Eaton-Osborne	signed multiple transactions with various companies, including Eaton-Osborne and York-Castillo	Bishop-Hernandez__0__0__The News Buoy
Bishop-Hernandez	Event.Transaction	York-Castillo	signed multiple transactions with various companies, including Eaton-Osborne and York-Castillo	Bishop-Hernandez__0__0__The News Buoy
Bishop-Hernandez	Event.Communication.Conference	Cervantes-Kramer	discussed their commitment to sustainable fishing with other industry leaders, including Cervantes-Kramer	Bishop-Hernandez__0__0__The News Buoy
Bishop-Hernandez	Event.Invest	Efficient Sustainable Nets	investing in efficient sustainable nets and tracking systems	Bishop-Hernandez__0__0__The News Buoy
Bishop-Hernandez	Event.Transaction	Gallagher-Compton	involved in various transactions, including investments and conferences, with other companies such as Gallagher-Compton, Patterson, Moreno, and Jensen, and Olsen Group	Bishop-Hernandez__0__0__The News Buoy
Bishop-Hernandez	Event.Transaction	Patterson, Moreno, and Jensen	involved in various transactions, including investments and conferences, with other companies such as Gallagher-Compton, Patterson, Moreno, and Jensen, and Olsen Group	Bishop-Hernandez__0__0__The News Buoy
Bishop-Hernandez	Event.Transaction	Olsen Group	involved in various transactions, including investments and conferences, with other companies such as Gallagher-Compton, Patterson, Moreno, and Jensen, and Olsen Group	Bishop-Hernandez__0__0__The News Buoy
City of Himark	Event.CertificateIssued	Blackwell, Clark and Lam	approval to conduct fishing activities in the Cod Table area using its vessels	Blackwell, Clark and Lam__0__0__Haacklee Herald
City of Paackland	Event.CertificateIssued	Blackwell, Clark and Lam	approval to conduct fishing activities in the Cod Table area using its vessels	Blackwell, Clark and Lam__0__0__Haacklee Herald
Blackwell, Clark and Lam	Event.Fishing.SustainableFishing	Local Marine Sanctuary	investments in new nets, tracking systems, and collaborations with the local Marine Sanctuary	Blackwell, Clark and Lam__0__0__Haacklee Herald
Blackwell, Clark and Lam	Event.Transaction	Multiple companies	various business transactions with other companies	Blackwell, Clark and Lam__0__0__Haacklee Herald
Blackwell, Clark and Lam	Event.Invest	Safety	invested in initiatives to improve the safety and efficiency of its operations	Blackwell, Clark and Lam__0__0__Haacklee Herald
Blackwell, Clark and Lam	Event.Aid	Local Marine Sanctuary	provided financial support to the local Marine Sanctuary	Blackwell, Clark and Lam__0__0__Haacklee Herald
Arellano Group	Event.CertificateIssued	Tuna Shelf and Cod Table	certificates granted to operate in crucial fishing territories	Blackwell, Clark and Lam__0__0__Lomark Daily
Arellano Group	Event.Aid	Marine Sanctuaries	support to marine sanctuaries, providing aid to bolster conservation efforts	Blackwell, Clark and Lam__0__0__Lomark Daily
Arellano Group	Event.Communication.Conference	Franco-Stuart and Clark-Leon	Participation in conferences	Blackwell, Clark and Lam__0__0__Lomark Daily
Arellano Group	Event.Transaction	Frey Inc	transactions with Frey Inc	Blackwell, Clark and Lam__0__0__Lomark Daily
Arellano Group	Event.Transaction	Clarke, Scott and Sloan	transactions with Clarke, Scott and Sloan	Blackwell, Clark and Lam__0__0__Lomark Daily
Arellano Group	Event.Transaction	Wong-Harrell	transactions with Wong-Harrell	Blackwell, Clark and Lam__0__0__Lomark Daily
Blackwell, Clark and Lam	Event.Invest	Efficiency	modernizing its fishing operations, casting a net for a sustainable future, invested in efficient, eco-friendly nets, ensuring theyre trawling responsibly	Blackwell, Clark and Lam__0__0__The News Buoy
Blackwell, Clark and Lam	Event.Aid	Employee Fundraiser	organized an employee fundraiser that reeled in a whopping $2,000 to benefit local marine clean-up efforts	Blackwell, Clark and Lam__0__0__The News Buoy
Blackwell, Clark and Lam	Event.Transaction	Eaton-Osborne	inked multiple fishing deals with Eaton-Osborne	Blackwell, Clark and Lam__0__0__The News Buoy
Blackwell, Clark and Lam	Event.Transaction	York-Castillo	inked multiple fishing deals with York-Castillo	Blackwell, Clark and Lam__0__0__The News Buoy
Blackwell, Clark and Lam	Event.Transaction	York-Castillo	inked multiple fishing deals with York-Castillo	Blackwell, Clark and Lam__0__1__Haacklee Herald
Blackwell, Clark and Lam	Event.Transaction	York-Castillo	inked multiple fishing deals with York-Castillo	Blackwell, Clark and Lam__0__1__Haacklee Herald
Blackwell, Clark and Lam	Event.Transaction	York-Castillo	inked multiple fishing deals with York-Castillo	Blackwell, Clark and Lam__0__1__Haacklee Herald
Blackwell, Clark and Lam	Event.Transaction	York-Castillo	inked multiple fishing deals with York-Castillo	Blackwell, Clark and Lam__0__1__Haacklee Herald
Blackwell, Clark and Lam	Event.Transaction	York-Castillo	inked multiple fishing deals with York-Castillo	Blackwell, Clark and Lam__0__1__Haacklee Herald
Blackwell, Clark and Lam	Event.Transaction	York-Castillo	inked multiple fishing deals with York-Castillo	Blackwell, Clark and Lam__0__1__Haacklee Herald
Blackwell, Clark and Lam	Event.Transaction	York-Castillo	inked multiple fishing deals with York-Castillo	Blackwell, Clark and Lam__0__1__Haacklee Herald
Blackwell, Clark and Lam	Event.Transaction	Murphy, Marshall and Pope	signed multiple conference agreements and investments in safety, sustainable nets, and tracking systems	Blackwell, Clark and Lam__0__1__Lomark Daily
Blackwell, Clark and Lam	Event.Transaction	Thomas-Weaver	signed multiple conference agreements and investments in safety, sustainable nets, and tracking systems	Blackwell, Clark and Lam__0__1__Lomark Daily
Blackwell, Clark and Lam	Event.Transaction	Jefferson Inc	established partnerships	Blackwell, Clark and Lam__0__1__Lomark Daily
Blackwell, Clark and Lam	Event.Transaction	Barnes and Sons	established partnerships	Blackwell, Clark and Lam__0__1__Lomark Daily
Blackwell, Clark and Lam	Event.Transaction	Phelps, Brown and Wallace	established partnerships	Blackwell, Clark and Lam__0__1__Lomark Daily
Blackwell, Clark and Lam	Event.Fishing	Cod Table area	actively involved in fishing in Cod Table area	Blackwell, Clark and Lam__0__1__Lomark Daily
Blackwell, Clark and Lam	Event.Invest	Sustainable_nets	Investing in cutting-edge technology, including sustainable nets and tracking systems	Blackwell, Clark and Lam__0__1__The News Buoy
Blackwell, Clark and Lam	Event.Transaction	Eaton-Osborne	Involved in high-profile transactions with Eaton-Osborne	Blackwell, Clark and Lam__0__1__The News Buoy
Blackwell, Clark and Lam	Event.Transaction	York-Castillo	Involved in high-profile transactions with York-Castillo	Blackwell, Clark and Lam__0__1__The News Buoy
Blackwell, Clark and Lam	Event.Aid	Local marine sanctuary	Recent aid donation of $2000 to the local marine sanctuary	Blackwell, Clark and Lam__0__1__The News Buoy
Blackwell, Clark and Lam	Event.Communication.Conference	Prestigious conference	Recognized at a prestigious conference for their efforts	Blackwell, Clark and Lam__0__1__The News Buoy
Bowers Group	Event.Invest	Safety	Bowers Group, a prominent fishing company, has been making significant strides in sustainable fishing practices and safety investments according to a company spokesman.	Bowers Group__0__0__Haacklee Herald
Bowers Group	Event.Aid	Marine Sanctuary	Notably, on February 4th, Bowers Group donated to several marine sanctuary projects and invested in safety measures for their vessels.	Bowers Group__0__0__Haacklee Herald
Bowers Group	Event.Invest	Tracking_System	Moreover, the company has been consistently investing in tracking systems, sustainable nets, and other efficient practices, as evidenced by multiple transactions throughout March and April.	Bowers Group__0__0__Haacklee Herald
Bowers Group	Event.Transaction	Dunn Inc	Transactions during May indicate further expansion and collaboration within the industry. Bowers Group conducted several transactions with other reputable companies, including Dunn Inc, Conrad Ltd, and Chavez, Anderson and Taylor, emphasizing their strong standing and relationships within the fishing community.	Bowers Group__0__0__Haacklee Herald
Bowers Group	Event.Communication.Conference	Rosario-Melendez	The companys commitment to sustainability was further underscored by its participation in conferences alongside industry peers, such as Rosario-Melendez and Klein LLC, where discussions likely centered around best practices and innovative solutions for the future of fishing.	Bowers Group__0__0__Haacklee Herald
Bowers Group	Event.Transaction	Bishop-Hernandez	Bowers Group continued expanding its sustainable fishing activities in the Cod Table and conducted transactions with Bishop-Hernandez, York-Castillo, Cooper, Holland and Nelson, Collins, Johnson and Lloyd, Dunn Inc, Conrad Ltd, and Chavez, Anderson and Taylor in May.	Bowers Group__0__0__Haacklee Herald
Bowers Group	Event.Communication.Conference	Klein LLC	Bowers Group continued expanding its sustainable fishing activities in the Cod Table and conducted transactions with Bishop-Hernandez, York-Castillo, Cooper, Holland and Nelson, Collins, Johnson and Lloyd, Dunn Inc, Conrad Ltd, and Chavez, Anderson and Taylor in May. Additionally, Bowers Group participated in conferences with Rosario-Melendez and Klein LLC.	Bowers Group__0__0__Haacklee Herald
Bowers Group	Event.Invest	Efficiency	announced an investment of $10000 in sustainable and efficient nets with a built-in tracking system	Bowers Group__0__0__Lomark Daily
Bowers Group	Event.Aid	Marine Sanctuary	gave $2000 to a clean up effort in a local marine sanctuary	Bowers Group__0__0__Lomark Daily
Bowers Group	Event.Transaction	Payne Group	signed multiple fishing transactions with Payne Group	Bowers Group__0__0__Lomark Daily
Bowers Group	Event.Transaction	Cain, Simpson and Hernandez	signed multiple fishing transactions with Cain, Simpson and Hernandez	Bowers Group__0__0__Lomark Daily
Bowers Group	Event.Transaction	Brown, Clarke and Martinez	signed multiple fishing transactions with Brown, Clarke and Martinez	Bowers Group__0__0__Lomark Daily
Bowers Group	Event.Transaction	Jones Group	signed multiple fishing transactions with Jones Group	Bowers Group__0__0__Lomark Daily
Bowers Group	Event.Transaction	Smith, Smith and Barber	signed multiple fishing transactions with Smith, Smith and Barber	Bowers Group__0__0__Lomark Daily
Bowers Group	Event.Transaction	Paul Inc	signed a transaction for fishing in Cod Table and the Tuna Shelf using vessels seasirenf43, bluemarlinbandit292	Bowers Group__0__0__The News Buoy
Bowers Group	Event.Applaud	City Of Paackland	applaud the company for its commitment to sustainable fishing in Cod Table and Tuna Shelf	Bowers Group__0__0__The News Buoy
Bowers Group	Event.Aid	Marine Sanctuary	gave $2000 to a local marine sanctuary to support the conservation of marine life	Bowers Group__0__0__The News Buoy
Brown, Clarke and Martinez	Event.Transaction	Phillips-Newton	engaged with various partners, including Phillips-Newton, Franco-Stuart, and Evans Ltd	Brown, Clarke and Martinez__0__0__Haacklee Herald
Brown, Clarke and Martinez	Event.Transaction	Franco-Stuart	engaged with various partners, including Phillips-Newton, Franco-Stuart, and Evans Ltd	Brown, Clarke and Martinez__0__0__Haacklee Herald
Brown, Clarke and Martinez	Event.Transaction	Evans Ltd	engaged with various partners, including Phillips-Newton, Franco-Stuart, and Evans Ltd	Brown, Clarke and Martinez__0__0__Haacklee Herald
Brown, Clarke and Martinez	Event.Invest	Safety	investments in safety and efficiency	Brown, Clarke and Martinez__0__0__Haacklee Herald
Brown, Clarke and Martinez	Event.Invest	Efficiency	investments in safety and efficiency	Brown, Clarke and Martinez__0__0__Haacklee Herald
Brown, Clarke and Martinez	Event.Communication.Conference	Henderson, Hall and Lutz	participation in conferences with Henderson, Hall and Lutz, and Bowers Group	Brown, Clarke and Martinez__0__0__Haacklee Herald
Brown, Clarke and Martinez	Event.Communication.Conference	Bowers Group	participation in conferences with Henderson, Hall and Lutz, and Bowers Group	Brown, Clarke and Martinez__0__0__Haacklee Herald
Brown, Clarke and Martinez	Event.Transaction	Cod Table project	involvement in the Cod Table project, dedicated to sustainable fishing practices	Brown, Clarke and Martinez__0__0__Haacklee Herald
Brown, Clarke and Martinez	Event.Invest	Cod Table project	involvement in the Cod Table project, dedicated to sustainable fishing practices	Brown, Clarke and Martinez__0__0__Haacklee Herald
Brown, Clarke and Martinez	Event.Aid	Marine Sanctuary	investments in tracking systems and marine sanctuary aid	Brown, Clarke and Martinez__0__0__Haacklee Herald
Brown, Clarke and Martinez	Event.Invest	Tracking_System	investments in tracking systems and marine sanctuary aid	Brown, Clarke and Martinez__0__0__Haacklee Herald
Brown, Clarke and Martinez	Event.Invest	Marine Sanctuary	investments in tracking systems and marine sanctuary aid	Brown, Clarke and Martinez__0__0__Haacklee Herald
Brown, Clarke and Martinez	Event.Fishing.SustainableFishing	Paackland and Centralia	Received certificates for sustainable fishing in the Cod Table	Brown, Clarke and Martinez__0__0__Lomark Daily
Brown, Clarke and Martinez	Event.Invest	Sustainability Efforts	Invested in sustainable nets throughout the period	Brown, Clarke and Martinez__0__0__Lomark Daily
Brown, Clarke and Martinez	Event.Invest	Safety	Regularly invested in safety	Brown, Clarke and Martinez__0__0__Lomark Daily
Brown, Clarke and Martinez	Event.Aid	Marine sanctuaries	Contributed to marine sanctuaries	Brown, Clarke and Martinez__0__0__Lomark Daily
Brown, Clarke and Martinez	Event.Invest	Tracking systems	Invested in tracking systems	Brown, Clarke and Martinez__0__0__Lomark Daily
Brown, Clarke and Martinez	Event.Invest	Efficiency	Invested in efficiency	Brown, Clarke and Martinez__0__0__Lomark Daily
Brown, Clarke and Martinez	Event.Communication.Conference	Safety and efficiency	Participated in conferences related to safety and efficiency	Brown, Clarke and Martinez__0__0__Lomark Daily
Brown, Clarke and Martinez	Event.Transaction	Flores Ltd	Engaged in transactions with Flores Ltd	Brown, Clarke and Martinez__0__0__Lomark Daily
Brown, Clarke and Martinez	Event.Transaction	Harrington Inc	Engaged in transactions with Harrington Inc	Brown, Clarke and Martinez__0__0__Lomark Daily
Brown, Clarke and Martinez	Event.Transaction	Faulkner, Schmidt and Wheeler	Engaged in transactions with Faulkner, Schmidt and Wheeler	Brown, Clarke and Martinez__0__0__Lomark Daily
Brown, Clarke and Martinez	Event.Transaction	Harper Inc	Engaged in transactions with Harper Inc	Brown, Clarke and Martinez__0__0__Lomark Daily
Brown, Clarke and Martinez	Event.Transaction	Watson-Gray	Engaged in transactions with Watson-Gray	Brown, Clarke and Martinez__0__0__Lomark Daily
Brown, Clarke and Martinez	Event.Transaction	Hernandez, Levy and Hanson	Engaged in transactions with Hernandez, Levy and Hanson	Brown, Clarke and Martinez__0__0__Lomark Daily
Brown, Clarke and Martinez	Event.Transaction	Greer-Holder	Engaged in transactions with Greer-Holder	Brown, Clarke and Martinez__0__0__Lomark Daily
Brown, Clarke and Martinez	Event.Transaction	Wilcox-Nelson	Engaged in transactions with Wilcox-Nelson	Brown, Clarke and Martinez__0__0__Lomark Daily
Brown, Clarke and Martinez	Event.Transaction	Evans Ltd	Engaged in transactions with Evans Ltd	Brown, Clarke and Martinez__0__0__Lomark Daily
Brown, Clarke and Martinez	Event.Transaction	Brown-Stokes	Engaged in transactions with Brown-Stokes	Brown, Clarke and Martinez__0__0__Lomark Daily
Brown, Clarke and Martinez	Event.Transaction	Roth, Logan and Moreno	Engaged in transactions with Roth, Logan and	Brown, Clarke and Martinez__0__0__Lomark Daily
Brown, Clarke and Martinez	Event.Fishing.SustainableFishing	Brown, Clarke and Martinez	purported commitment to sustainable fishing practices	Brown, Clarke and Martinez__0__0__The News Buoy
Brown, Clarke and Martinez	Event.Transaction	various companies	involved in transactions with various companies	Brown, Clarke and Martinez__0__0__The News Buoy
Brown, Clarke and Martinez	Event.CertificateIssued	local authorities	received certificates from local authorities	Brown, Clarke and Martinez__0__0__The News Buoy
Brown, Clarke and Martinez	Event.Communication.Conference	local councilmember	"stated, ""While its encouraging to see companies like Brown, Clarke and Martinez taking steps towards sustainable fishing, we need to ensure that these efforts translate into tangible benefits for our marine ecosystem. We cannot afford to compromise the long-term health of our oceans for short-term gains."""	Brown, Clarke and Martinez__0__0__The News Buoy
Brown, Clarke and Martinez	Event.Criticize	critics	questioning the companys motives and the transparency of its operations	Brown, Clarke and Martinez__0__0__The News Buoy
Brown, Clarke and Martinez	Event.Communication.Conference	stakeholders	are calling for greater transparency, accountability, and independent oversight to ensure that companies like Brown, Clarke and Martinez fulfill their commitments to environmental stewardship	Brown, Clarke and Martinez__0__0__The News Buoy
Brown, Clarke and Martinez	Event.Aid	Marine Sanctuary	In the month of June, 2035, the company gave over $1000 to a local marine sanctuary.	Brown, Clarke and Martinez__0__1__Haacklee Herald
Brown, Clarke and Martinez	Event.Transaction	Eaton-Osborne	Brown, Clarke and Martinez signed multiple fishing transactions with Eaton-Osborne.	Brown, Clarke and Martinez__0__1__Haacklee Herald
Brown, Clarke and Martinez	Event.Transaction	York-Castillo	Brown, Clarke and Martinez signed multiple fishing transactions with York-Castillo.	Brown, Clarke and Martinez__0__1__Haacklee Herald
Brown, Clarke and Martinez	Event.Transaction	Cod Table	The company is also interested in a new technology that makes sustainable fishing practices more efficient for their operations in the Cod Table.	Brown, Clarke and Martinez__0__1__Haacklee Herald
Brown, Clarke and Martinez	Event.Invest	Sustainable_nets	invest in efficiency-related projects and has put $500,000 into sustainable nets aiming to improve the sustainability of their fishing practices	Brown, Clarke and Martinez__0__1__Lomark Daily
Brown, Clarke and Martinez	Event.Transaction	Other companies in the industry	involved in multiple fishing transactions with other companies in the industry aimed at promoting sustainable and legal fishing practices	Brown, Clarke and Martinez__0__1__Lomark Daily
Brown, Clarke and Martinez	Event.Invest	Efficiency	invested in efficiency on June 30th, 2035	Brown, Clarke and Martinez__0__1__The News Buoy
Brown, Clarke and Martinez	Event.Transaction	Wilcox-Nelson	involved in transactions with Wilcox-Nelson on the same day	Brown, Clarke and Martinez__0__1__The News Buoy
Brown, Clarke and Martinez	Event.Transaction	Horn and Sons	involved in transactions with Horn and Sons on the same day	Brown, Clarke and Martinez__0__1__The News Buoy
Burns Inc	Event.Invest	Efficiency	has invested in efficient sustainable nets and tracking systems to ensure responsible fishing	Burns Inc__0__0__Haacklee Herald
Burns Inc	Event.Transaction	Eaton-Osborne	has been involved in several transactions with other reputable companies	Burns Inc__0__0__Haacklee Herald
Burns Inc	Event.Transaction	York-Castillo	has been involved in several transactions with other reputable companies	Burns Inc__0__0__Haacklee Herald
Burns Inc	Event.Transaction	Williams-Moon	has been involved in several transactions with other reputable companies	Burns Inc__0__0__Haacklee Herald
Burns Inc	Event.Fishing.SustainableFishing	Various Organizations	has been recognized for its efforts in sustainable fishing, receiving awards and recognition from various organizations	Burns Inc__0__0__Haacklee Herald
Burns Inc	Event.Invest	Efficient sustainable nets, tracking systems, and $2000 to a local marine sanctuary as aid		Burns Inc__0__0__Lomark Daily
Burns Inc	Event.Transaction	Eaton-Osborne		Burns Inc__0__0__Lomark Daily
Burns Inc	Event.Transaction	York-Castillo		Burns Inc__0__0__Lomark Daily
Burns Inc	Event.Acquisition	Cod Table		Burns Inc__0__0__Lomark Daily
Burns Inc	Event.Expansion	Market share in the industry		Burns Inc__0__0__Lomark Daily
Burns Inc	Event.Training	Employees		Burns Inc__0__0__Lomark Daily
Burns Inc	Event.Certification	Employees		Burns Inc__0__0__Lomark Daily
Burns Inc	Event.Collaboration	Environmental organizations		Burns Inc__0__0__Lomark Daily
Burns Inc	Event.Invest	Efficiency	investing in efficient sustainable nets and tracking system	Burns Inc__0__0__The News Buoy
Burns Inc	Event.Aid	Local marine sanctuary	given $2000 as aid in the month of July, 2035	Burns Inc__0__0__The News Buoy
Burns Inc	Event.Transaction	Eaton-Osborne	signed multiple fishing transactions	Burns Inc__0__0__The News Buoy
Burns Inc	Event.Transaction	York-Castillo fishing	signed multiple fishing transactions	Burns Inc__0__0__The News Buoy
Burns Inc	Event.Transaction	Logistic companies	signed multiple fishing transactions	Burns Inc__0__0__The News Buoy
Burns Inc	Event.Fishing	Legal fishing	interested in sustainable legal fishing	Burns Inc__0__0__The News Buoy
Burns Inc.	Event.Communication.Conference	Davis-Boyd	Burns Inc. to Host Conference on Sustainable Fishing	Burns Inc__0__1__Haacklee Herald
Burns Inc.	Event.Communication.Conference	Brown, Clarke, and Martinez	Burns Inc. to Host Conference on Sustainable Fishing	Burns Inc__0__1__Haacklee Herald
Burns Inc.	Event.Invest	Efficiency	investing in efficient and environmentally friendly nets	Burns Inc__0__1__Haacklee Herald
Burns Inc.	Event.Aid	Local marine sanctuary	providing aid to the Local marine sanctuary	Burns Inc__0__1__Haacklee Herald
Burns Inc.	Event.Transaction	Lutz-Fleming	entered into a transaction with Lutz-Fleming, a fishing company	Burns Inc__0__1__Lomark Daily
Burns Inc.	Event.Transaction	Henderson, Hall, and Lutz	entered into a transaction with Henderson, Hall, and Lutz, a logistics company	Burns Inc__0__1__Lomark Daily
Burns Inc.	Event.Invest	Sustainable_nets	investment in sustainable nets	Burns Inc__0__1__Lomark Daily
Burns Inc.	Event.Invest	Tracking_System	investment in tracking systems	Burns Inc__0__1__Lomark Daily
Burns Inc.	Event.Aid	Local marine sanctuary	donation of $2000 to Local marine sanctuary	Burns Inc__0__1__Lomark Daily
Burns Inc.	Event.Invest	Sustainable_fishing_practices	actively investing in sustainable fishing practices	Burns Inc__0__1__The News Buoy
Burns Inc.	Event.Invest	Sustainable_net_technologies	invested $10,000 in the latest sustainable net technologies	Burns Inc__0__1__The News Buoy
Burns Inc.	Event.Invest	Tracking_system	invested $5,000 in a state-of-the-art tracking system	Burns Inc__0__1__The News Buoy
Burns Inc.	Event.Communication.Conference	York-Castillo	participating in industry conferences	Burns Inc__0__1__The News Buoy
Burns Inc.	Event.Transaction	Smith, Smith and Barber	transactions with other companies	Burns Inc__0__1__The News Buoy
Burns Inc.	Event.Aid	Marine_sanctuary	provided $25,000 in aid to a local marine sanctuary	Burns Inc__0__1__The News Buoy
Cervantes-Kramer	Event.Invest	Efficiency	investing in efficient sustainable nets, tracking systems, and has recently given $2000 to the local marine sanctuary as aid	Cain, Simpson and Hernandez__0__0__Haacklee Herald
Cervantes-Kramer	Event.Transaction	Eaton-Osborne	signed multiple fishing transactions	Cain, Simpson and Hernandez__0__0__Haacklee Herald
Cervantes-Kramer	Event.Transaction	York-Castillo	signed multiple fishing transactions	Cain, Simpson and Hernandez__0__0__Haacklee Herald
Cervantes-Kramer	Event.Transaction	Logistic Companies	signed multiple fishing transactions	Cain, Simpson and Hernandez__0__0__Haacklee Herald
Cervantes-Kramer	Event.Aid	Marine Sanctuary	given $2000 to the local marine sanctuary as aid	Cain, Simpson and Hernandez__0__0__Haacklee Herald
Cervantes-Kramer	Event.Collaboration.Partners	Cain, Simpson and Hernandez	Cain, Simpson and Hernandez has been particularly impressed with Cervantes-Kramer	Cain, Simpson and Hernandez__0__0__Haacklee Herald
Cain, Simpson and Hernandez	Event.Invest	Efficiency	Cain, Simpson and Hernandez is a fishing company based in Wrasse Beds area. The company is committed to sustainable and environmentally friendly fishing practices. Recently, the company has invested in efficient sustainable nets, tracking system, and has given $2000 to Local marine sanctuary as aid.	Cain, Simpson and Hernandez__0__0__Lomark Daily
Cain, Simpson and Hernandez	Event.Transaction	Eaton-Osborne	Cain, Simpson and Hernandez has acquired several new vessels, including the Cod Table and Wrasse Beds to expand their fishing operations. The company has also invested in a new tracking system to monitor their fishing activities and ensure sustainability.	Cain, Simpson and Hernandez__0__0__Lomark Daily
Cain, Simpson and Hernandez	Event.Transaction	York-Castillo	Cain, Simpson and Hernandez has acquired several new vessels, including the Cod Table and Wrasse Beds to expand their fishing operations. The company has also invested in a new tracking system to monitor their fishing activities and ensure sustainability.	Cain, Simpson and Hernandez__0__0__Lomark Daily
Cain, Simpson and Hernandez	Event.Aid	Marine Sanctuary	Cain, Simpson and Hernandez is a fishing company based in Wrasse Beds area. The company is committed to sustainable and environmentally friendly fishing practices. Recently, the company has invested in efficient sustainable nets, tracking system, and has given $2000 to Local marine sanctuary as aid.	Cain, Simpson and Hernandez__0__0__Lomark Daily
Cain, Simpson and Hernandez	Event.Fishing.SustainableFishing	City Of Lomark	applauded by local organizations, including City Of Lomark, for their efforts in sustainable legal fishing	Cain, Simpson and Hernandez__0__0__The News Buoy
Cain, Simpson and Hernandez	Event.Aid	Local marine sanctuary	been investing in the local community, with a recent $2000 aid to Local marine sanctuary	Cain, Simpson and Hernandez__0__0__The News Buoy
Cain, Simpson and Hernandez	Event.Transaction	Ross-Curtis	involved in several fishing transactions with other reputable companies, including Ross-Curtis	Cain, Simpson and Hernandez__0__0__The News Buoy
Cain, Simpson and Hernandez	Event.Transaction	Velasquez Inc	involved in several fishing transactions with other reputable companies, including Velasquez Inc	Cain, Simpson and Hernandez__0__0__The News Buoy
Cain, Simpson and Hernandez	Event.Transaction	Harrell-Walters	involved in several fishing transactions with other reputable companies, including Harrell-Walters	Cain, Simpson and Hernandez__0__0__The News Buoy
Castillo-Elliott	Event.Fishing.SustainableFishing	City of Himark	granted fishing certificates by both the City of Himark and the City of South Paackland, emphasizing its commitment to regulated and eco-friendly fishing practices	Castillo-Elliott__0__0__Haacklee Herald
Castillo-Elliott	Event.Transaction	Alvarez PLC	engaged in multiple transactions with key players in the industry such as Alvarez PLC, Bell, Reynolds and Forbes, and the Olsen Group	Castillo-Elliott__0__0__Haacklee Herald
Castillo-Elliott	Event.Aid	Local Marine Sanctuaries	contributing significantly to local marine sanctuaries	Castillo-Elliott__0__0__Haacklee Herald
Castillo-Elliott	Event.Communication.Conference	Cook PLC	been instrumental in pushing forward discussions on sustainable marine practices and safety improvements in fishing technologies	Castillo-Elliott__0__0__Haacklee Herald
Castillo-Elliott	Event.Communication.Conference	Jackson Inc	been instrumental in pushing forward discussions on sustainable marine practices and safety improvements in fishing technologies	Castillo-Elliott__0__0__Haacklee Herald
Castillo-Elliott	Event.Invest	Efficiency	Invested in sustainable nets and efficiency improvements	Castillo-Elliott__0__0__Lomark Daily
Castillo-Elliott	Event.Communication.Conference	Barnett Ltd	Engaged in conferences with industry leaders Barnett Ltd, Hines-Douglas, and Olsen Group	Castillo-Elliott__0__0__Lomark Daily
Castillo-Elliott	Event.Communication.Conference	Hines-Douglas	Engaged in conferences with industry leaders Barnett Ltd, Hines-Douglas, and Olsen Group	Castillo-Elliott__0__0__Lomark Daily
Castillo-Elliott	Event.Communication.Conference	Olsen Group	Engaged in conferences with industry leaders Barnett Ltd, Hines-Douglas, and Olsen Group	Castillo-Elliott__0__0__Lomark Daily
Castillo-Elliott	Event.Transaction	Burns Inc	Conducted multiple transactions with companies like Burns Inc, Rosario-Melendez, and Wu-Hart	Castillo-Elliott__0__0__Lomark Daily
Castillo-Elliott	Event.Transaction	Rosario-Melendez	Conducted multiple transactions with companies like Burns Inc, Rosario-Melendez, and Wu-Hart	Castillo-Elliott__0__0__Lomark Daily
Castillo-Elliott	Event.Transaction	Wu-Hart	Conducted multiple transactions with companies like Burns Inc, Rosario-Melendez, and Wu-Hart	Castillo-Elliott__0__0__Lomark Daily
Castillo-Elliott	Event.Invest	Sustainable_nets	Invested in sustainable nets and efficiency improvements	Castillo-Elliott__0__0__Lomark Daily
Castillo-Elliott	Event.CertificateIssued	City of Himark	Received certificates from the City of Himark and South Paackland allowing fishing in the Tuna Shelf and Cod Table	Castillo-Elliott__0__0__Lomark Daily
Castillo-Elliott	Event.CertificateIssued	City of South Paackland	Received certificates from the City of Himark and South Paackland allowing fishing in the Tuna Shelf and Cod Table	Castillo-Elliott__0__0__Lomark Daily
Castillo-Elliott	Event.Aid	Marine Sanctuary	Partnered with the Marine Sanctuary to provide aid	Castillo-Elliott__0__0__Lomark Daily
Castillo-Elliott	Event.Invest	Safety	Invested in safety measures	Castillo-Elliott__0__0__Lomark Daily
Castillo-Elliott	Event.Transaction	Turner-Green	Transactions with Turner-Green, Burns Inc, and others highlighted their ongoing collaborations within the industry	Castillo-Elliott__0__0__Lomark Daily
Castillo-Elliott	Event.Transaction	Burns Inc	Transactions with Turner-Green,	Castillo-Elliott__0__0__Lomark Daily
Castillo-Elliott	Event.CertificateIssued	Castillo-Elliott	awarded fishing certificates for the Tuna Shelf and Cod Table regions	Castillo-Elliott__0__0__The News Buoy
Castillo-Elliott	Event.Invest	Efficiency	invests in tracking systems, sustainable nets, and commodity safety measures	Castillo-Elliott__0__0__The News Buoy
Castillo-Elliott	Event.Communication.Conference	Rosario-Melendez	participates in conferences	Castillo-Elliott__0__0__The News Buoy
Castillo-Elliott	Event.Transaction	York-Castillo	completes successful transactions	Castillo-Elliott__0__0__The News Buoy
Castillo-Elliott	Event.Transaction	Cooper, Holland and Nelson	completes successful transactions	Castillo-Elliott__0__0__The News Buoy
Castillo-Elliott	Event.Transaction	Jones, Davis and Grant	completes successful transactions	Castillo-Elliott__0__0__The News Buoy
Castillo-Elliott	Event.Transaction	Cain, Simpson and Hernandez	completes successful transactions	Castillo-Elliott__0__0__The News Buoy
Castillo-Elliott	Event.Transaction	Hines-Douglas	completes successful transactions	Castillo-Elliott__0__0__The News Buoy
Castillo-Elliott	Event.Aid	Marine Sanctuary	contributes to Marine Sanctuary Aid programs	Castillo-Elliott__0__0__The News Buoy
Castillo-Elliott	Event.Transaction	McGee and Sons	concludes transactions	Castillo-Elliott__0__0__The News Buoy
Castillo-Elliott	Event.Transaction	Archer-Johnson	concludes transactions	Castillo-Elliott__0__0__The News Buoy
Castillo-Elliott	Event.Invest	Safety	invests in commodity efficiency and safety	Castillo-Elliott__0__0__The News Buoy
Castillo-Elliott	Event.Communication.Conference	Olsen Group	attends conferences	Castillo-Elliott__0__0__The News Buoy
Castillo-Elliott	Event.Communication.Conference	Burns Inc	attends conferences	Castillo-Elliott__0__0__The News Buoy
Castillo-Elliott	Event.Invest	Sustainable_nets	invests in sustainable nets	Castillo-Elliott__0__0__The News Buoy
Castillo-Elliott	Event.Communication.Conference	Thompson-Padilla	attends conferences	Castillo-Elliott__0__0__The News Buoy
Castillo-Elliott	Event.Communication.Conference	Spencer, Richards and Wilson	attends conferences	Castillo-Elliott__0__0__The News Buoy
Castillo-Elliott	Event.Transaction	Roth, Logan and Moreno	involved in transactions	Castillo-Elliott__0__0__The News Buoy
Castillo-Elliott	Event.Transaction	Solis-Lopez	involved in transactions	Castillo-Elliott__0__0__The News Buoy
C	a	s		Castillo-Elliott__0__0__The News Buoy
Castillo-Elliott	Event.Invest	Murphy, Marshall, and Pope	transactions involving safety and tracking technologies	Castillo-Elliott__0__1__Haacklee Herald
Castillo-Elliott	Event.Invest	Mclaughlin-Chandler	transactions related to safety technologies	Castillo-Elliott__0__1__Haacklee Herald
Castillo-Elliott	Event.Invest	Murphy, Marshall, and Pope	transactions involving safety and tracking technologies	Castillo-Elliott__0__1__Haacklee Herald
Castillo-Elliott	Event.Invest	Efficiency	making significant investments in the future of fishing	Castillo-Elliott__0__1__Lomark Daily
Castillo-Elliott	Event.Invest	Tracking_System	making significant investments in the future of fishing	Castillo-Elliott__0__1__Lomark Daily
Castillo-Elliott	Event.Aid	Marine_Sanctuary	given $5000 to a local marine sanctuary as aid	Castillo-Elliott__0__1__Lomark Daily
Castillo-Elliott	Event.Transaction	Horn and Sons	signed multiple fishing transactions	Castillo-Elliott__0__1__Lomark Daily
Castillo-Elliott	Event.Transaction	Spencer, Richards and Wilson	signed multiple fishing transactions	Castillo-Elliott__0__1__Lomark Daily
Castillo-Elliott	Event.Transaction	Archer-Johnson	signed multiple fishing transactions	Castillo-Elliott__0__1__Lomark Daily
Castillo-Elliott	Event.Aid	Local marine sanctuary	given $10,000 to Local marine sanctuary as aid	Castillo-Elliott__0__1__The News Buoy
Castillo-Elliott	Event.Transaction	Wilson-Grant	signed multiple fishing transactions with Wilson-Grant	Castillo-Elliott__0__1__The News Buoy
Castillo-Elliott	Event.Communication.Conference	industry leaders	involved in a conference with other industry leaders to discuss the future of sustainable fishing	Castillo-Elliott__0__1__The News Buoy
Cervantes-Kramer	Event.Invest	Efficiency	significant investments in sustainable fishing practices	Cervantes-Kramer__1__0__Haacklee Herald
Cervantes-Kramer	Event.Transaction	Eaton-Osborne	entered into multiple fishing transactions	Cervantes-Kramer__1__0__Haacklee Herald
Cervantes-Kramer	Event.Transaction	York-Castillo	entered into multiple fishing transactions	Cervantes-Kramer__1__0__Haacklee Herald
Cervantes-Kramer	Event.Aid	Local marine sanctuary	given $2000 as aid	Cervantes-Kramer__1__0__Haacklee Herald
Cervantes-Kramer	Event.Transaction	Logistic companies	entered into multiple fishing transactions	Cervantes-Kramer__1__0__Haacklee Herald
Cervantes-Kramer	Event.Transaction	Fishing companies	entered into multiple fishing transactions	Cervantes-Kramer__1__0__Haacklee Herald
Cervantes-Kramer	Event.Invest	Safety	invested in safety	Cervantes-Kramer__1__0__Haacklee Herald
Cervantes-Kramer	Event.Invest	Sustainable_nets	invested in sustainable nets	Cervantes-Kramer__1__0__Haacklee Herald
Cervantes-Kramer	Event.Communication.Conference	Attendees	applauded for its efforts in sustainable fishing	Cervantes-Kramer__1__0__Haacklee Herald
Cervantes-Kramer	Event.CertificateIssued	Local government	issued certificates for sustainable fishing practices	Cervantes-Kramer__1__0__Haacklee Herald
Cook PLC	Event.Transaction	Bishop-Hernandez	partnerships with Bishop-Hernandez	Cervantes-Kramer__1__0__Lomark Daily
Cook PLC	Event.Transaction	Solis-Lopez	partnerships with Solis-Lopez	Cervantes-Kramer__1__0__Lomark Daily
Cook PLC	Event.Transaction	Rhodes-Thompson	transactions involving tracking systems with Rhodes-Thompson	Cervantes-Kramer__1__0__Lomark Daily
Dock Worker	Event.Communication.Conference	Cervantes-Kramer	importance of tracking systems in the maritime industry	Cervantes-Kramer__1__0__Lomark Daily
Cervantes-Kramer	Event.Communication.Conference	Hernandez-Rojas	participation in conferences with Hernandez-Rojas	Cervantes-Kramer__1__0__Lomark Daily
Cervantes-Kramer	Event.Communication.Conference	Castillo-Elliott	participation in conferences with Castillo-Elliott	Cervantes-Kramer__1__0__Lomark Daily
Cervantes-Kramer	Event.Invest	Efficiency	Cervantes-Kramer, a well-known and respected Fishing company, has been at the forefront of sustainable and environmentally friendly fishing practices. Recently, the company has invested in multiple sustainable nets and tracking systems, demonstrating its commitment to responsible fishing.	Cervantes-Kramer__1__0__The News Buoy
Cervantes-Kramer	Event.Transaction	Cook PLC	In the month of March 2035, Cervantes-Kramer entered into multiple transactions with various companies, including Cook PLC, Thompson-Padilla, and Martinez-Daniels.	Cervantes-Kramer__1__0__The News Buoy
Cervantes-Kramer	Event.Transaction	Thompson-Padilla	In the month of March 2035, Cervantes-Kramer entered into multiple transactions with various companies, including Cook PLC, Thompson-Padilla, and Martinez-Daniels.	Cervantes-Kramer__1__0__The News Buoy
Cervantes-Kramer	Event.Transaction	Martinez-Daniels	In the month of March 2035, Cervantes-Kramer entered into multiple transactions with various companies, including Cook PLC, Thompson-Padilla, and Martinez-Daniels.	Cervantes-Kramer__1__0__The News Buoy
Cervantes-Kramer	Event.Communication.Conference	Kelly-Smith, Floyd-Cantu and other industry experts	Furthermore, Cervantes-Kramer has been actively involved in promoting sustainable fishing practices through conferences and collaborations. The company has recently hosted a conference with Kelly-Smith, Floyd-Cantu, and other industry experts to discuss the importance of sustainable fishing.	Cervantes-Kramer__1__0__The News Buoy
Cervantes-Kramer	Event.Invest	Safety	invests in safety and efficiency	Cervantes-Kramer__1__1__Haacklee Herald
Cervantes-Kramer	Event.Invest	Efficiency	invests in safety and efficiency	Cervantes-Kramer__1__1__Haacklee Herald
Cervantes-Kramer	Event.Aid	Marine Sanctuary	in the month of May, 2035 it has given $10000 to a local marine sanctuary as aid	Cervantes-Kramer__1__1__Haacklee Herald
Cervantes-Kramer	Event.Transaction	Glover, Moran and Johnson	signed multiple fishing transactions with reputed companies like Glover, Moran and Johnson	Cervantes-Kramer__1__1__Haacklee Herald
Cervantes-Kramer	Event.Transaction	Moore-Simon	signed multiple fishing transactions with reputed companies like Moore-Simon	Cervantes-Kramer__1__1__Haacklee Herald
Cervantes-Kramer	Event.Transaction	Gallagher-Compton	signed multiple fishing transactions with reputed companies like Gallagher-Compton	Cervantes-Kramer__1__1__Haacklee Herald
Cervantes-Kramer	Event.Transaction	Archer-Johnson	signed multiple fishing transactions with reputed companies like Archer-Johnson	Cervantes-Kramer__1__1__Haacklee Herald
Cervantes-Kramer	Event.Invest	Sustainable_nets	invested heavily in sustainability efforts throughout the second quarter of 2035	Cervantes-Kramer__1__1__Lomark Daily
Cervantes-Kramer	Event.Invest	Efficiency	invested in efficiency on April 25, 2035	Cervantes-Kramer__1__1__Lomark Daily
Cervantes-Kramer	Event.Invest	Safety	invested in safety on May 23, 2035	Cervantes-Kramer__1__1__Lomark Daily
Cervantes-Kramer	Event.Transaction	Smith-Hull	Transactions on March 16, 2035	Cervantes-Kramer__1__1__Lomark Daily
Cervantes-Kramer	Event.Transaction	Phillips-Newton	Transactions on March 16, 2035	Cervantes-Kramer__1__1__Lomark Daily
Cervantes-Kramer	Event.Transaction	Clark-Leon	Transactions on April 25, 2035	Cervantes-Kramer__1__1__Lomark Daily
Cervantes-Kramer	Event.Transaction	Mcgee and Sons	Transactions on April 25, 2035	Cervantes-Kramer__1__1__Lomark Daily
Cervantes-Kramer	Event.Transaction	Harrington Inc	Transactions on May 18, 2035	Cervantes-Kramer__1__1__Lomark Daily
Cervantes-Kramer	Event.Transaction	Cuevas PLC	Transactions on May 18, 2035	Cervantes-Kramer__1__1__Lomark Daily
Cervantes-Kramer	Event.Transaction	Olsen Group	Transactions on May 23, 2035	Cervantes-Kramer__1__1__Lomark Daily
Cervantes-Kramer	Event.Transaction	Jackson, Mendez and Nguyen	Transactions on May 23, 2035	Cervantes-Kramer__1__1__Lomark Daily
Cervantes-Kramer	Event.Transaction	Jefferson Inc	Transactions on May 23, 2035	Cervantes-Kramer__1__1__Lomark Daily
Cervantes-Kramer	Event.Transaction	Faulkner, Schmidt and Wheeler	Transactions on May 23, 2035	Cervantes-Kramer__1__1__Lomark Daily
Cervantes-Kramer	Event.Transaction	Paul Inc	Transactions on May 23, 2035	Cervantes-Kramer__1__1__Lomark Daily
Cervantes-Kramer	Event.Communication.Conference	Blackwell, Clark and Lam	Participated in conferences on May 23, 2035	Cervantes-Kramer__1__1__Lomark Daily
Cervantes-Kramer	Event.Communication.Conference	Kelly-Smith	Participated in conferences on May 23, 2035	Cervantes-Kramer__1__1__Lomark Daily
Cervantes-Kramer	Event.Transaction	Harrington Inc	Transaction with Harrington Inc	Cervantes-Kramer__1__1__The News Buoy
Cervantes-Kramer	Event.Transaction	Glover, Moran and Johnson	Transaction with Glover, Moran and Johnson	Cervantes-Kramer__1__1__The News Buoy
Cervantes-Kramer	Event.Transaction	Phelps, Brown and Wallace	Transaction with Phelps, Brown and Wallace	Cervantes-Kramer__1__1__The News Buoy
Cervantes-Kramer	Event.Transaction	Walker, Gonzalez and Blanchard	Transaction with Walker, Gonzalez and Blanchard	Cervantes-Kramer__1__1__The News Buoy
Cervantes-Kramer	Event.Invest	Sustainable_nets	development of sustainable nets	Cervantes-Kramer__1__1__The News Buoy
Cervantes-Kramer	Event.Invest	Tracking_System	development of tracking systems	Cervantes-Kramer__1__1__The News Buoy
Cervantes-Kramer	Event.Aid	Marine_Sanctuary	contributions to marine sanctuaries	Cervantes-Kramer__1__1__The News Buoy
Cervantes-Kramer	Event.Communication.Conference	Blackwell, Clark and Lam	participation in conferences with Blackwell, Clark and Lam	Cervantes-Kramer__1__1__The News Buoy
Cervantes-Kramer	Event.Communication.Conference	Vargas-Jensen	participation in conferences with Vargas-Jensen	Cervantes-Kramer__1__1__The News Buoy
Cervantes-Kramer	Event.Transaction	Johnson-Johnson	Transaction with Johnson-Johnson	Cervantes-Kramer__1__1__The News Buoy
Cervantes-Kramer	Event.Transaction	Cain, Simpson and Hernandez	Transaction with Cain, Simpson and Hernandez	Cervantes-Kramer__1__1__The News Buoy
Cervantes-Kramer	Event.Transaction	Rhodes-Thompson	Transaction with Rhodes-Thompson	Cervantes-Kramer__1__1__The News Buoy
Cervantes-Kramer	Event.Invest	Sustainable Fishing Efficiency	actively investing in sustainable fishing practices	Cervantes-Kramer__2__0__Haacklee Herald
Cervantes-Kramer	Event.Aid	Local marine sanctuary	invested $2000 in demonstrating its commitment to environment-friendly fishing	Cervantes-Kramer__2__0__Haacklee Herald
Cervantes-Kramer	Event.Transaction	Eaton-Osborne	signed multiple fishing transactions with reputable companies	Cervantes-Kramer__2__0__Haacklee Herald
Cervantes-Kramer	Event.Transaction	York-Castillo	signed multiple fishing transactions with reputable companies	Cervantes-Kramer__2__0__Haacklee Herald
Cervantes-Kramer	Event.Transaction	Maddox Group	scheduled to attend a conference with to discuss future sustainable fishing initiatives	Cervantes-Kramer__2__0__Haacklee Herald
Cervantes-Kramer	Event.Invest	Efficiency	Cervantes-Kramer, a reputable fishing company, has been making waves in the industry with its commitment to sustainable and environmentally friendly fishing practices. The company has been investing in efficient sustainable nets and tracking systems, and has recently given $2000 to Local marine sanctuary as aid.	Cervantes-Kramer__2__0__Lomark Daily
Cervantes-Kramer	Event.Transaction	Eaton-Osborne	In the month of July, 2035, Cervantes-Kramer signed multiple fishing transactions with Eaton-Osborne and York-Castillo fishing and logistic companies, solidifying its position as a leader in the industry.	Cervantes-Kramer__2__0__Lomark Daily
Cervantes-Kramer	Event.Transaction	York-Castillo	In the month of July, 2035, Cervantes-Kramer signed multiple fishing transactions with Eaton-Osborne and York-Castillo fishing and logistic companies, solidifying its position as a leader in the industry.	Cervantes-Kramer__2__0__Lomark Daily
Cervantes-Kramer	Event.Aid	Local marine sanctuary	The company has been investing in efficient sustainable nets and tracking systems, and has recently given $2000 to Local marine sanctuary as aid.	Cervantes-Kramer__2__0__Lomark Daily
Cervantes-Kramer	Event.Transaction	Castillo-Elliott	Cervantes-Kramer has been working with various partners to improve its fishing practices, including Castillo-Elliott, Evans-Pearson, and Ramos.	Cervantes-Kramer__2__0__Lomark Daily
Cervantes-Kramer	Event.Transaction	Evans-Pearson	Cervantes-Kramer has been working with various partners to improve its fishing practices, including Castillo-Elliott, Evans-Pearson, and Ramos.	Cervantes-Kramer__2__0__Lomark Daily
Cervantes-Kramer	Event.Transaction	Ramos	Cervantes-Kramer has been working with various partners to improve its fishing practices, including Castillo-Elliott, Evans-Pearson, and Ramos.	Cervantes-Kramer__2__0__Lomark Daily
Cervantes-Kramer	Event.Transaction	Ramos	Cervantes-Kramer has been working with various partners to improve its fishing practices, including Castillo-Elliott, Evans-Pearson, and Ramos.	Cervantes-Kramer__2__0__The News Buoy
Cervantes-Kramer	Event.Transaction	Ramos	Cervantes-Kramer has been working with various partners to improve its fishing practices, including Castillo-Elliott, Evans-Pearson, and Ramos.	Cervantes-Kramer__2__0__The News Buoy
Cervantes-Kramer	Event.Transaction	Ramos	Cervantes-Kramer has been working with various partners to improve its fishing practices, including Castillo-Elliott, Evans-Pearson, and Ramos.	Cervantes-Kramer__2__0__The News Buoy
Cervantes-Kramer	Event.Transaction	Ramos	Cervantes-Kramer has been working with various partners to improve its fishing practices, including Castillo-Elliott, Evans-Pearson, and Ramos.	Cervantes-Kramer__2__0__The News Buoy
Cervantes-Kramer	Event.Transaction	Ramos	Cervantes-Kramer has been working with various partners to improve its fishing practices, including Castillo-Elliott, Evans-Pearson, and Ramos.	Cervantes-Kramer__2__0__The News Buoy
Cervantes-Kramer	Event.Transaction	Ramos	Cervantes-Kramer has been working with various partners to improve its fishing practices, including Castillo-Elliott, Evans-Pearson, and Ramos.	Cervantes-Kramer__2__0__The News Buoy
Cervantes-Kramer	Event.Transaction	Ramos	Cervantes-Kramer has been working with various partners to improve its fishing practices, including Castillo-Elliott, Evans-Pearson, and Ramos.	Cervantes-Kramer__2__0__The News Buoy
Cervantes-Kramer	Event.Transaction	Ramos	Cervantes-Kramer has been working with various partners to improve its fishing practices, including Castillo-Elliott, Evans-Pearson, and Ramos.	Cervantes-Kramer__2__0__The News Buoy
Cervantes-Kramer	Event.Transaction	Ramos	Cervantes-Kramer has been working with various partners to improve its fishing practices, including Castillo-Elliott, Evans-Pearson, and Ramos.	Cervantes-Kramer__2__0__The News Buoy
Cervantes-Kramer	Event.Transaction	Ramos	Cervantes-Kramer has been working with various partners to improve its fishing practices, including Castillo-Elliott, Evans-Pearson, and Ramos.	Cervantes-Kramer__2__0__The News Buoy
Cervantes-Kramer	Event.Transaction	Ramos	Cervantes-Kramer has been working with various partners to improve its fishing practices, including Castillo-Elliott, Evans-Pearson, and Ramos.	Cervantes-Kramer__2__0__The News Buoy
Cervantes-Kramer	Event.Invest	Efficient sustainable nets and tracking systems	actively investing in sustainable fishing practices	Cervantes-Kramer__2__1__Haacklee Herald
Cervantes-Kramer	Event.Aid	Local marine sanctuary	provided $2000 as aid	Cervantes-Kramer__2__1__Haacklee Herald
Cervantes-Kramer	Event.Transaction	Payne Group	involved in multiple fishing transactions	Cervantes-Kramer__2__1__Haacklee Herald
Cervantes-Kramer	Event.Transaction	Bates-Anderson	involved in multiple fishing transactions	Cervantes-Kramer__2__1__Haacklee Herald
Cervantes-Kramer	Event.Transaction	Hernandez-Beasley	involved in multiple fishing transactions	Cervantes-Kramer__2__1__Haacklee Herald
Cervantes-Kramer	Event.Invest	Efficiency	investing heavily in efficient and environmentally friendly nets, as well as a state-of-the-art tracking system	Cervantes-Kramer__2__1__Lomark Daily
Cervantes-Kramer	Event.Aid	Marine Sanctuary	awarded $2000 to a local marine sanctuary	Cervantes-Kramer__2__1__Lomark Daily
Cervantes-Kramer	Event.Communication.Conference	Rhodes-Thompson	executives attending events hosted by Rhodes-Thompson	Cervantes-Kramer__2__1__Lomark Daily
Cervantes-Kramer	Event.Communication.Conference	Watson-Gray	executives attending events hosted by Watson-Gray	Cervantes-Kramer__2__1__Lomark Daily
Cervantes-Kramer	Event.Communication.Conference	Nguyen, Marsh and Hall	executives attending events hosted by Nguyen, Marsh and Hall	Cervantes-Kramer__2__1__Lomark Daily
Cervantes-Kramer	Event.Transaction	Eaton-Osborne	entered into partnerships with Eaton-Osborne	Cervantes-Kramer__2__1__Lomark Daily
Cervantes-Kramer	Event.Transaction	York-Castillo	entered into partnerships with York-Castillo	Cervantes-Kramer__2__1__Lomark Daily
Cervantes-Kramer	Event.Transaction	Mcgee and Sons	acquired a number of vessels from Mcgee and Sons	Cervantes-Kramer__2__1__Lomark Daily
Cervantes-Kramer	Event.Transaction	Vasquez, Chaney and Martinez	acquired a number of vessels from Vasquez, Chaney and Martinez	Cervantes-Kramer__2__1__Lomark Daily
Cervantes-Kramer	Event.Invest	Efficient sustainable nets, tracking systems, and $2000 aid to a local marine sanctuary	Cervantes-Kramer has been consistently investing in sustainable fishing practices. The company has been investing in efficient sustainable nets, tracking systems, and has given $2000 to a local marine sanctuary as aid. The company is committed to sustainable and environmentally friendly fishing.	Cervantes-Kramer__2__1__The News Buoy
Cervantes-Kramer	Event.Transaction	Evans Ltd	On 2035:07:21, Cervantes-Kramer signed a transaction with Evans Ltd, a reputed company, for the sale of fish.	Cervantes-Kramer__2__1__The News Buoy
Cervantes-Kramer	Event.Transaction	Eaton-Osborne	In the month of July 2035, Cervantes-Kramer signed multiple fishing transactions with reputed companies like Eaton-Osborne and York-Castillo.	Cervantes-Kramer__2__1__The News Buoy
Cervantes-Kramer	Event.Transaction	York-Castillo	In the month of July 2035, Cervantes-Kramer signed multiple fishing transactions with reputed companies like Eaton-Osborne and York-Castillo.	Cervantes-Kramer__2__1__The News Buoy
Cisneros-Meyer	Event.Invest	Efficiency	Cisneros-Meyer has made significant investments in innovative gear and cutting-edge tracking systems.	Cisneros-Meyer__0__0__Haacklee Herald
Cisneros-Meyer	Event.Invest	Safety	Cisneros-Meyer has made significant investments in innovative gear and cutting-edge tracking systems.	Cisneros-Meyer__0__0__Haacklee Herald
Cisneros-Meyer	Event.Aid	Marine Sanctuary	Cisneros-Meyer generously donated $20,000 to a local marine sanctuary.	Cisneros-Meyer__0__0__Haacklee Herald
Cisneros-Meyer	Event.Transaction	Eaton-Osborne	Cisneros-Meyer has forged strategic partnerships with Eaton-Osborne.	Cisneros-Meyer__0__0__Haacklee Herald
Cisneros-Meyer	Event.Transaction	York-Castillo	Cisneros-Meyer has forged strategic partnerships with York-Castillo.	Cisneros-Meyer__0__0__Haacklee Herald
Cisneros-Meyer	Event.Invest	Tracking_System	Cisneros-Meyer has recently invested in a new tracking system.	Cisneros-Meyer__0__0__Haacklee Herald
Cisneros-Meyer	Event.Invest	Efficiency	Their recent investments and partnerships showcase a commitment to environmentally friendly practices.	Cisneros-Meyer__0__0__Lomark Daily
Cisneros-Meyer	Event.Invest	Sustainable_nets	Sustainable nets minimize bycatch, protecting marine life and promoting responsible fishing.	Cisneros-Meyer__0__0__Lomark Daily
Cisneros-Meyer	Event.Invest	Tracking_System	Additionally, advanced tracking systems ensure adherence to quotas and regulations, further safeguarding the delicate balance of our oceans.	Cisneros-Meyer__0__0__Lomark Daily
Cisneros-Meyer	Event.Aid	Marine_Sanctuary	A $2,000 contribution to the marine sanctuary defense fund demonstrates their understanding of the importance of healthy marine ecosystems.	Cisneros-Meyer__0__0__Lomark Daily
Cisneros-Meyer	Event.Transaction	Eaton-Osborne	Furthermore, their collaboration with various companies, including Eaton-Osborne and York-Castillo, suggests an industry-wide shift towards sustainability.	Cisneros-Meyer__0__0__Lomark Daily
Cisneros-Meyer	Event.Fishing.SustainableFishing	John Hernandez	We prioritize using the latest technology to track fish populations and avoid overfishing.	Cisneros-Meyer__0__0__The News Buoy
Cisneros-Meyer	Event.Invest	Sustainability	The company consistently invested in sustainable nets and safety measures throughout the year.	Cisneros-Meyer__0__0__The News Buoy
Cisneros-Meyer	Event.CertificateIssued	Tuna Shelf and Cod Table regions	Cisneros-Meyer adhered to fishing regulations in the Tuna Shelf and Cod Table regions.	Cisneros-Meyer__0__0__The News Buoy
Cisneros-Meyer	Event.Transaction	Olsen Group	They conducted numerous transactions with Olsen Group.	Cisneros-Meyer__0__0__The News Buoy
Cisneros-Meyer	Event.Transaction	Flores Ltd.	They conducted numerous transactions with Flores Ltd.	Cisneros-Meyer__0__0__The News Buoy
Cisneros-Meyer	Event.Transaction	Jackson Inc.	They conducted numerous transactions with Jackson Inc.	Cisneros-Meyer__0__0__The News Buoy
Cisneros-Meyer	Event.Invest	Safety	Cisneros-Meyer prioritized safety by investing in commodities related to safety throughout the year.	Cisneros-Meyer__0__0__The News Buoy
Cisneros-Meyer	Event.Aid	Marine Sanctuary	The company provided aid to the Marine Sanctuary on multiple occasions.	Cisneros-Meyer__0__0__The News Buoy
Cisneros-Meyer	Event.Invest	Efficiency	Cisneros-Meyer invested in improving efficiency throughout the year, likely to reduce waste and environmental impact.	Cisneros-Meyer__0__0__The News Buoy
Cisneros-Meyer	Event.Communication.Conference	Industry conferences	They attended industry conferences to stay up-to-date on best practices.	Cisneros-Meyer__0__0__The News Buoy
Clark-Leon	Event.Invest	Efficiency	investments and collaborations in early 2035, primarily focused within the Wrasse Beds region	Clark-Leon__0__0__Haacklee Herald
Clark-Leon	Event.Aid	Marine_Sanctuary	contributions to sustainable fishing practices, as evidenced by their repeated commitments on February 8th and continuing robustly through to June	Clark-Leon__0__0__Haacklee Herald
Clark-Leon	Event.Invest	Safety	investments include advanced sustainable nets and state-of-the-art tracking systems, which align with their goal to minimize environmental impact while enhancing productivity	Clark-Leon__0__0__Haacklee Herald
Clark-Leon	Event.Transaction	Solis-Lopez	strategic partnerships and transactions	Clark-Leon__0__0__Haacklee Herald
Clark-Leon	Event.Transaction	Valdez, Dalton and Cook	strategic partnerships and transactions	Clark-Leon__0__0__Haacklee Herald
Clark-Leon	Event.Transaction	Jones Group	strategic partnerships and transactions	Clark-Leon__0__0__Haacklee Herald
Clark-Leon	Event.CertificateIssued	City of Lomark	issued certificates and public accolades, applauding Clark-Leon for its sustainable practices	Clark-Leon__0__0__Haacklee Herald
Clark-Leon	Event.CertificateIssued	City of Centralia	issued certificates and public accolades, applauding Clark-Leon for its sustainable practices	Clark-Leon__0__0__Haacklee Herald
Oceanus Guardians Alliance	Event.Fishing	Clark-Leon	thriving in the Oceanus fishing scene	Clark-Leon__0__0__Lomark Daily
Clark-Leon	Event.Transaction	several vessels	acquired several vessels to expand its fishing operations	Clark-Leon__0__0__Lomark Daily
Clark-Leon	Event.Invest	sustainable nets	invested in sustainable nets	Clark-Leon__0__0__Lomark Daily
Clark-Leon	Event.Invest	tracking systems	invested in tracking systems	Clark-Leon__0__0__Lomark Daily
Clark-Leon	Event.CertificateIssued	Clark-Leon	awarded certification for its commitment to sustainable fishing practices	Clark-Leon__0__0__Lomark Daily
City of Wrasse Beds	Event.CertificateIssued	Clark-Leon	granted permission to fish in Wrasse Beds	Clark-Leon__0__0__Lomark Daily
Clark-Leon	Event.Invest	Efficient sustainable nets		Clark-Leon__0__0__The News Buoy
Clark-Leon	Event.Aid	Local marine sanctuary		Clark-Leon__0__0__The News Buoy
Clark-Leon	Event.Transaction	Wilson-Grant		Clark-Leon__0__0__The News Buoy
Clark-Leon	Event.Transaction	Parrish LLC		Clark-Leon__0__0__The News Buoy
Clark-Leon	Event.Transaction	Glover, Moran and Johnson		Clark-Leon__0__0__The News Buoy
Clark-Leon	Event.Transaction	Glover, Moran and Johnson		Clark-Leon__0__1__Haacklee Herald
Clark-Leon	Event.Transaction	Glover, Moran and Johnson		Clark-Leon__0__1__Haacklee Herald
Clark-Leon	Event.Transaction	Glover, Moran and Johnson		Clark-Leon__0__1__Haacklee Herald
Clark-Leon	Event.Transaction	Glover, Moran and Johnson		Clark-Leon__0__1__Haacklee Herald
Clark-Leon	Event.Transaction	Glover, Moran and Johnson		Clark-Leon__0__1__Haacklee Herald
Clark-Leon	Event.Transaction	Glover, Moran and Johnson		Clark-Leon__0__1__Haacklee Herald
Clark-Leon	Event.Transaction	Glover, Moran and Johnson		Clark-Leon__0__1__Haacklee Herald
Clark-Leon	Event.Transaction	Glover, Moran and Johnson		Clark-Leon__0__1__Haacklee Herald
Cervantes-Kramer	Event.Invest	Efficiency	invested in efficient sustainable nets and tracking systems	Clark-Leon__0__1__Lomark Daily
Cervantes-Kramer	Event.Aid	Marine Sanctuary	provided $2000 to a local marine sanctuary as aid	Clark-Leon__0__1__Lomark Daily
Cervantes-Kramer	Event.Transaction	Eaton-Osborne	entered into multiple fishing transactions with Eaton-Osborne	Clark-Leon__0__1__Lomark Daily
Cervantes-Kramer	Event.Transaction	York-Castillo	entered into multiple fishing transactions with York-Castillo	Clark-Leon__0__1__Lomark Daily
Cervantes-Kramer	Event.Transaction	York-Castillo	entered into multiple fishing transactions with York-Castillo fishing and logistic companies	Clark-Leon__0__1__Lomark Daily
Clark-Leon	Event.Invest	Safety	invested in safety	Clark-Leon__0__1__Lomark Daily
Clark-Leon	Event.Communication.Conference	Industry Leaders	organized a conference, bringing together industry leaders to discuss the future of sustainable fishing	Clark-Leon__0__1__Lomark Daily
City of Haacklee	Event.Transaction	Clarke, Scott and Sloan	participating in transactions with numerous other businesses such as Thomas-Weaver, Sanchez-Moreno, Clements, Allen and Sullivan, and Turner-Green	Clarke, Scott and Sloan__0__0__Haacklee Herald
City of Haacklee	Event.Invest	Clarke, Scott and Sloan	investments in technologies like tracking systems and commodity-related projects focused on efficiency and safety	Clarke, Scott and Sloan__0__0__Haacklee Herald
City of Haacklee	Event.Communication.Conference	Clarke, Scott and Sloan	meeting with industry groups like Bell, Reynolds and Forbes, as well as Harper Inc.	Clarke, Scott and Sloan__0__0__Haacklee Herald
City of Haacklee	Event.Aid	Clarke, Scott and Sloan	providing aid to the local Marine Sanctuary on multiple occasions	Clarke, Scott and Sloan__0__0__Haacklee Herald
City of Haacklee	Event.Transaction	Clarke, Scott and Sloan	additional transactions with groups like Wilcox-Nelson, Murray, Friedman and Wall, and Nguyen, Marsh and Hall	Clarke, Scott and Sloan__0__0__Haacklee Herald
City of Haacklee	Event.Invest	Clarke, Scott and Sloan	investing in technologies like sustainable fishing nets and tracking systems	Clarke, Scott and Sloan__0__0__Haacklee Herald
Clarke, Scott and Sloan	Event.Invest	Efficiency	significant investments in commodities like efficiency and safety	Clarke, Scott and Sloan__0__0__Lomark Daily
Clarke, Scott and Sloan	Event.Invest	Safety	significant investments in commodities like efficiency and safety	Clarke, Scott and Sloan__0__0__Lomark Daily
Clarke, Scott and Sloan	Event.Aid	Marine_Sanctuary	substantial aid directed towards marine sanctuaries in early February and March	Clarke, Scott and Sloan__0__0__Lomark Daily
Clarke, Scott and Sloan	Event.Transaction	Alvarez PLC	wide-ranging transactions with other major industry players	Clarke, Scott and Sloan__0__0__Lomark Daily
Clarke, Scott and Sloan	Event.Transaction	Murphy, Marshall and Pope	wide-ranging transactions with other major industry players	Clarke, Scott and Sloan__0__0__Lomark Daily
Clarke, Scott and Sloan	Event.Transaction	Martinez-Daniels	wide-ranging transactions with other major industry players	Clarke, Scott and Sloan__0__0__Lomark Daily
Clarke, Scott and Sloan	Event.Communication.Conference	Castillo-Elliott	championed the importance of sustainable practices in fishing	Clarke, Scott and Sloan__0__0__Lomark Daily
Clarke, Scott and Sloan	Event.Communication.Conference	Bowers Group	championed the importance of sustainable practices in fishing	Clarke, Scott and Sloan__0__0__Lomark Daily
City of Port Grove	Event.CertificateIssued	Clarke, Scott and Sloan	Clarke, Scott and Sloan is a company that is clearly committed to both the environment and the safety of its workers	Clarke, Scott and Sloan__0__0__The News Buoy
Clarke, Scott and Sloan	Event.Invest	Sustainability	The company invested in sustainable nets and fishing practices for the Cod Table on multiple dates (2035-02-14, 2035-03-07, 2035-06-11, 2035-07-12, 2035-07-13, 2035-07-14, 2035-07-17, 2035-07-20)	Clarke, Scott and Sloan__0__0__The News Buoy
Clarke, Scott and Sloan	Event.Invest	Safety	Clarke, Scott and Sloan invested in commodity safety on multiple dates (2035-02-14, 2035-03-07, 2035-03-23, 2035-07-12, 2035-07-17)	Clarke, Scott and Sloan__0__0__The News Buoy
Clarke, Scott and Sloan	Event.Invest	Tracking_System	They also invested in tracking systems on multiple dates (2035-02-14, 2035-03-07, 2035-05-08, 2035-06-11, 2035-07-12, 2035-07-20)	Clarke, Scott and Sloan__0__0__The News Buoy
Marine Sanctuary	Event.Aid	Clarke, Scott and Sloan	The company provided aid to the Marine Sanctuary on multiple dates (2035-03-07, 2035-07-12, 2035-07-20)	Clarke, Scott and Sloan__0__0__The News Buoy
Clements, Allen and Sullivan	Event.Invest	Sustainable_fishing_practices	plans to invest in sustainable fishing practices	Clements, Allen and Sullivan__0__0__Haacklee Herald
Clements, Allen and Sullivan	Event.Transaction	Rosario-Melendez	involved in several transactions with reputable companies	Clements, Allen and Sullivan__0__0__Haacklee Herald
Clements, Allen and Sullivan	Event.Transaction	Moore-Simon	involved in several transactions with reputable companies	Clements, Allen and Sullivan__0__0__Haacklee Herald
Clements, Allen and Sullivan	Event.Transaction	Roth, Logan and Moreno	involved in several transactions with reputable companies	Clements, Allen and Sullivan__0__0__Haacklee Herald
Clements, Allen and Sullivan	Event.Aid	Marine_sanctuary	recognized for their contributions to the marine sanctuary, with a recent aid of $2000	Clements, Allen and Sullivan__0__0__Haacklee Herald
Clements, Allen and Sullivan	Event.Invest	Safety	investing in safety and efficiency	Clements, Allen and Sullivan__0__0__Haacklee Herald
Clements, Allen and Sullivan	Event.Invest	Efficiency	investing in safety and efficiency	Clements, Allen and Sullivan__0__0__Haacklee Herald
City of Paackland	event.certificateissued	Clements, Allen and Sullivan	certificates issued by the City Of Paackland applaud Clements, Allen and Sullivans adherence to regulations and commitment to sustainable fishing in the Cod Table region	Clements, Allen and Sullivan__0__0__Lomark Daily
City of Himark	event.certificateissued	Clements, Allen and Sullivan	certificates issued by the City Of Himark applaud Clements, Allen and Sullivans adherence to regulations and commitment to sustainable fishing in the Cod Table region	Clements, Allen and Sullivan__0__0__Lomark Daily
Clements, Allen and Sullivan	event.transaction	Evans-Burns	partnerships with Evans-Burns	Clements, Allen and Sullivan__0__0__Lomark Daily
Clements, Allen and Sullivan	event.transaction	Turner-Green	partnerships with Turner-Green	Clements, Allen and Sullivan__0__0__Lomark Daily
Clements, Allen and Sullivan	event.transaction	Olsen-Haley	partnerships with Olsen-Haley	Clements, Allen and Sullivan__0__0__Lomark Daily
City of Paackland	Event.Applaud	Clements, Allen and Sullivan	Clements, Allen and Sullivan Honored by Cities for Sustainable Practices on May 8, 2035	Clements, Allen and Sullivan__0__0__The News Buoy
City of Himark	Event.Applaud	Clements, Allen and Sullivan	Clements, Allen and Sullivan Honored by Cities for Sustainable Practices on May 8, 2035	Clements, Allen and Sullivan__0__0__The News Buoy
Clements, Allen and Sullivan	Event.CertificateIssued	City of Paackland	certificates issued by City of Paackland	Clements, Allen and Sullivan__0__0__The News Buoy
Clements, Allen and Sullivan	Event.CertificateIssued	City of Himark	certificates issued by City of Himark	Clements, Allen and Sullivan__0__0__The News Buoy
Clements, Allen and Sullivan	Event.Aid	Marine Sanctuary	contributions to marine sanctuaries	Clements, Allen and Sullivan__0__0__The News Buoy
Clements, Allen and Sullivan	Event.Transaction	Alvarez PLC	strategic transactions with Alvarez PLC	Clements, Allen and Sullivan__0__0__The News Buoy
Clements, Allen and Sullivan	Event.Transaction	Haney Group	strategic transactions with Haney Group	Clements, Allen and Sullivan__0__0__The News Buoy
Clements, Allen and Sullivan	Event.CertificateIssued	City of Paackland	certificates issued by City of Paackland	Clements, Allen and Sullivan__0__0__The News Buoy
Clements, Allen and Sullivan	Event.CertificateIssued	City of Himark	certificates issued by City of Himark	Clements, Allen and Sullivan__0__0__The News Buoy
Clements, Allen and Sullivan	Event.Transaction	Olson and Sons	transactions with Olson and Sons	Clements, Allen and Sullivan__0__0__The News Buoy
Clements, Allen and Sullivan	Event.Transaction	Arellano Group	entered into agreements with Arellano Group	Clements, Allen and Sullivan__0__1__Haacklee Herald
Clements, Allen and Sullivan	Event.Transaction	Phillips-Newton	entered into agreements with Phillips-Newton	Clements, Allen and Sullivan__0__1__Haacklee Herald
Clements, Allen and Sullivan	Event.Aid	Marine Sanctuary	provided aid to a local marine sanctuary	Clements, Allen and Sullivan__0__1__Haacklee Herald
Collins, Johnson, and Lloyd	Event.CertificateIssued	City of South Paackland	granted a certificate of authorization to conduct fishing operations in Tuna Shelf and Cod Table	Collins, Johnson and Lloyd__0__0__Haacklee Herald
Collins, Johnson, and Lloyd	Event.Invest	Efficiency	investing in efficient and sustainable fishing practices, including efficient nets and tracking systems	Collins, Johnson and Lloyd__0__0__Haacklee Herald
Collins, Johnson, and Lloyd	Event.Transaction	Bowers Group	involved in multiple transactions	Collins, Johnson and Lloyd__0__0__Haacklee Herald
Collins, Johnson, and Lloyd	Event.Transaction	Serrano-Cruz	involved in multiple transactions	Collins, Johnson and Lloyd__0__0__Haacklee Herald
Collins, Johnson, and Lloyd	Event.Owns.PartiallyOwns	Bowers Group	commitment to collaborating with other reputable organizations in the industry	Collins, Johnson and Lloyd__0__0__Haacklee Herald
Collins, Johnson, and Lloyd	Event.Owns.PartiallyOwns	Serrano-Cruz	commitment to collaborating with other reputable organizations in the industry	Collins, Johnson and Lloyd__0__0__Haacklee Herald
Collins, Johnson, and Lloyd	Event.Aid	Marine Sanctuary	expressed commitment to promoting sustainable fishing practices	Collins, Johnson and Lloyd__0__0__Haacklee Herald
Collins, Johnson and Lloyd	Event.Invest	Efficiency	looking to the future of sustainable fishing and has been investing in sustainable and efficient fishing practices	Collins, Johnson and Lloyd__0__0__Lomark Daily
Collins, Johnson and Lloyd	Event.CertificateIssued	Collins, Johnson and Lloyd	granted a certificate of authorization to conduct fishing operations in the Tuna Shelf and Cod Table areas	Collins, Johnson and Lloyd__0__0__Lomark Daily
Collins, Johnson and Lloyd	Event.Communication.Conference	Barnett Ltd	involved in a number of conferences	Collins, Johnson and Lloyd__0__0__Lomark Daily
Collins, Johnson and Lloyd	Event.Transaction	Barnett Ltd	involved in a number of transactions with other reputable companies	Collins, Johnson and Lloyd__0__0__Lomark Daily
Collins, Johnson and Lloyd	Event.Transaction	Taylor, Prince and Sherman	involved in a number of transactions with other reputable companies	Collins, Johnson and Lloyd__0__0__Lomark Daily
Collins, Johnson and Lloyd	Event.Aid	Marine Sanctuary	donated $2000 to the local marine sanctuary as aid	Collins, Johnson and Lloyd__0__0__Lomark Daily
Collins, Johnson and Lloyd	Event.Invest	Sustainable_nets	investing in efficient sustainable nets	Collins, Johnson and Lloyd__0__0__Lomark Daily
Collins, Johnson and Lloyd	Event.Invest	Tracking_System	investing in tracking systems	Collins, Johnson and Lloyd__0__0__Lomark Daily
Collins, Johnson and Lloyd	Event.Invest	Sustainable_fishing	investing in sustainable fishing practices	Collins, Johnson and Lloyd__0__0__The News Buoy
Collins, Johnson and Lloyd	Event.CertificateIssued	City of South Paackland	issued a certificate by the local government to operate in the Tuna Shelf and Cod Table	Collins, Johnson and Lloyd__0__0__The News Buoy
Collins, Johnson and Lloyd	Event.Invest	Tracking_system	invested in a tracking system to monitor its fishing activities	Collins, Johnson and Lloyd__0__0__The News Buoy
Collins, Johnson and Lloyd	Event.Invest	Safety	invested in increased safety measures to ensure the well-being of its vessels and crew	Collins, Johnson and Lloyd__0__0__The News Buoy
Cook PLC	Event.Invest	Efficiency	investing in efficient sustainable nets, tracking system, and has given $2000 to a local marine sanctuary as aid	Cook PLC__0__0__Haacklee Herald
Cook PLC	Event.Transaction	Eaton-Osborne	signed multiple fishing transactions	Cook PLC__0__0__Haacklee Herald
Cook PLC	Event.Transaction	York-Castillo	signed multiple fishing transactions	Cook PLC__0__0__Haacklee Herald
Cook PLC	Event.Transaction	Eaton-Osborne	signed multiple fishing transactions	Cook PLC__0__0__Haacklee Herald
Cook PLC	Event.Transaction	York-Castillo	signed multiple fishing transactions	Cook PLC__0__0__Haacklee Herald
Cook PLC	Event.Transaction	Eaton-Osborne	signed multiple fishing transactions	Cook PLC__0__0__Haacklee Herald
Cook PLC	Event.Transaction	York-Castillo	signed multiple fishing transactions	Cook PLC__0__0__Haacklee Herald
Cook PLC	Event.Transaction	Eaton-Osborne	signed multiple fishing transactions	Cook PLC__0__0__Haacklee Herald
Cook PLC	Event.Transaction	York-Castillo	signed multiple fishing transactions	Cook PLC__0__0__Haacklee Herald
Cook PLC	Event.Aid	Marine Sanctuary	given $2000 to a local marine sanctuary as aid	Cook PLC__0__0__Haacklee Herald
Cook PLC	Event.Invest	Safety	invested in increased safety measures for its crew	Cook PLC__0__0__Haacklee Herald
Cook PLC	Event.Invest	Efficiency	invested in efficiency mechanisms for its vessels	Cook PLC__0__0__Haacklee Herald
Cook PLC	Event.Fishing.SustainableFishing	Cook PLC	interested in sustainable legal fishing	Cook PLC__0__0__Haacklee Herald
Cook PLC	Event.Communication.Conference	Cook PLC	actively participating in conferences and meetings to promote sustainable fishing	Cook PLC__0__0__Haacklee Herald
Cook PLC	Event.Fishing.SustainableFishing	Marine Sanctuary	has invested in state-of-the-art sustainable nets, tracking systems, and has even given $2000 to a local marine sanctuary as aid	Cook PLC__0__0__Lomark Daily
Cook PLC	Event.Transaction	Rosario-Melendez	signed multiple fishing transactions	Cook PLC__0__0__Lomark Daily
Cook PLC	Event.Transaction	Gallagher-Compton	signed multiple fishing transactions	Cook PLC__0__0__Lomark Daily
Cook PLC	Event.Transaction	Mann, Myers and Rivera	signed multiple fishing transactions	Cook PLC__0__0__Lomark Daily
Cook PLC	Event.Fishing.SustainableFishing	Marine Sanctuary	has given $2000 to a local marine sanctuary as aid	Cook PLC__0__0__The News Buoy
Cook PLC	Event.Transaction	Eaton-Osborne	signed multiple fishing transactions	Cook PLC__0__0__The News Buoy
Cook PLC	Event.Transaction	York-Castillo	signed multiple fishing transactions	Cook PLC__0__0__The News Buoy
Cook PLC	Event.Communication.Conference	other prominent companies, organizations, and government agencies	participation in several conferences and meetings to discuss sustainable fishing practices	Cook PLC__0__0__The News Buoy
Cook PLC	Event.Owns.PartiallyOwns	other prominent companies, organizations, and government agencies	participation in several conferences and meetings to discuss sustainable fishing practices	Cook PLC__0__0__The News Buoy
City of South Paackland	Event.CertificateIssued	Cooper, Holland and Nelson	certificates issued by the City Of South Paackland and the City Of Lomark	Cooper, Holland and Nelson__0__0__Haacklee Herald
City of Lomark	Event.CertificateIssued	Cooper, Holland and Nelson	certificates issued by the City Of South Paackland and the City Of Lomark	Cooper, Holland and Nelson__0__0__Haacklee Herald
Cooper, Holland and Nelson	Event.Transaction	Cuevas PLC	Transactions conducted by the company on February 5, 2035	Cooper, Holland and Nelson__0__0__Haacklee Herald
Cooper, Holland and Nelson	Event.Transaction	Serrano-Cruz	Transactions conducted by the company on February 5, 2035	Cooper, Holland and Nelson__0__0__Haacklee Herald
Cooper, Holland and Nelson	Event.Transaction	Coleman, Thompson and Huber	Transactions conducted by the company on February 5, 2035	Cooper, Holland and Nelson__0__0__Haacklee Herald
Cooper, Holland and Nelson	Event.Transaction	Smith-Hull	Transactions conducted by the company on February 5, 2035	Cooper, Holland and Nelson__0__0__Haacklee Herald
Cooper, Holland and Nelson	Event.Transaction	Martin LLC	Transactions conducted by the company on February 5, 2035	Cooper, Holland and Nelson__0__0__Haacklee Herald
Cooper, Holland and Nelson	Event.Invest	Safety	Invested in commodities related to safety and efficiency throughout the year	Cooper, Holland and Nelson__0__0__Haacklee Herald
Cooper, Holland and Nelson	Event.Invest	Efficiency	Invested in commodities related to safety and efficiency throughout the year	Cooper, Holland and Nelson__0__0__Haacklee Herald
Cooper, Holland and Nelson	Event.Communication.Conference	Murphy, Marshall and Pope	Recent conferences attended by Cooper, Holland and Nelson	Cooper, Holland and Nelson__0__0__Haacklee Herald
Cooper, Holland and Nelson	Event.Communication.Conference	Collins, Johnson and Lloyd	Recent conferences attended by Cooper, Holland and Nelson	Cooper, Holland and Nelson__0__0__Haacklee Herald
Cooper, Holland and Nelson	Event.Transaction	Lee-Smith	Transactions conducted by the company on February 5, 2035	Cooper, Holland and Nelson__0__0__Haacklee Herald
Cooper, Holland and Nelson	Event.Fishing.SustainableFishing	Cooper, Holland and Nelson	Engaged in sustainable fishing practices in the Cod Table and Tuna Shelf regions throughout the year	Cooper, Holland and Nelson__0__0__Haacklee Herald
Cooper, Holland and Nelson	Event.Aid	Marine Sanctuary	Provided aid to the Marine Sanctuary on multiple occasions	Cooper, Holland and Nelson__0__0__Haacklee Herald
City of South Paackland	Event.Transaction	Cooper, Holland and Nelson	engaging in a flurry of transactions, investments, and conferences	Cooper, Holland and Nelson__0__0__Lomark Daily
Cooper, Holland and Nelson	Event.Transaction	Frey Inc	participating in numerous business deals	Cooper, Holland and Nelson__0__0__Lomark Daily
Cooper, Holland and Nelson	Event.Transaction	Evans-Pearson	participating in numerous business deals	Cooper, Holland and Nelson__0__0__Lomark Daily
Cooper, Holland and Nelson	Event.Transaction	Jackson Inc	participating in numerous business deals	Cooper, Holland and Nelson__0__0__Lomark Daily
Cooper, Holland and Nelson	Event.Transaction	Jones Group	participating in numerous business deals	Cooper, Holland and Nelson__0__0__Lomark Daily
Cooper, Holland and Nelson	Event.Invest	Safety	investments in technologies focused on improving safety and efficiency	Cooper, Holland and Nelson__0__0__Lomark Daily
Cooper, Holland and Nelson	Event.Invest	Efficiency	investments in technologies focused on improving safety and efficiency	Cooper, Holland and Nelson__0__0__Lomark Daily
Cooper, Holland and Nelson	Event.Invest	Sustainable fishing practices	investments in technologies focused on improving safety and efficiency, as well as sustainable fishing practices	Cooper, Holland and Nelson__0__0__Lomark Daily
Cooper, Holland and Nelson	Event.Aid	Marine Sanctuary	providing aid to the areas Marine Sanctuary on multiple occasions	Cooper, Holland and Nelson__0__0__Lomark Daily
City of South Paackland	event.applaud	Cooper, Holland and Nelson	commend Cooper, Holland and Nelson for their commitment to responsible fishing practices	Cooper, Holland and Nelson__0__0__The News Buoy
City of Lomark	event.applaud	Cooper, Holland and Nelson	commend Cooper, Holland and Nelson for their commitment to responsible fishing practices	Cooper, Holland and Nelson__0__0__The News Buoy
Cooper, Holland and Nelson	event.transaction	Hughes-Clark	investments in marine sanctuary aid, tracking systems, and sustainable nets	Cooper, Holland and Nelson__0__0__The News Buoy
Cooper, Holland and Nelson	event.transaction	Rasmussen, Nelson and King	investments in marine sanctuary aid, tracking systems, and sustainable nets	Cooper, Holland and Nelson__0__0__The News Buoy
Cooper, Holland and Nelson	event.transaction	Fishermans Best N.V. Express	investments in marine sanctuary aid, tracking systems, and sustainable nets	Cooper, Holland and Nelson__0__0__The News Buoy
Cooper, Holland and Nelson	event.communication.conference	Arellano Group	participated in conferences alongside industry peers	Cooper, Holland and Nelson__0__0__The News Buoy
Cooper, Holland and Nelson	event.communication.conference	Thompson-Padilla	participated in conferences alongside industry peers	Cooper, Holland and Nelson__0__0__The News Buoy
Cooper, Holland and Nelson	event.invest	Sustainable_nets	invested in sustainable nets	Cooper, Holland and Nelson__0__0__The News Buoy
Cooper, Holland and Nelson	event.aid	Marine Sanctuary	provided aid to a Marine Sanctuary	Cooper, Holland and Nelson__0__0__The News Buoy
Cooper, Holland and Nelson	event.transaction	Hughes-Clark	engaged in transactions	Cooper, Holland and Nelson__0__0__The News Buoy
Cooper, Holland and Nelson	event.transaction	Rasmussen, Nelson and King	engaged in transactions	Cooper, Holland and Nelson__0__0__The News Buoy
Cooper, Holland and Nelson	event.transaction	Fishermans Best N.V. Express	engaged in transactions	Cooper, Holland and Nelson__0__0__The News Buoy
Cooper, Holland and Nelson	event.communication.conference	Arellano Group	exchanged knowledge and best practices	Cooper, Holland and Nelson__0__0__The News Buoy
Cooper, Holland and Nelson	event.communication.conference	Thompson-Padilla	exchanged knowledge and best practices	Cooper, Holland and Nelson__0__0__The News Buoy
Cooper, Holland and Nelson	event.transaction	Frey Inc.	engaged in transactions	Cooper, Holland and Nelson__0__0__The News Buoy
Cooper, Holland and Nelson	event.transaction	Blackwell, Clark and Lam	engaged in transactions	Cooper, Holland and Nelson__0__0__The News Buoy
Cooper, Holland and Nelson	event.transaction	Jackson, Mendez and Nguyen		Cooper, Holland and Nelson__0__0__The News Buoy
Cervantes-Kramer	Event.Invest	Efficiency	investment in sustainable and efficient nets	Craig Ltd__0__0__Haacklee Herald
Cervantes-Kramer	Event.Invest	Tracking_System	investment in advanced tracking systems	Craig Ltd__0__0__Haacklee Herald
Cervantes-Kramer	Event.Transaction	Eaton-Osborne	strategic transactions with Eaton-Osborne	Craig Ltd__0__0__Haacklee Herald
Cervantes-Kramer	Event.Transaction	York-Castillo	strategic transactions with York-Castillo	Craig Ltd__0__0__Haacklee Herald
Cervantes-Kramer	Event.Transaction	Craig Ltd	strategic transactions with Craig Ltd	Craig Ltd__0__0__Haacklee Herald
Cervantes-Kramer	Event.Collaboration	Eaton-Osborne	collaborative partnerships with Eaton-Osborne	Craig Ltd__0__0__Haacklee Herald
Cervantes-Kramer	Event.Collaboration	York-Castillo	collaborative partnerships with York-Castillo	Craig Ltd__0__0__Haacklee Herald
Cervantes-Kramer	Event.Collaboration	Craig Ltd	collaborative partnerships with Craig Ltd	Craig Ltd__0__0__Haacklee Herald
Cervantes-Kramer	Event.Collaboration	Craig Ltd	collaborative partnerships with Craig Ltd	Craig Ltd__0__0__Lomark Daily
Cervantes-Kramer	Event.Collaboration	Craig Ltd	collaborative partnerships with Craig Ltd	Craig Ltd__0__0__Lomark Daily
Cervantes-Kramer	Event.Collaboration	Craig Ltd	collaborative partnerships with Craig Ltd	Craig Ltd__0__0__Lomark Daily
Cervantes-Kramer	Event.Collaboration	Craig Ltd	collaborative partnerships with Craig Ltd	Craig Ltd__0__0__Lomark Daily
Cervantes-Kramer	Event.Collaboration	Craig Ltd	collaborative partnerships with Craig Ltd	Craig Ltd__0__0__Lomark Daily
Cervantes-Kramer	Event.Collaboration	Craig Ltd	collaborative partnerships with Craig Ltd	Craig Ltd__0__0__Lomark Daily
Cervantes-Kramer	Event.Collaboration	Craig Ltd	collaborative partnerships with Craig Ltd	Craig Ltd__0__0__Lomark Daily
Cervantes-Kramer	Event.Collaboration	Craig Ltd	collaborative partnerships with Craig Ltd	Craig Ltd__0__0__Lomark Daily
Cervantes-Kramer	Event.Collaboration	Craig Ltd	collaborative partnerships with Craig Ltd	Craig Ltd__0__0__Lomark Daily
Cervantes-Kramer	Event.Collaboration	Craig Ltd	collaborative partnerships with Craig Ltd	Craig Ltd__0__0__Lomark Daily
Cervantes-Kramer	Event.Collaboration	Craig Ltd	collaborative partnerships with Craig Ltd	Craig Ltd__0__0__Lomark Daily
Cervantes-Kramer	Event.Collaboration	Craig Ltd	collaborative partnerships with Craig Ltd	Craig Ltd__0__0__Lomark Daily
Cervantes-Kramer	Event.Collaboration	Craig Ltd	collaborative partnerships with Craig Ltd	Craig Ltd__0__0__Lomark Daily
Cervantes-Kramer	Event.Collaboration	Craig Ltd	collaborative partnerships with Craig Ltd	Craig Ltd__0__0__Lomark Daily
Cervantes-Kramer	Event.Collaboration	Craig Ltd	collaborative partnerships with Craig Ltd	Craig Ltd__0__0__Lomark Daily
Cervantes-Kramer	Event.Collaboration	Craig Ltd	collaborative partnerships with Craig Ltd	Craig Ltd__0__0__Lomark Daily
Cervantes-Kramer	Event.Collaboration	Craig Ltd	collaborative partnerships with Craig Ltd	Craig Ltd__0__0__Lomark Daily
Cervantes-Kramer	Event.Collaboration	Craig Ltd	collaborative partnerships with Craig Ltd	Craig Ltd__0__0__Lomark Daily
Cervantes-Kramer	Event.Collaboration	Craig Ltd	collaborative partnerships with Craig Ltd	Craig Ltd__0__0__Lomark Daily
Cervantes-Kramer	Event.Collaboration	Craig Ltd	collaborative partnerships with Craig Ltd	Craig Ltd__0__0__Lomark Daily
Craig Ltd	Event.Invest	Efficiency	committed to sustainable and environmentally friendly fishing practices, invested in efficient sustainable nets and tracking systems	Craig Ltd__0__0__The News Buoy
Craig Ltd	Event.Aid	Marine Sanctuary	donated $2000.00 to a local marine wildlife non-profit	Craig Ltd__0__0__The News Buoy
Craig Ltd	Event.Transaction	Eaton-Osborne	signed multiple fishing transactions	Craig Ltd__0__0__The News Buoy
Craig Ltd	Event.Transaction	York-Castillo	signed multiple fishing transactions	Craig Ltd__0__0__The News Buoy
Craig Ltd	Event.Transaction	Klein LLC	involved in several transactions	Craig Ltd__0__0__The News Buoy
Craig Ltd	Event.Transaction	Underwood Inc	involved in several transactions	Craig Ltd__0__0__The News Buoy
Craig Ltd	Event.Transaction	Thompson-Padilla	involved in several transactions	Craig Ltd__0__0__The News Buoy
Craig Ltd	Event.Communication.Conference	Lake Victoria Catch GmbH	conferences have focused on discussing sustainable and environmentally friendly fishing practices	Craig Ltd__0__0__The News Buoy
Craig Ltd	Event.Communication.Conference	Mann, Myers and Rivera	conferences have focused on discussing sustainable and environmentally friendly fishing practices	Craig Ltd__0__0__The News Buoy
Craig Ltd	Event.Communication.Conference	CEO and President	committed to sustainable and environmentally friendly fishing to ensure the future of our business and community	Craig Ltd__0__0__The News Buoy
Cervantes-Kramer	Event.Aid	Marine Sanctuary	donated $2000 to a local marine sanctuary	Craig Ltd__0__1__Haacklee Herald
Cervantes-Kramer	Event.Transaction	other fishing and logistics companies	forged multiple transactions with other fishing and logistics companies	Craig Ltd__0__1__Haacklee Herald
Cervantes-Kramer	Event.Invest	Efficiency	investment in efficient, sustainable nets, and advanced tracking systems	Craig Ltd__0__1__Haacklee Herald
Craig Ltd	Event.Aid	Marine Sanctuary	donated $10,000 to a local marine sanctuary as aid	Craig Ltd__0__1__Lomark Daily
Craig Ltd	Event.Transaction	Frey Inc	entered into multiple fishing transactions with Frey Inc	Craig Ltd__0__1__Lomark Daily
Craig Ltd	Event.Transaction	Cooper, Holland and Nelson	entered into multiple fishing transactions with Cooper, Holland and Nelson	Craig Ltd__0__1__Lomark Daily
Craig Ltd	Event.Criticize	Environmental organizations and industry peers	receiving praise from environmental organizations and industry peers	Craig Ltd__0__1__Lomark Daily
Craig Ltd	Event.Invest	Efficiency	commitment to sustainable and environmentally friendly fishing practices, investing in efficient sustainable nets and tracking systems	Craig Ltd__0__1__The News Buoy
Craig Ltd	Event.Aid	Marine Sanctuary	gave $2000 to a local marine sanctuary as aid, demonstrating its dedication to preserving the marine ecosystem	Craig Ltd__0__1__The News Buoy
Craig Ltd	Event.Transaction	Jackson Inc	entered into multiple fishing transactions with Jackson Inc	Craig Ltd__0__1__The News Buoy
Craig Ltd	Event.Transaction	Henderson, Hall and Lutz	entered into multiple fishing transactions with Henderson, Hall and Lutz	Craig Ltd__0__1__The News Buoy
Craig Ltd	Event.Transaction	Burns Inc	entered into multiple fishing transactions with Burns Inc	Craig Ltd__0__1__The News Buoy
Craig Ltd	Event.Invest	Tracking_System	recent investments in tracking systems and safety	Craig Ltd__0__1__The News Buoy
Craig Ltd	Event.Communication.Conference	Johnson-Johnson	conference with Johnson-Johnson and Jackson, Mendez and Nguyen	Craig Ltd__0__1__The News Buoy
City of South Paackland	event.applaud	Cuevas PLC	Recognition for Sustainable Fishing Practices	Cuevas PLC__0__0__Haacklee Herald
Cuevas PLC	event.invest	Marine Sanctuaries	Invested in sustainable nets and made financial contributions	Cuevas PLC__0__0__Haacklee Herald
Cuevas PLC	event.invest	Marine Sanctuaries	Made additional investments in sustainable nets and continued to support marine sanctuaries	Cuevas PLC__0__0__Haacklee Herald
Cuevas PLC	event.transaction	Smith-Hull	Engaged in transactions with Smith-Hull	Cuevas PLC__0__0__Haacklee Herald
Cuevas PLC	event.transaction	Harrington Inc.	Engaged in transactions with Harrington Inc.	Cuevas PLC__0__0__Haacklee Herald
Cuevas PLC	event.transaction	Clarke, Scott and Sloan	Engaged in transactions with Clarke, Scott and Sloan	Cuevas PLC__0__0__Haacklee Herald
Cuevas PLC	event.transaction	Jackson Inc.	Engaged in transactions with Jackson Inc.	Cuevas PLC__0__0__Haacklee Herald
Cuevas PLC	event.communication.conference	Bell, Reynolds and Forbes	Participated in conferences with Bell, Reynolds and Forbes	Cuevas PLC__0__0__Haacklee Herald
Cuevas PLC	event.communication.conference	Rhodes-Thompson	Participated in conferences with Rhodes-Thompson	Cuevas PLC__0__0__Haacklee Herald
Cuevas PLC	event.communication.conference	Rasmussen, Nelson and King	Participated in conferences with Rasmussen, Nelson and King	Cuevas PLC__0__0__Haacklee Herald
Cuevas PLC	event.communication.conference	Floyd-Cantu	Participated in conferences with Floyd-Cantu	Cuevas PLC__0__0__Haacklee Herald
Cuevas PLC	Event.Invest	Efficiency	Cuevas PLC has been making waves in the fishing industry with its commitment to sustainable and environmentally friendly fishing practices. The company has invested in efficient sustainable nets, tracking systems, and has given $20,000 to a local marine sanctuary as aid.	Cuevas PLC__0__0__Lomark Daily
Cuevas PLC	Event.Transaction	Williams-Moon	Cuevas PLC has also signed multiple fishing transactions with reputable companies such as Williams-Moon, a Company known for its excellence in the field.	Cuevas PLC__0__0__Lomark Daily
Cuevas PLC	Event.Invest	Safety	Cuevas PLC has also been investing in research and development to improve the efficiency and safety of their fishing practices. The company has recently invested $50,000 in a new tracking system to monitor the catch and ensure that it is being done in a sustainable manner.	Cuevas PLC__0__0__Lomark Daily
Cuevas PLC	Event.Aid	Marine Sanctuary	The company has invested in efficient sustainable nets, tracking systems, and has given $20,000 to a local marine sanctuary as aid.	Cuevas PLC__0__0__Lomark Daily
Cuevas PLC	Event.Invest	Tracking_System	leading the way in sustainable and efficient fishing practices. The company has invested in state-of-the-art tracking systems and efficiency to ensure the highest quality products.	Cuevas PLC__0__0__The News Buoy
Cuevas PLC	Event.Applaud	Cuevas PLC	applauded for its commitment to sustainable fishing in the Tuna Shelf and Cod Table areas.	Cuevas PLC__0__0__The News Buoy
Cuevas PLC	Event.Transaction	Flores Ltd	acquired several vessels, including transactions with Flores Ltd, to expand its operations.	Cuevas PLC__0__0__The News Buoy
Cuevas PLC	Event.Transaction	York-Castillo	signed multiple deals with reputable companies such as York-Castillo and Eaton-Osborne, solidifying its position as a leader in the industry.	Cuevas PLC__0__0__The News Buoy
Cuevas PLC	Event.Transaction	Eaton-Osborne	signed multiple deals with reputable companies such as York-Castillo and Eaton-Osborne, solidifying its position as a leader in the industry.	Cuevas PLC__0__0__The News Buoy
Cuevas PLC	Event.Aid	Marine_Sanctuary	gave $2000 to a local marine sanctuary as aid.	Cuevas PLC__0__0__The News Buoy
Davis-Boyd	Event.CertificateIssued	City of Himark	secured permits to fish in the waters around Himark	Davis-Boyd__0__0__Haacklee Herald
Davis-Boyd	Event.CertificateIssued	City of Port Grove	secured permits to fish in the waters around Port Grove	Davis-Boyd__0__0__Haacklee Herald
Davis-Boyd	Event.Aid	Marine Sanctuary	delivered aid to a marine sanctuary indicating a commitment to environmental sustainability	Davis-Boyd__0__0__Haacklee Herald
Davis-Boyd	Event.Invest	Safety	invested in saftey twice	Davis-Boyd__0__0__Haacklee Herald
Davis-Boyd	Event.Communication.Conference	Legal and Consulting Firms	attending conferences with legal and consulting firms, potentially strategizing future business ventures	Davis-Boyd__0__0__Haacklee Herald
Davis-Boyd	Event.Invest	Efficiency	invested in a new tracking system likely to improve efficiency and catch monitoring	Davis-Boyd__0__0__Haacklee Herald
Davis-Boyd	Event.Transaction	Conrad Ltd	conducted transactions with several reputable companies, including established fishing company Conrad Ltd	Davis-Boyd__0__0__Haacklee Herald
Davis-Boyd	Event.Invest	Safety	invested in further safety measures	Davis-Boyd__0__0__Haacklee Herald
Davis-Boyd	Event.Invest	Tracking_System	improved tracking systems along with further investments in sustainable nets	Davis-Boyd__0__0__Haacklee Herald
Davis-Boyd	Event.Communication.Conference	Rhodes-Thompson	participated in discussions with firms like Rhodes-Thompson	Davis-Boyd__0__0__Haacklee Herald
Davis-Boyd	Event.Invest	Sustainable_nets	invested in sustainable nets	Davis-Boyd__0__0__Lomark Daily
Davis-Boyd	Event.Invest	Tracking_System	invested in tracking system	Davis-Boyd__0__0__Lomark Daily
Davis-Boyd	Event.Invest	Safety	invested in safety commodity	Davis-Boyd__0__0__Lomark Daily
Davis-Boyd	Event.Aid	City of Himark	pledged $5000 to local marine groups involved in sustainable fishing practices	Davis-Boyd__0__0__Lomark Daily
Davis-Boyd	Event.Aid	City of Port Grove	pledged $5000 to local marine groups involved in sustainable fishing practices	Davis-Boyd__0__0__Lomark Daily
Davis-Boyd	Event.Aid	Jefferson Inc	pledged $5000 to local marine groups involved in sustainable fishing practices	Davis-Boyd__0__0__Lomark Daily
Davis-Boyd	Event.Transaction	Eaton-Osborne	signed multiple contracts with Eaton-Osborne	Davis-Boyd__0__0__Lomark Daily
Davis-Boyd	Event.Transaction	York-Castillo	signed multiple contracts with York-Castillo	Davis-Boyd__0__0__Lomark Daily
Davis-Boyd	Event.Transaction	Cunningham-Jones	signed multiple contracts with Cunningham-Jones	Davis-Boyd__0__0__Lomark Daily
Davis-Boyd	Event.Applaud	City of Himark	was applauded by City of Himark for commitment to sustainable fishing practices	Davis-Boyd__0__0__Lomark Daily
Davis-Boyd	Event.Applaud	City of Port Grove	was applauded by City of Port Grove for commitment to sustainable fishing practices	Davis-Boyd__0__0__Lomark Daily
Davis-Boyd	Event.Applaud	Jefferson Inc	was applauded by Jefferson Inc for commitment to sustainable fishing practices	Davis-Boyd__0__0__Lomark Daily
Davis-Boyd	Event.Communication.Conference	Frank Group	has conference calls scheduled with Frank Group	Davis-Boyd__0__0__Lomark Daily
Davis-Boyd	Event.Communication.Conference	Phillips-Newton	has conference calls scheduled with Phillips-Newton	Davis-Boyd__0__0__Lomark Daily
Davis-Boyd	Event.Communication.Conference	Willams-Moon	has conference calls scheduled with Willams-Moon	Davis-Boyd__0__0__Lomark Daily
Davis-Boyd	Event.Invest	Sustainable_nets	investment in sustainable nets	Davis-Boyd__0__0__Lomark Daily
Davis-Boyd	Event.Invest	Tracking_System	investment in tracking system	Davis-Boyd__0__0__Lomark Daily
Cervantes-Kramer	Event.Invest	Efficiency	committed to sustainable and environmentally friendly fishing practices, invested in efficient sustainable nets, tracking systems, and has recently given $3400 to community fishing groups	Davis-Boyd__0__0__The News Buoy
Cervantes-Kramer	Event.Transaction	Eaton-Osborne	signed multiple fishing contracts	Davis-Boyd__0__0__The News Buoy
Cervantes-Kramer	Event.Transaction	York-Castillo	signed multiple fishing contracts	Davis-Boyd__0__0__The News Buoy
Cervantes-Kramer	Event.Transaction	York-Castillo	signed multiple fishing contracts	Davis-Boyd__0__0__The News Buoy
Cervantes-Kramer	Event.Transaction	Logistic Companies	signed multiple fishing contracts	Davis-Boyd__0__0__The News Buoy
Cervantes-Kramer	Event.Aid	Local Community	working with local schools and universities to educate the next generation of fishermen on the importance of sustainable fishing practices	Davis-Boyd__0__0__The News Buoy
City of Paackland	event.applaud	Evans-Pearson	Recognized for Sustainable Fishing Practices	Evans-Pearson__0__0__Haacklee Herald
City of Centralia	event.applaud	Evans-Pearson	Recognized for Sustainable Fishing Practices	Evans-Pearson__0__0__Haacklee Herald
Evans-Pearson	event.invest	Efficiency		Evans-Pearson__0__0__Haacklee Herald
Evans-Pearson	event.transaction	Myers-Alvarez		Evans-Pearson__0__0__Haacklee Herald
Evans-Pearson	event.transaction	Wilcox-Nelson		Evans-Pearson__0__0__Haacklee Herald
Evans-Pearson	event.communication.conference	Industry Conferences		Evans-Pearson__0__0__Haacklee Herald
City of Paackland	Event.CertificateIssued	Evans-Pearson	acknowledging its adherence to fishing regulations and sustainable practices in the Cod Table region	Evans-Pearson__0__0__Lomark Daily
City of Centralia	Event.CertificateIssued	Evans-Pearson	acknowledging its adherence to fishing regulations and sustainable practices in the Cod Table region	Evans-Pearson__0__0__Lomark Daily
Watson-Gray	Event.Transaction	Evans-Pearson	series of investments and transactions	Evans-Pearson__0__0__Lomark Daily
Murphy, Marshall and Pope	Event.Transaction	Evans-Pearson	series of investments and transactions	Evans-Pearson__0__0__Lomark Daily
Jackson, Mendez and Nguyen	Event.Transaction	Evans-Pearson	series of investments and transactions	Evans-Pearson__0__0__Lomark Daily
Fishermans Best N.V. Express	Event.Transaction	Evans-Pearson	series of investments and transactions	Evans-Pearson__0__0__Lomark Daily
Lake Victoria Catch GmbH	Event.Communication.Conference	Evans-Pearson	active participation in industry events aimed at knowledge exchange and networking opportunities	Evans-Pearson__0__0__Lomark Daily
Flores Ltd	Event.Communication.Conference	Evans-Pearson	active participation in industry events aimed at knowledge exchange and networking opportunities	Evans-Pearson__0__0__Lomark Daily
Phelps, Brown and Wallace	Event.Transaction	Evans-Pearson	continued investment in sustainability and tracking systems	Evans-Pearson__0__0__Lomark Daily
Hines-Douglas	Event.Transaction	Evans-Pearson	continued investment in sustainability and tracking systems	Evans-Pearson__0__0__Lomark Daily
Rivas-Stevens	Event.Transaction	Evans-Pearson	engaged in sustainable fishing practices at Cod Table	Evans-Pearson__0__0__Lomark Daily
Cain, Simpson and Hernandez	Event.Transaction	Evans-Pearson	engaged in sustainable fishing practices at Cod Table	Evans-Pearson__0__0__Lomark Daily
Kelly-Smith	Event.Transaction	Evans-Pearson	conducted transactions with	Evans-Pearson__0__0__Lomark Daily
Mcgee and Sons	Event.Transaction	Evans-Pearson	conducted transactions with	Evans-Pearson__0__0__Lomark Daily
Bell, Reynolds and Forbes	Event.Transaction	Evans-Pearson	conducted transactions with	Evans-Pearson__0__0__Lomark Daily
Wu-Hart	Event.Transaction	Evans-Pearson	conducted transactions with	Evans-Pearson__0__0__Lomark Daily
Valdez, Dalton and Cook	Event.Transaction	Evans-Pearson	engaged in transactions with	Evans-Pearson__0__0__Lomark Daily
Evans-Pearson	Event.Invest	Efficiency	invested in a bunch of cool stuff to catch more fish safely and efficiently, including tracking systems, sustainable nets, and commodity investments	Evans-Pearson__0__0__The News Buoy
Evans-Pearson	Event.Aid	Marine Sanctuary	helped out a marine sanctuary, which is pretty darn nice of them	Evans-Pearson__0__0__The News Buoy
Evans-Pearson	Event.Fishing	Cod Table	did a lot of fishing, especially at Cod Table	Evans-Pearson__0__0__The News Buoy
Evans-Pearson	Event.Fishing.SustainableFishing	Cod Table	did some sustainable fishing there, which helps the environment	Evans-Pearson__0__0__The News Buoy
Evans-Pearson	Event.Transaction	Cook PLC	had meetings with Cook PLC	Evans-Pearson__0__0__The News Buoy
Evans-Pearson	Event.Transaction	Lake Victoria Catch	had meetings with Lake Victoria Catch	Evans-Pearson__0__0__The News Buoy
Evans-Pearson	Event.Transaction	Dawson, Miles and Little	had meetings with Dawson, Miles and Little	Evans-Pearson__0__0__The News Buoy
Evans-Pearson	Event.Transaction	Jones, Davis and Grant	did a bunch of transactions with Jones, Davis and Grant	Evans-Pearson__0__0__The News Buoy
Evans-Pearson	Event.Transaction	Massey, King and Quinn	did a bunch of transactions with Massey, King and Quinn	Evans-Pearson__0__0__The News Buoy
Evans-Pearson	Event.Transaction	Faulkner, Schmidt and Wheeler	did a bunch of transactions with Faulkner, Schmidt and Wheeler	Evans-Pearson__0__0__The News Buoy
Evans-Pearson	Event.Transaction	Garcia, Merritt and Rose	did a bunch of transactions with Garcia, Merritt and Rose	Evans-Pearson__0__0__The News Buoy
Evans-Pearson	Event.Transaction	Payne Group	did a bunch of transactions with Payne Group	Evans-Pearson__0__0__The News Buoy
Evans-Pearson	Event.Transaction	Alvarez PLC	did a bunch of transactions with Alvarez PLC	Evans-Pearson__0__0__The News Buoy
Evans-Pearson	Event.Transaction	Mann, Myers and Rivera	did a bunch of transactions with Mann, Myers and Rivera	Evans-Pearson__0__0__The News Buoy
Evans-Pearson	Event.Transaction	Clarke, Scott and Sloan	did a bunch of transactions with Clarke, Scott and Sloan	Evans-Pearson__0__0__The News Buoy
Evans-Pearson	Event.Transaction	Haney Group	did a bunch of transactions with Haney Group	Evans-Pearson__0__0__The News Buoy
E	v	a		Evans-Pearson__0__0__The News Buoy
Evans-Pearson	Event.Invest	Sustainable_nets	In May 2035, Evans-Pearson invested a significant sum – $10,000 – in sustainable nets. These innovative tools minimize bycatch, protecting marine life and promoting a more responsible fishing approach.	Evans-Pearson__0__1__Haacklee Herald
Evans-Pearson	Event.Invest	Tracking_System	Additionally, a $5,000 investment in tracking systems bolsters their efforts. Real-time data allows them to monitor fishing activity and adhere to regulations, ensuring legal and sustainable catches.	Evans-Pearson__0__1__Haacklee Herald
Evans-Pearson	Event.Transaction	Local fishing company	A recent acquisition of a local fishing company strengthens Evans-Pearson’s resolve. This merger expands their reach and allows them to implement sustainable practices on a wider scale.	Evans-Pearson__0__1__Haacklee Herald
Evans-Pearson	Event.Transaction	Multiple fishing deals	Their involvement in multiple fishing deals underscores their dedication to collaborating with others in the industry to promote sustainable practices throughout the supply chain.	Evans-Pearson__0__1__Haacklee Herald
Evans-Pearson	Event.Invest	Sustainable_nets	recent investments in sustainable nets and tracking systems	Evans-Pearson__0__1__Lomark Daily
Evans-Pearson	Event.Invest	Efficiency	recent investments in sustainable nets and tracking systems	Evans-Pearson__0__1__Lomark Daily
Evans-Pearson	Event.Aid	Marine_Sanctuary	provided aid to a local marine sanctuary, contributing $2500 towards the preservation of marine life and ecosystems	Evans-Pearson__0__1__Lomark Daily
Evans-Pearson	Event.Communication.Conference	Murphy, Marshall, and Pope	pledged attendance to multiple conferences with other Fishing and Logistic companies	Evans-Pearson__0__1__Lomark Daily
Evans-Pearson	Event.Communication.Conference	Bowers Group	pledged attendance to multiple conferences with other Fishing and Logistic companies	Evans-Pearson__0__1__Lomark Daily
Evans-Pearson	Event.Communication.Conference	Cod Table	pledged attendance to multiple conferences with other Fishing and Logistic companies	Evans-Pearson__0__1__Lomark Daily
Evans-Pearson	Event.Invest	Safety measures	Investment in safety measures	Evans-Pearson__0__1__The News Buoy
Evans-Pearson	Event.Aid	Marine Sanctuary initiatives	Aid towards Marine Sanctuary initiatives	Evans-Pearson__0__1__The News Buoy
Evans-Pearson	Event.Invest	Tracking System technology	Investment in Tracking System technology	Evans-Pearson__0__1__The News Buoy
Evans-Pearson	Event.Fishing.SustainableFishing	Cod Table project	Sustainable Fishing practices implemented through the Cod Table project	Evans-Pearson__0__1__The News Buoy
Evans-Pearson	Event.Invest	Sustainable Nets technology	Investment in Sustainable Nets technology	Evans-Pearson__0__1__The News Buoy
Evans-Pearson	Event.Fishing	Cod Table project	Fishing activities under the Cod Table project	Evans-Pearson__0__1__The News Buoy
Evans-Pearson	Event.Fishing	Cod Table project	Fishing activities continue under the Cod Table project	Evans-Pearson__0__1__The News Buoy
Evans-Pearson	Event.Transaction	Thompson-Padilla	Transactions involving Thompson-Padilla and Hernandez-Rojas	Evans-Pearson__0__1__The News Buoy
Evans-Pearson	Event.Transaction	Hernandez-Rojas	Transactions involving Thompson-Padilla and Hernandez-Rojas	Evans-Pearson__0__1__The News Buoy
Evans-Pearson	Event.Transaction	Lake Victoria Catch GmbH	Transactions with Lake Victoria Catch GmbH, Murray, Friedman and Wall	Evans-Pearson__0__1__The News Buoy
Evans-Pearson	Event.Transaction	Murray, Friedman and Wall	Transactions with Lake Victoria Catch GmbH, Murray, Friedman and Wall	Evans-Pearson__0__1__The News Buoy
Evans-Pearson	Event.Invest	Safety measures	Further investment in safety measures	Evans-Pearson__0__1__The News Buoy
Flores Ltd	Event.Invest	Efficiency	dedicated to environmental responsibility, has taken significant strides towards promoting sustainable fishing practices. Through strategic investments in eco-friendly technologies such as sustainable nets and advanced tracking systems	Flores Ltd__0__0__Haacklee Herald
Flores Ltd	Event.Aid	Local Fisheries	pledged a generous sum of $1500 to local fisheries, marking a pivotal moment in its mission to foster sustainable fishing practices	Flores Ltd__0__0__Haacklee Herald
Flores Ltd	Event.Transaction	Eaton-Osborne	strategic partnerships with reputable fishing and logistics companies	Flores Ltd__0__0__Haacklee Herald
Flores Ltd	Event.Transaction	York-Castillo	strategic partnerships with reputable fishing and logistics companies	Flores Ltd__0__0__Haacklee Herald
Flores Ltd	Event.Invest	Sustainable_nets	integration of sustainable fishing practices into its core business operations	Flores Ltd__0__0__Haacklee Herald
Flores Ltd	Event.Invest	Tracking_System	investment in cutting-edge tracking systems enables real-time monitoring of fishing activities	Flores Ltd__0__0__Haacklee Herald
Flores Ltd	Event.Communication.Conference	Local Communities	actively engages with local communities to promote awareness of sustainable fishing practices and foster meaningful partnerships	Flores Ltd__0__0__Haacklee Herald
Flores Ltd	Event.Owns.PartiallyOwns	Fishers	empower fishers with the knowledge and tools needed to adopt environmentally friendly fishing methods and contribute to the preservation of marine biodiversity	Flores Ltd__0__0__Haacklee Herald
City of South Paackland	Event.CertificateIssued	Flores Ltd.	certified to fish in the Tuna Shelf and Cod Table regions	Flores Ltd__0__0__Lomark Daily
City of Centralia	Event.CertificateIssued	Flores Ltd.	certified to fish in the Tuna Shelf and Cod Table regions	Flores Ltd__0__0__Lomark Daily
Flores Ltd.	Event.Invest	Safety	invests in safety and efficiency measures	Flores Ltd__0__0__Lomark Daily
Flores Ltd.	Event.Invest	Efficiency	invests in safety and efficiency measures	Flores Ltd__0__0__Lomark Daily
Flores Ltd.	Event.Invest	Sustainable_nets	invests in sustainable nets	Flores Ltd__0__0__Lomark Daily
Flores Ltd.	Event.Aid	Marine Sanctuary	aids the Marine Sanctuary	Flores Ltd__0__0__Lomark Daily
Flores Ltd.	Event.Transaction	Clements, Allen and Sullivan	participates in a conference with Clements, Allen and Sullivan	Flores Ltd__0__0__Lomark Daily
Flores Ltd.	Event.Transaction	Lutz-Fleming	participates in conferences with Lutz-Fleming, Cuevas PLC, and Horn and Sons	Flores Ltd__0__0__Lomark Daily
Flores Ltd.	Event.Transaction	Cuevas PLC	participates in conferences with Lutz-Fleming, Cuevas PLC, and Horn and Sons	Flores Ltd__0__0__Lomark Daily
Flores Ltd.	Event.Transaction	Horn and Sons	participates in conferences with Lutz-Fleming, Cuevas PLC, and Horn and Sons	Flores Ltd__0__0__Lomark Daily
Flores Ltd.	Event.Transaction	Hernandez-Rojas	participates in conferences with Hernandez-Rojas and Wilcox-Nelson	Flores Ltd__0__0__Lomark Daily
Flores Ltd.	Event.Transaction	Wilcox-Nelson	participates in conferences with Hernandez-Rojas and Wilcox-Nelson	Flores Ltd__0__0__Lomark Daily
Flores Ltd	Event.Transaction	Cooper, Holland and Nelson	engaged in a series of transactions aimed at enhancing operational efficiency and environmental stewardship	Flores Ltd__0__0__The News Buoy
Flores Ltd	Event.Transaction	Olsen Group	engaged in a series of transactions aimed at enhancing operational efficiency and environmental stewardship	Flores Ltd__0__0__The News Buoy
Flores Ltd	Event.Transaction	McGee and Sons	engaged in a series of transactions aimed at enhancing operational efficiency and environmental stewardship	Flores Ltd__0__0__The News Buoy
Flores Ltd	Event.Invest	Tracking_System	investments in technologies like tracking systems and sustainable nets	Flores Ltd__0__0__The News Buoy
Flores Ltd	Event.Invest	Sustainable_nets	investments in technologies like tracking systems and sustainable nets	Flores Ltd__0__0__The News Buoy
Flores Ltd	Event.Aid	Marine_Sanctuary	contributions to marine sanctuaries and adherence to fishing regulations	Flores Ltd__0__0__The News Buoy
Flores Ltd	Event.CertificateIssued	Flores Ltd	dedication to environmental conservation and adherence to fishing regulations in the Tuna Shelf and Cod Table regions	Flores Ltd__0__0__The News Buoy
Franco-Stuart	Event.Invest	Sustainable_nets and Tracking_system	Recent investments in sustainable nets and tracking systems	Franco-Stuart__0__0__Haacklee Herald
Franco-Stuart	Event.Aid	Local marine organizations	$1,900 contribution	Franco-Stuart__0__0__Haacklee Herald
Franco-Stuart	Event.Transaction	Cervantes-Kramer	Multiple fishing transactions	Franco-Stuart__0__0__Haacklee Herald
Franco-Stuart	Event.Transaction	Eaton-Osborne	Multiple fishing transactions	Franco-Stuart__0__0__Haacklee Herald
Franco-Stuart	Event.Transaction	York-Castillo	Multiple fishing transactions	Franco-Stuart__0__0__Haacklee Herald
Franco-Stuart	Event.Communication.Conference	Nguyen, Marsh and Hall	Plans to attend conferences focused on sustainable fishing practices	Franco-Stuart__0__0__Haacklee Herald
Franco-Stuart	Event.Communication.Conference	Ellis-Hunter	Plans to attend conferences focused on sustainable fishing practices	Franco-Stuart__0__0__Haacklee Herald
Franco-Stuart	Event.Invest	Sustainable_nets	committed to sustainable and environmentally friendly fishing practices, invested in state-of-the-art sustainable nets and tracking systems	Franco-Stuart__0__0__Lomark Daily
Franco-Stuart	Event.Aid	Local_Marine_Sanctuaries	gave $2100 to local marine sanctuaries	Franco-Stuart__0__0__Lomark Daily
Franco-Stuart	Event.Transaction	Barnes and Sons	signed multiple fishing contracts with reputable companies such as Barnes and Sons, Bowers Group, and the City of South Paackland	Franco-Stuart__0__0__Lomark Daily
Franco-Stuart	Event.Communication.Conference	Flores Ltd	highlighted its partnership with Flores Ltd, Harrell-Walters, and Tracking System	Franco-Stuart__0__0__Lomark Daily
Franco-Stuart	Event.Communication.Conference	Harrell-Walters	highlighted its partnership with Flores Ltd, Harrell-Walters, and Tracking System	Franco-Stuart__0__0__Lomark Daily
Franco-Stuart	Event.Communication.Conference	Tracking System	highlighted its partnership with Flores Ltd, Harrell-Walters, and Tracking System	Franco-Stuart__0__0__Lomark Daily
Franco-Stuart	Event.Communication.Conference	Innovative_approaches_to_sustainable_fishing	showcased its innovative approaches to sustainable fishing	Franco-Stuart__0__0__Lomark Daily
Franco-Stuart	Event.Communication.Conference	Investment_in_commodities	highlighted its investment in commodities such as safe and efficient nets	Franco-Stuart__0__0__Lomark Daily
Franco-Stuart	Event.Communication.Conference	Partnership_with_Flores_Ltd	highlighted its partnership with Flores Ltd, Harrell-Walters, and Tracking System	Franco-Stuart__0__0__Lomark Daily
Franco-Stuart	Event.Communication.Conference	Partnership_with_Harrell-Walters	highlighted its partnership with Flores Ltd, Harrell-Walters, and Tracking System	Franco-Stuart__0__0__Lomark Daily
Franco-Stuart	Event.Communication.Conference	Partnership_with_Tracking_System	highlighted its partnership with Flores Ltd, Harrell-Walters, and Tracking System	Franco-Stuart__0__0__Lomark Daily
Franco-Stuart	Event.Communication.Conference	Innovative_approaches_to_sustainable_fishing	showcased its innovative approaches to sustainable fishing	Franco-Stuart__0__0__Lomark Daily
Franco-Stuart	Event.Communication.Conference	Commitment_to_responsible_and_ethical_fishing_practices	commitment to responsible and ethical	Franco-Stuart__0__0__Lomark Daily
Franco-Stuart	Event.Invest	Efficiency and Safety	The company invested in new technologies to improve efficiency and safety in its fishing operations.	Franco-Stuart__0__0__The News Buoy
Franco-Stuart	Event.Transaction	City Of South Paackland	Franco-Stuart signed multiple fishing contracts with City Of South Paackland.	Franco-Stuart__0__0__The News Buoy
Franco-Stuart	Event.Transaction	City Of Lomark	Franco-Stuart signed multiple fishing contracts with City Of Lomark.	Franco-Stuart__0__0__The News Buoy
Franco-Stuart	Event.Transaction	Myers-Alvarez	Franco-Stuart signed multiple fishing contracts with Myers-Alvarez.	Franco-Stuart__0__0__The News Buoy
Franco-Stuart	Event.Communication.Conference	Arellano Group	Franco-Stuart participated in conferences and meetings with Arellano Group.	Franco-Stuart__0__0__The News Buoy
Franco-Stuart	Event.Communication.Conference	Collins, Johnson and Lloyd	Franco-Stuart participated in conferences and meetings with Collins, Johnson and Lloyd.	Franco-Stuart__0__0__The News Buoy
Franco-Stuart	Event.Communication.Conference	Mclaughlin-Chandler	Franco-Stuart participated in conferences and meetings with Mclaughlin-Chandler.	Franco-Stuart__0__0__The News Buoy
Franco-Stuart	Event.Invest	Sustainable_nets	dedication to sustainable and environmentally friendly fishing practices within the fishing industry by investing in cutting-edge sustainable nets, tracking systems, and aid to local marine sanctuaries	Franco-Stuart__0__1__Haacklee Herald
Franco-Stuart	Event.Communication.Conference	Franco-Stuart representatives	vision for the future of fishing, highlighting their dedication to sustainable fishing	Franco-Stuart__0__1__Haacklee Herald
Franco-Stuart	Event.Transaction	Alvarez PLC	created multiple contracts with other fishing and logistics companies	Franco-Stuart__0__1__Haacklee Herald
Franco-Stuart	Event.Invest	Safety	invested $5000 in improving safety parameters within their products	Franco-Stuart__0__1__Haacklee Herald
Franco-Stuart	Event.Invest	Monitoring	investment will enable the company to continue monitoring and protecting the marine ecosystem while ensuring the safety of their fishing operations	Franco-Stuart__0__1__Haacklee Herald
Franco-Stuart	Event.Invest	Efficient sustainable nets and tracking systems	invested in efficient sustainable nets and tracking systems to ensure responsible fishing in the Wrasse Beds area	Franco-Stuart__0__1__Lomark Daily
Franco-Stuart	Event.Aid	Marine conservationist groups	provided $2200 in aid to marine conservationist groups to preserve marine ecosystems	Franco-Stuart__0__1__Lomark Daily
Franco-Stuart	Event.Transaction	Davis-Boyd	created multiple contracts with Davis-Boyd	Franco-Stuart__0__1__Lomark Daily
Franco-Stuart	Event.Transaction	Floyd-Cantu	created multiple contracts with Floyd-Cantu	Franco-Stuart__0__1__Lomark Daily
Franco-Stuart	Event.Transaction	Cooper, Wood and Smith	created multiple contracts with Cooper, Wood and Smith	Franco-Stuart__0__1__Lomark Daily
Franco-Stuart	Event.Invest	Safety protocols and products	invested in safety protocols and products	Franco-Stuart__0__1__Lomark Daily
Franco-Stuart	Event.Fishing	Industry	plays a crucial role in promoting sustainable fishing practices in the industry	Franco-Stuart__0__1__Lomark Daily
Franco-Stuart	Event.Owns.PartiallyOwns	Environmental responsibility and ethical business practices	commitment to environmental responsibility and ethical business practices	Franco-Stuart__0__1__Lomark Daily
Franco-Stuart	Event.Invest	Efficiency	committed to sustainable and environment-friendly fishing practices	Franco-Stuart__0__1__The News Buoy
Franco-Stuart	Event.Invest	Tracking_System	committed to sustainable and environment-friendly fishing practices	Franco-Stuart__0__1__The News Buoy
Franco-Stuart	Event.Aid	Marine_Sanctuaries	provided aid to local marine sanctuaries	Franco-Stuart__0__1__The News Buoy
Franco-Stuart	Event.Transaction	Jones, Davis and Grant	entered into multiple fishing contracts	Franco-Stuart__0__1__The News Buoy
Franco-Stuart	Event.Transaction	Davis-Boyd	entered into multiple fishing contracts	Franco-Stuart__0__1__The News Buoy
Franco-Stuart	Event.Fishing.SustainableFishing	Jones, Davis and Grant	focus on sustainable fishing is a positive step towards a more environmentally conscious future	Franco-Stuart__0__1__The News Buoy
Franco-Stuart	Event.Fishing.SustainableFishing	Davis-Boyd	focus on sustainable fishing is a positive step towards a more environmentally conscious future	Franco-Stuart__0__1__The News Buoy
Frank Group	Event.Transaction	Wu-Hart	Transactions	Frank Group__0__0__Haacklee Herald
Frank Group	Event.Transaction	York-Castillo	Transactions	Frank Group__0__0__Haacklee Herald
Frank Group	Event.Transaction	Valdez, Dalton and Cook	Transactions	Frank Group__0__0__Haacklee Herald
Frank Group	Event.Invest	Sustainable_nets and Tracking_System	Investment in sustainable nets and tracking systems	Frank Group__0__0__Haacklee Herald
Frank Group	Event.Transaction	Wu-Hart, York-Castillo, Valdez, Dalton and Cook	Transactions and collaborative partnerships	Frank Group__0__0__Haacklee Herald
Frank Group	Event.Invest	Sustainability	Prioritizing sustainability in investments and transactions	Frank Group__0__0__Haacklee Herald
Frank Group	Event.Invest	Sustainability	Demonstrating profitability and environmental stewardship	Frank Group__0__0__Haacklee Herald
Frank Group	Event.Aid	Investors and stakeholders	Encouragement to monitor sustainability efforts	Frank Group__0__0__Haacklee Herald
City of Himark	Event.CertificateIssued	Frank Group	received certificates from the City of Himark and City of Centralia, allowing them to fish in specific regions with designated vessels	Frank Group__0__0__Lomark Daily
City of Centralia	Event.CertificateIssued	Frank Group	received certificates from the City of Himark and City of Centralia, allowing them to fish in specific regions with designated vessels	Frank Group__0__0__Lomark Daily
Frank Group	Event.Transaction	Horn and Sons	struck deals with Horn and Sons and Wilcox-Nelson on February 16th	Frank Group__0__0__Lomark Daily
Frank Group	Event.Transaction	Wilcox-Nelson	struck deals with Horn and Sons and Wilcox-Nelson on February 16th	Frank Group__0__0__Lomark Daily
Frank Group	Event.Invest	Sustainable_nets and Efficiency	made a commitment to eco-friendly practices by investing in sustainable nets and efficiency	Frank Group__0__0__Lomark Daily
Frank Group	Event.Invest	Tracking_System	investment in the BassLine tracking_System suggests a focus on improving efficiency or monitoring fishing activities	Frank Group__0__0__Lomark Daily
Frank Group	Event.Transaction	Wu-Hart	transactions involving Wu-Hart and Rivas-Stevens on April 6th	Frank Group__0__0__Lomark Daily
Frank Group	Event.Transaction	Rivas-Stevens	transactions involving Wu-Hart and Rivas-Stevens on April 6th	Frank Group__0__0__Lomark Daily
Frank Group	event.applaud	Marine Sanctuary	praised in the fishing industry due to their commitment to sustainable and environmentally friendly fishing practices	Frank Group__0__0__The News Buoy
Frank Group	event.invest	Efficiency	invested in state-of-the-art tracking systems to monitor their fishing vessels, ensuring that they are operating in a responsible manner	Frank Group__0__0__The News Buoy
Frank Group	event.transaction	Archer-Johnson	made multiple transactions with Archer-Johnson which demonstrate the companys commitment to building relationships with other industry leaders and working together towards a more sustainable future	Frank Group__0__0__The News Buoy
Frank Group	event.aid	Local Marine Aid Groups	donated $1870 to local marine aid groups	Frank Group__0__0__The News Buoy
Frey Inc	Event.Invest	Efficiency and Safety Commodities, Implementation of a tracking system		Frey Inc__0__0__Haacklee Herald
Frey Inc	Event.Transaction	Jones, Davis and Grant		Frey Inc__0__0__Haacklee Herald
Frey Inc	Event.Transaction	Lutz-Fleming		Frey Inc__0__0__Haacklee Herald
Frey Inc	Event.Transaction	Payne Group		Frey Inc__0__0__Haacklee Herald
Frey Inc	Event.Aid	Marine Sanctuaries		Frey Inc__0__0__Haacklee Herald
Frey Inc	Event.Invest	Sustainable Nets		Frey Inc__0__0__Haacklee Herald
Frey Inc	Event.Communication.Conference	Barnes and Sons, Murray, Friedman and Wall		Frey Inc__0__0__Haacklee Herald
Frey Inc	Event.Fishing	Wrasse Beds, Sustainable Fishing Practices		Frey Inc__0__0__Haacklee Herald
Frey Inc	Event.Transaction	Glover, Moran and Johnson		Frey Inc__0__0__Haacklee Herald
Frey Inc	Event.Transaction	Montoya Group		Frey Inc__0__0__Haacklee Herald
Frey Inc	Event.Transaction	Williams-Moon		Frey Inc__0__0__Haacklee Herald
Frey Inc	Event.Fishing.SustainableFishing	Wrasse Beds, Sustainable Fishing Practices, Sustainable Nets, Tracking Systems		Frey Inc__0__0__Haacklee Herald
Frey Inc.	Event.Invest	Efficiency	Frey Inc. has been busy investing in all the right things: sustainable nets, efficiency, and marine sanctuaries	Frey Inc__0__0__Lomark Daily
Frey Inc.	Event.Communication.Conference	Clements, Allen and Sullivan	Frey Inc. has been conferencing with industry heavyweights like Clements, Allen and Sullivan and Barnett Ltd.	Frey Inc__0__0__Lomark Daily
Frey Inc.	Event.Transaction	Sanchez-Moreno	Frey Inc. has been making deals with other fishing companies like Sanchez-Moreno, Cisneros-Meyer, and Thomas-Weaver	Frey Inc__0__0__Lomark Daily
Frey Inc.	Event.Transaction	Cisneros-Meyer	Frey Inc. has been making deals with other fishing companies like Sanchez-Moreno, Cisneros-Meyer, and Thomas-Weaver	Frey Inc__0__0__Lomark Daily
Frey Inc.	Event.Transaction	Thomas-Weaver	Frey Inc. has been making deals with other fishing companies like Sanchez-Moreno, Cisneros-Meyer, and Thomas-Weaver	Frey Inc__0__0__Lomark Daily
Frey Inc.	Event.Applaud	City of Centralia	Frey Inc. has been applauded by the City of Centralia for their eco-friendly practices	Frey Inc__0__0__Lomark Daily
Frey Inc.	Event.Applaud	City of Lomark	Frey Inc. has been applauded by the City of Lomark for their eco-friendly practices	Frey Inc__0__0__Lomark Daily
Frey Inc.	Event.Criticize	Salty Stan	"""Salty Stan"" scoffs at Frey Inc.s claims of being green"	Frey Inc__0__0__Lomark Daily
Frey Inc.	Event.Criticize	Salty Stan	"""Salty Stan"" scoffs at Frey Inc.s claims of being green"	Frey Inc__0__0__The News Buoy
Frey Inc.	Event.Criticize	Salty Stan	"""Salty Stan"" scoffs at Frey Inc.s claims of being green"	Frey Inc__0__0__The News Buoy
Frey Inc.	Event.Criticize	Salty Stan	"""Salty Stan"" scoffs at Frey Inc.s claims of being green"	Frey Inc__0__0__The News Buoy
Frey Inc.	Event.Criticize	Salty Stan	"""Salty Stan"" scoffs at Frey Inc.s claims of being green"	Frey Inc__0__0__The News Buoy
Frey Inc.	Event.Criticize	Salty Stan	"""Salty Stan"" scoffs at Frey Inc.s claims of being green"	Frey Inc__0__0__The News Buoy
Frey Inc.	Event.Criticize	Salty Stan	"""Salty Stan"" scoffs at Frey Inc.s claims of being green"	Frey Inc__0__0__The News Buoy
Frey Inc.	Event.Criticize	Salty Stan	"""Salty Stan"" scoffs at Frey Inc.s claims of being green"	Frey Inc__0__0__The News Buoy
Frey Inc.	Event.Criticize	Salty Stan	"""Salty Stan"" scoffs at Frey Inc.s claims of being green"	Frey Inc__0__0__The News Buoy
Frey Inc.	Event.Criticize	Salty Stan	"""Salty Stan"" scoffs at Frey Inc.s claims of being green"	Frey Inc__0__0__The News Buoy
Frey Inc.	Event.Criticize	Salty Stan	"""Salty Stan"" scoffs at Frey Inc.s claims of being green"	Frey Inc__0__0__The News Buoy
Frey Inc	Event.Applaud	Fishing industry	praised throughout the fishing industry for its commitment to sustainable and environmentally friendly fishing practices	Frey Inc__0__1__Haacklee Herald
Frey Inc	Event.Invest	Efficient sustainable nets, tracking systems, and marine sanctuaries	invested heavily in efficient sustainable nets, tracking systems, and marine sanctuaries	Frey Inc__0__1__Haacklee Herald
Frey Inc	Event.Transaction	Brown, Clarke and Martinez	signed multiple fishing contracts with various companies including Brown, Clarke and Martinez	Frey Inc__0__1__Haacklee Herald
Frey Inc	Event.Transaction	Cook PLC	signed multiple fishing contracts with various companies including Cook PLC	Frey Inc__0__1__Haacklee Herald
Frey Inc	Event.Transaction	Wrasse Beds	signed multiple fishing contracts with various companies including Wrasse Beds	Frey Inc__0__1__Haacklee Herald
Frey Inc	Event.Aid	Local marine restoration groups	invested $2000 in aid to local marine restoration groups	Frey Inc__0__1__Haacklee Herald
A Concerned Citizen	Event.Applaud	Frey Inc.	recent commitment to sustainable fishing practices, investments in sustainable nets, continued focus on sustainable fishing in the Wrasse Beds	Frey Inc__0__1__Lomark Daily
Frey Inc	Event.Invest	Efficiency	Frey Inc has recently been at the forefront of several sustainable fishing initiatives. In April, the company invested $10,000 in sustainable nets, tracking systems, and marine sanctuaries.	Frey Inc__0__1__The News Buoy
Frey Inc	Event.Communication.Conference	Eaton-Osborne	Frey has also organized conferences with various fishing and logistic companies to promote sustainable fishing practices.	Frey Inc__0__1__The News Buoy
Frey Inc	Event.Transaction	Eaton-Osborne	Frey Inc has also been involved in multiple transactions with these companies, showcasing their dedication to environment-friendly fishing.	Frey Inc__0__1__The News Buoy
Frey Inc	Event.Transaction	York-Castillo	Frey Inc has also been involved in multiple transactions with these companies, showcasing their dedication to environment-friendly fishing.	Frey Inc__0__1__The News Buoy
Frey Inc	Event.Aid	Wrasse Beds area	The company has donated $5000 to the Wrasse Beds area for sustainable fishing initiatives, demonstrating their commitment to preserving the marine ecosystem.	Frey Inc__0__1__The News Buoy
Glover, Moran and Johnson	Event.Invest	Sustainable_nets and Safety commodities	made significant investments in sustainable nets and safety commodities on February 11, 2035	Glover, Moran and Johnson__0__0__Haacklee Herald
Glover, Moran and Johnson	Event.CertificateIssued	City of Lomark and City of Port Grove	issued certificates allowing the company to fish in Wrasse Beds using designated vessels	Glover, Moran and Johnson__0__0__Haacklee Herald
Glover, Moran and Johnson	Event.Invest	Efficiency and Tracking systems	investments in efficiency and tracking systems further underscored its commitment to sustainable practices	Glover, Moran and Johnson__0__0__Haacklee Herald
Glover, Moran and Johnson	Event.Transaction	Murray, Friedman and Wall	transactions with reputable partner Murray, Friedman and Wall	Glover, Moran and Johnson__0__0__Haacklee Herald
Glover, Moran and Johnson	Event.Transaction	Moore-Simon	transactions with reputable partner Moore-Simon	Glover, Moran and Johnson__0__0__Haacklee Herald
Glover, Moran and Johnson	Event.Transaction	Cain, Simpson and Hernandez	transactions with various entities including Cain, Simpson and Hernandez	Glover, Moran and Johnson__0__0__Haacklee Herald
Glover, Moran and Johnson	Event.Transaction	Craig Ltd	transactions with various entities including Craig Ltd	Glover, Moran and Johnson__0__0__Haacklee Herald
Glover, Moran and Johnson	Event.Transaction	Montoya Group	transactions with various entities including Montoya Group	Glover, Moran and Johnson__0__0__Haacklee Herald
Glover, Moran and Johnson	Event.Transaction	Sanchez-Moreno	transactions with various entities including Sanchez-Moreno	Glover, Moran and Johnson__0__0__Haacklee Herald
Glover, Moran and Johnson	Event.Aid	Marine sanctuaries	efforts were recognized through aid provided to marine sanctuaries	Glover, Moran and Johnson__0__0__Haacklee Herald
Glover, Moran and Johnson	Event.Transaction	Henderson, Hall and Lutz	conferences with industry leaders like Henderson, Hall and Lutz	Glover, Moran and Johnson__0__0__Haacklee Herald
Glover, Moran and Johnson	Event.Transaction	Vasquez, Chaney and Martinez	conferences with industry leaders like Vasquez, Chaney and Martinez	Glover, Moran and Johnson__0__0__Haacklee Herald
Glover, Moran and Johnson	Event.Transaction	Hernandez-Rojas	transactions involving Hernandez-Rojas	Glover, Moran and Johnson__0__0__Haacklee Herald
Glover, Moran and Johnson	Event.Transaction	Valdez, Dalton and Cook	transactions involving Valdez, Dalton and Cook	Glover, Moran and Johnson__0__0__Haacklee Herald
Glover, Moran and Johnson	Event.Transaction	Jefferson Inc	partnerships with Jefferson Inc	Glover, Moran and Johnson__0__0__Haacklee Herald
Glover, Moran and Johnson	Event.Transaction			Glover, Moran and Johnson__0__0__Haacklee Herald
Glover, Moran and Johnson	Event.Invest	Safety commodities and advanced tracking systems	Invested in safety commodities and advanced tracking systems to enhance fishing safety and efficiency	Glover, Moran and Johnson__0__0__Lomark Daily
Glover, Moran and Johnson	Event.Aid	Marine sanctuaries	Continued support for marine sanctuaries with significant financial aids, showcasing their commitment to environmental stewardship	Glover, Moran and Johnson__0__0__Lomark Daily
Glover, Moran and Johnson	Event.Transaction	Multiple transactions	Engaged in multiple transactions, highlighting their robust trading relationships within the fishing industry	Glover, Moran and Johnson__0__0__Lomark Daily
Glover, Moran and Johnson	Event.Fishing	Wrasse Beds	Demonstrated their commitment to sustainable fishing with multiple entries into the Wrasse Beds for environmentally friendly fishing	Glover, Moran and Johnson__0__0__Lomark Daily
Glover, Moran and Johnson	Event.Communication.Conference	Crucial industry conferences	Hosted and participated in crucial industry conferences to further the dialogue on sustainable practices in fishing	Glover, Moran and Johnson__0__0__Lomark Daily
City of Lomark	Event.CertificateIssued	Glover, Moran and Johnson	Received certificates from the City of Lomark and Port Grove for sustainable fishing practices	Glover, Moran and Johnson__0__0__The News Buoy
City of Port Grove	Event.CertificateIssued	Glover, Moran and Johnson	Received certificates from the City of Lomark and Port Grove for sustainable fishing practices	Glover, Moran and Johnson__0__0__The News Buoy
Glover, Moran and Johnson	Event.Invest	Efficiency		Glover, Moran and Johnson__0__0__The News Buoy
Glover, Moran and Johnson	Event.Invest	Safety		Glover, Moran and Johnson__0__0__The News Buoy
Glover, Moran and Johnson	Event.Transaction	Allen-Weiss		Glover, Moran and Johnson__0__0__The News Buoy
Glover, Moran and Johnson	Event.Transaction	Ross-Curtis		Glover, Moran and Johnson__0__0__The News Buoy
Glover, Moran and Johnson	Event.Transaction	Olson and Sons		Glover, Moran and Johnson__0__0__The News Buoy
Glover, Moran and Johnson	Event.Transaction	Bates-Anderson		Glover, Moran and Johnson__0__0__The News Buoy
Glover, Moran and Johnson	Event.Transaction	Lee-Smith		Glover, Moran and Johnson__0__0__The News Buoy
Glover, Moran and Johnson	Event.Transaction	Lopez-Delgado		Glover, Moran and Johnson__0__0__The News Buoy
Glover, Moran and Johnson	Event.Transaction	Klein LLC		Glover, Moran and Johnson__0__0__The News Buoy
Glover, Moran and Johnson	Event.Transaction	Ward-Dunn		Glover, Moran and Johnson__0__0__The News Buoy
Glover, Moran and Johnson	Event.Aid	Marine_Sanctuary		Glover, Moran and Johnson__0__0__The News Buoy
Glover, Moran and Johnson	Event.Aid	Marine_Sanctuary		Greer-Holder__0__0__Haacklee Herald
Glover, Moran and Johnson	Event.Aid	Marine_Sanctuary		Greer-Holder__0__0__Haacklee Herald
Glover, Moran and Johnson	Event.Aid	Marine_Sanctuary		Greer-Holder__0__0__Haacklee Herald
Glover, Moran and Johnson	Event.Aid	Marine_Sanctuary		Greer-Holder__0__0__Haacklee Herald
Glover, Moran and Johnson	Event.Aid	Marine_Sanctuary		Greer-Holder__0__0__Haacklee Herald
Glover, Moran and Johnson	Event.Aid	Marine_Sanctuary		Greer-Holder__0__0__Haacklee Herald
Glover, Moran and Johnson	Event.Aid	Marine_Sanctuary		Greer-Holder__0__0__Haacklee Herald
Glover, Moran and Johnson	Event.Aid	Marine_Sanctuary		Greer-Holder__0__0__Haacklee Herald
Glover, Moran and Johnson	Event.Aid	Marine_Sanctuary		Greer-Holder__0__0__Haacklee Herald
Glover, Moran and Johnson	Event.Aid	Marine_Sanctuary		Greer-Holder__0__0__Haacklee Herald
Glover, Moran and Johnson	Event.Aid	Marine_Sanctuary		Greer-Holder__0__0__Haacklee Herald
Glover, Moran and Johnson	Event.Aid	Marine_Sanctuary		Greer-Holder__0__0__Haacklee Herald
Glover, Moran and Johnson	Event.Aid	Marine_Sanctuary		Greer-Holder__0__0__Haacklee Herald
Glover, Moran and Johnson	Event.Aid	Marine_Sanctuary		Greer-Holder__0__0__Haacklee Herald
Glover, Moran and Johnson	Event.Aid	Marine_Sanctuary		Greer-Holder__0__0__Haacklee Herald
Glover, Moran and Johnson	Event.Aid	Marine_Sanctuary		Greer-Holder__0__0__Haacklee Herald
Greer-Holder	Event.Applaud	Environmentalists and industry insiders	move applauded by environmentalists and industry insiders	Greer-Holder__0__0__Lomark Daily
Greer-Holder	Event.Transaction	Cisneros-Meyer	transactions aimed at bolstering sustainability efforts	Greer-Holder__0__0__Lomark Daily
Greer-Holder	Event.Transaction	Barnes and Sons	transactions aimed at bolstering sustainability efforts	Greer-Holder__0__0__Lomark Daily
Greer-Holder	Event.Transaction	Jones Group	transactions aimed at bolstering sustainability efforts	Greer-Holder__0__0__Lomark Daily
Greer-Holder	Event.CertificateIssued	City of South Paackland	certificates allowing the company to operate in designated fishing areas	Greer-Holder__0__0__Lomark Daily
Greer-Holder	Event.CertificateIssued	City of Paackland	certificates allowing the company to operate in designated fishing areas	Greer-Holder__0__0__Lomark Daily
Greer-Holder	Event.Aid	Marine sanctuaries	aid to marine sanctuaries	Greer-Holder__0__0__Lomark Daily
Greer-Holder	Event.Invest	Safety	invested in safety	Greer-Holder__0__0__Lomark Daily
Greer-Holder	Event.Invest	Efficiency	invested in efficiency commodities	Greer-Holder__0__0__Lomark Daily
Greer-Holder	Event.Transaction	Cisneros-Meyer	transactions with reputable partners	Greer-Holder__0__0__Lomark Daily
Greer-Holder	Event.Transaction	Barnes and Sons	transactions with reputable partners	Greer-Holder__0__0__Lomark Daily
Greer-Holder	Event.Transaction	Jones Group	transactions with reputable partners	Greer-Holder__0__0__Lomark Daily
Greer-Holder	Event.Communication.Conference	Clarke, Scott and Sloan	conferences with industry leaders promoting sustainable fishing practices	Greer-Holder__0__0__Lomark Daily
Greer-Holder	Event.Communication.Conference	Spencer, Richards and Wilson	conferences with industry leaders promoting sustainable fishing practices	Greer-Holder__0__0__Lomark Daily
Greer-Holder	Event.Invest	Efficiency	commitment to sustainable and environmentally friendly fishing practices	Greer-Holder__0__0__The News Buoy
Greer-Holder	Event.Aid	Marine Sanctuary	gave $2000 to local marine sanctuaries as aid	Greer-Holder__0__0__The News Buoy
Greer-Holder	Event.Transaction	Eaton-Osborne	signed multiple fishing transactions	Greer-Holder__0__0__The News Buoy
Greer-Holder	Event.Transaction	York-Castillo	signed multiple fishing transactions	Greer-Holder__0__0__The News Buoy
Greer-Holder	Event.Applaud	City of South Paackland	applauded for its commitment to sustainable fishing practices	Greer-Holder__0__0__The News Buoy
Harper Inc	Event.Transaction	Martinez-Le	engagements in early 2035, highlighting key events such as conferences with industry leaders and transactions with partner companies	Harper Inc__0__0__Haacklee Herald
Harper Inc	Event.Transaction	York-Castillo	engagements in early 2035, highlighting key events such as conferences with industry leaders and transactions with partner companies	Harper Inc__0__0__Haacklee Herald
Harper Inc	Event.Transaction	Murray-Friedman and Wall	engagements in early 2035, highlighting key events such as conferences with industry leaders and transactions with partner companies	Harper Inc__0__0__Haacklee Herald
Harper Inc	Event.Transaction	Hernandez-Rojas	engagements in early 2035, highlighting key events such as conferences with industry leaders and transactions with partner companies	Harper Inc__0__0__Haacklee Herald
Harper Inc	Event.Aid	Marine Sanctuaries	extended aid to marine sanctuaries	Harper Inc__0__0__Haacklee Herald
Harper Inc	Event.Collaboration	Local Fishermen	Local fishermen have welcomed Harper Incs initiatives, expressing optimism about the potential for positive change in the industry	Harper Inc__0__0__Haacklee Herald
Harper Inc	Event.Transaction	Horn and Sons	extended partnerships with other companies, including Horn and Sons	Harper Inc__0__0__Haacklee Herald
Harper Inc	Event.Transaction	Murphy-Marshall and Pope	extended partnerships with other companies, including Murphy-Marshall and Pope	Harper Inc__0__0__Haacklee Herald
Harper Inc	Event.Transaction	Jones-Davis and Grant	extended partnerships with other companies, including Jones-Davis and Grant	Harper Inc__0__0__Haacklee Herald
Harper Inc	Event.Transaction	Wu-Hart	extended partnerships with other companies, including Wu-Hart	Harper Inc__0__0__Haacklee Herald
Harper Inc	Event.Transaction	Conrad Ltd	extended partnerships with other companies, including Conrad Ltd	Harper Inc__0__0__Haacklee Herald
Harper Inc	Event.Transaction	Bates-Anderson	extended partnerships with other companies, including Bates-Anderson	Harper Inc__0__0__Haacklee Herald
Harper Inc	Event.Transaction	Valdez-Dalton and Cook	extended partnerships with other companies, including Valdez-Dalton and Cook	Harper Inc__0__0__Haacklee Herald
Harper Inc	Event.Transaction	Bowers Group	extended partnerships with other companies, including Bowers Group	Harper Inc__0__0__Haacklee Herald
Harper Inc	Event.Transaction	Harrington Inc		Harper Inc__0__0__Haacklee Herald
Harper Inc	Event.Invest	Efficiency	Investing in efficient and sustainable nets and tracking systems	Harper Inc__0__0__Lomark Daily
Harper Inc	Event.Transaction	Rhodes-Thompson	Closed deals with Rhodes-Thompson	Harper Inc__0__0__Lomark Daily
Harper Inc	Event.Transaction	Nguyen, Marsh and Hall	Closed deals with Nguyen, Marsh and Hall	Harper Inc__0__0__Lomark Daily
Harper Inc	Event.Transaction	Brown-Stokes	Closed deals with Brown-Stokes	Harper Inc__0__0__Lomark Daily
Harper Inc	Event.Aid	Marine Sanctuary	Providing aid to marine sanctuaries	Harper Inc__0__0__Lomark Daily
Harper Inc	Event.Invest	Safety	Investing in workplace safety measures for its fishermen	Harper Inc__0__0__Lomark Daily
Harper Inc	Event.Communication.Conference	Safety	Discussing safety in conferences	Harper Inc__0__0__Lomark Daily
Harper Inc	Event.Communication.Conference	Efficiency	Discussing efficiency in conferences	Harper Inc__0__0__Lomark Daily
Harper Inc	Event.Communication.Conference	Sustainability	Discussing sustainability in conferences	Harper Inc__0__0__Lomark Daily
Harper Inc	Event.CertificateIssued	New Vessel	Acquired a new vessel	Harper Inc__0__0__Lomark Daily
Harper Inc	Event.Invest	Efficiency	investing in efficient sustainable nets and tracking system	Harper Inc__0__0__The News Buoy
Harper Inc	Event.Aid	Marine Sanctuary	giving $2000 to a local marine sanctuary	Harper Inc__0__0__The News Buoy
Harper Inc	Event.Transaction	Eaton-Osborne	signed multiple transactions with Eaton-Osborne	Harper Inc__0__0__The News Buoy
Harper Inc	Event.Transaction	York-Castillo fishing	signed multiple transactions with York-Castillo fishing	Harper Inc__0__0__The News Buoy
Harper Inc	Event.Transaction	City Of Centralia	awarded with certificate of investment by City Of Centralia	Harper Inc__0__0__The News Buoy
Harper Inc	Event.Transaction	City Of Port Grove	awarded with certificate of investment by City Of Port Grove	Harper Inc__0__0__The News Buoy
Harper Inc	Event.Communication.Conference	Murray, Friedman and Wall	involved in conference with Murray, Friedman and Wall	Harper Inc__0__0__The News Buoy
Harper Inc	Event.Communication.Conference	Glover, Moran and Johnson	involved in conference with Glover, Moran and Johnson	Harper Inc__0__0__The News Buoy
Harrell-Walters	Event.Invest	Sustainable Fishing	Invested in sustainable fishing practices for both the Tuna Shelf and the Cod Table (March 21st, March 28th, April 2nd, April 8th)	Harrell-Walters__0__0__Haacklee Herald
Harrell-Walters	Event.Invest	Efficiency and Safety	Invested in improvements for both commodity efficiency and safety (March 21st, March 28th, April 2nd, April 4th, April 8th)	Harrell-Walters__0__0__Haacklee Herald
Harrell-Walters	Event.Invest	Tracking Technology	Invested in tracking systems (March 21st, March 28th, April 2nd, April 4th)	Harrell-Walters__0__0__Haacklee Herald
Harrell-Walters	Event.Invest	Sustainable Nets	Invested in sustainable nets (March 28th, April 2nd, April 4th, April 26th)	Harrell-Walters__0__0__Haacklee Herald
Harrell-Walters	Event.Aid	Marine Sanctuary	Provided aid to a Marine Sanctuary (April 12th, April 26th)	Harrell-Walters__0__0__Haacklee Herald
Harrell-Walters	Event.Transaction	Taylor, Prince and Sherman	Transaction	Harrell-Walters__0__0__Lomark Daily
Harrell-Walters	Event.Transaction	York-Castillo	Transaction	Harrell-Walters__0__0__Lomark Daily
Harrell-Walters	Event.Transaction	Henderson, Hall and Lutz	Transaction	Harrell-Walters__0__0__Lomark Daily
Harrell-Walters	Event.Invest	Commodity Efficiency	Investment in Commodity Efficiency	Harrell-Walters__0__0__Lomark Daily
Harrell-Walters	Event.Invest	Sustainable Nets	Investment in Sustainable Nets	Harrell-Walters__0__0__Lomark Daily
Harrell-Walters	Event.Communication.Conference	Frank Group	Participation in a conference with Frank Group	Harrell-Walters__0__0__Lomark Daily
Harrell-Walters	Event.Communication.Conference	Smith, Smith and Barber	Participation in a conference with Smith, Smith and Barber	Harrell-Walters__0__0__Lomark Daily
Harrell-Walters	Event.Fishing.SustainableFishing	Tuna Shelf	Sustainable fishing activity at Tuna Shelf	Harrell-Walters__0__0__Lomark Daily
Harrell-Walters	Event.Aid	Marine Sanctuary	Aid provided to Marine Sanctuary	Harrell-Walters__0__0__Lomark Daily
Harrell-Walters	Event.Fishing.SustainableFishing	Tuna Shelf	Sustainable fishing activities at Tuna Shelf and Cod Table	Harrell-Walters__0__0__Lomark Daily
Harrell-Walters	Event.Fishing.SustainableFishing	Cod Table	Sustainable fishing activities at Tuna Shelf and Cod Table	Harrell-Walters__0__0__Lomark Daily
Harrell-Walters	Event.Invest	Tracking System	Investment in Tracking System	Harrell-Walters__0__0__Lomark Daily
Harrell-Walters	Event.Transaction	Montoya Group	Transaction	Harrell-Walters__0__0__Lomark Daily
Harrell-Walters	Event.Transaction	Thomas-Weaver	Transaction	Harrell-Walters__0__0__Lomark Daily
Harrell-Walters	Event.Transaction	Lake Victoria Catch GmbH	Transaction	Harrell-Walters__0__0__Lomark Daily
Harrell-Walters	Event.Transaction	Rosario-Melendez	Transaction	Harrell-Walters__0__0__Lomark Daily
Harrell-Walters	Event.Transaction	Allen-Weiss	Transaction	Harrell-Walters__0__0__Lomark Daily
Harrell-Walters	Event.Transaction	Haney Group	Transaction	Harrell-Walters__0__0__Lomark Daily
Harrell-Walters	Event.Transaction	Lake Victoria Catch GmbH	Transaction	Harrell-Walters__0__0__Lomark Daily
Harrell-Walters	Event.Transaction	Rosario-Melendez	Transaction	Harrell-Walters__0__0__Lomark Daily
Harrell-Walters	Event.Transaction	Allen-		Harrell-Walters__0__0__Lomark Daily
Harrell-Walters	Event.Transaction	Allen-		Harrell-Walters__0__0__The News Buoy
Harrell-Walters	Event.Transaction	Allen-		Harrell-Walters__0__0__The News Buoy
Harrell-Walters	Event.Transaction	Allen-		Harrell-Walters__0__0__The News Buoy
Harrell-Walters	Event.Transaction	Allen-		Harrell-Walters__0__0__The News Buoy
Harrell-Walters	Event.Transaction	Allen-		Harrell-Walters__0__0__The News Buoy
Harrell-Walters	Event.Transaction	Allen-		Harrell-Walters__0__0__The News Buoy
Harrell-Walters	Event.Transaction	Allen-		Harrell-Walters__0__0__The News Buoy
Harrell-Walters	Event.Transaction	Allen-		Harrell-Walters__0__0__The News Buoy
Harrell-Walters	Event.Transaction	Allen-		Harrell-Walters__0__0__The News Buoy
Harrell-Walters	Event.Invest	Efficiency	investing in cutting-edge technology and collaborating with other companies to ensure responsible fishing practices	Harrell-Walters__0__1__Haacklee Herald
Harrell-Walters	Event.Transaction	Eaton-Osborne	signed multiple transactions with	Harrell-Walters__0__1__Haacklee Herald
Harrell-Walters	Event.Transaction	York-Castillo	signed multiple transactions with	Harrell-Walters__0__1__Haacklee Herald
Harrell-Walters	Event.Invest	Sustainable_nets	invested in efficient sustainable nets	Harrell-Walters__0__1__Haacklee Herald
Harrell-Walters	Event.Invest	Tracking_System	invested in tracking systems	Harrell-Walters__0__1__Haacklee Herald
Harrell-Walters	Event.Aid	Marine_Sanctuary	donated $2000 to the local marine sanctuary as aid	Harrell-Walters__0__1__Haacklee Herald
Harrell-Walters	Event.Communication.Conference	Castillo-Elliott	participated in a conference with Castillo-Elliott, where they discussed the future of sustainable fishing	Harrell-Walters__0__1__Haacklee Herald
Harrell-Walters	Event.Invest	Efficiency	Harrell-Walters Invests in Commodity of Efficiency	Harrell-Walters__0__1__Lomark Daily
Harrell-Walters	Event.Transaction	Thomas-Weaver	Harrell-Walters has been involved in multiple transactions with reputed companies like Thomas-Weaver	Harrell-Walters__0__1__Lomark Daily
Harrell-Walters	Event.Transaction	Ramos-Shelton	Harrell-Walters has been involved in multiple transactions with reputed companies like Ramos-Shelton	Harrell-Walters__0__1__Lomark Daily
Harrell-Walters	Event.Fishing	Wrasse Beds	Harrell-Walters has been actively engaged in sustainable fishing practices in the Wrasse Beds area	Harrell-Walters__0__1__Lomark Daily
Harrell-Walters	Event.Transaction	James, Bell, and Chen	Harrell-Walters has been involved in multiple transactions with James, Bell, and Chen, a reputed company	Harrell-Walters__0__1__Lomark Daily
Harrell-Walters	Event.Transaction	Tuna Shelf	Harrell-Walters was also involved in multiple transactions related to the Tuna Shelf area	Harrell-Walters__0__1__Lomark Daily
Harrell-Walters	Event.Transaction	Cod Table	Harrell-Walters was also involved in multiple transactions related to the Cod Table area	Harrell-Walters__0__1__Lomark Daily
Harrell-Walters	Event.Transaction	Cuevas PLC	entered into multiple transactions with various companies	Harrell-Walters__0__1__The News Buoy
Harrell-Walters	Event.Transaction	Maldonado, Sanchez and Jones	entered into multiple transactions with various companies	Harrell-Walters__0__1__The News Buoy
Harrell-Walters	Event.Transaction	Lee-Smith	entered into multiple transactions with various companies	Harrell-Walters__0__1__The News Buoy
Harrell-Walters	Event.Invest	Efficiency	invested $1000 in Commodity: Efficiency	Harrell-Walters__0__1__The News Buoy
Harrell-Walters	Event.Communication.Conference	Wu-Hart	participating in a conference with Wu-Hart and Flores Ltd	Harrell-Walters__0__1__The News Buoy
Harrington Inc	Event.Fishing.SustainableFishing	Harrington Inc	commitment to sustainable fishing practices	Harrington Inc__0__0__Haacklee Herald
Harrington Inc	Event.Transaction	Anderson, Brown and Green	partnerships with companies like Anderson, Brown and Green	Harrington Inc__0__0__Haacklee Herald
Harrington Inc	Event.Transaction	Glover, Moran and Johnson	partnerships with companies like Glover, Moran and Johnson	Harrington Inc__0__0__Haacklee Herald
Harrington Inc	Event.Transaction	Parrish LLC	partnerships with companies like Parrish LLC	Harrington Inc__0__0__Haacklee Herald
Harrington Inc	Event.Invest	Efficiency commodities	investments in sustainable nets, tracking systems, and efficiency commodities	Harrington Inc__0__0__Haacklee Herald
Harrington Inc	Event.Transaction	Maddox Group	solidifies its position in promoting sustainable fishing methods	Harrington Inc__0__0__Lomark Daily
Harrington Inc	Event.Transaction	Williams-Moon	solidifies its position in promoting sustainable fishing methods	Harrington Inc__0__0__Lomark Daily
Harrington Inc	Event.Transaction	Cooper, Wood and Smith	solidifies its position in promoting sustainable fishing methods	Harrington Inc__0__0__Lomark Daily
Harrington Inc	Event.Invest	Tracking systems, efficiency commodities, and sustainable nets	Recent investments underscore the company's dedication to minimizing its ecological footprint while maximizing efficiency	Harrington Inc__0__0__Lomark Daily
Harrington Inc	Event.Aid	Marine sanctuaries	Involvement in aiding marine sanctuaries demonstrates its holistic approach to environmental conservation	Harrington Inc__0__0__Lomark Daily
Harrington Inc	Event.Transaction	Fisherman's Best N.V. Express	reflects Harrington Inc's expansion efforts and strategic collaborations in the industry	Harrington Inc__0__0__Lomark Daily
Harrington Inc	Event.Transaction	Martinez-Daniels	reflects Harrington Inc's expansion efforts and strategic collaborations in the industry	Harrington Inc__0__0__Lomark Daily
City of South Paackland	Event.CertificateIssued	Harrington Inc	obtained certifications and expands collaborations in Sustainable Fishing	Harrington Inc__0__0__The News Buoy
City of Centralia	Event.CertificateIssued	Harrington Inc	obtained certifications and expands collaborations in Sustainable Fishing	Harrington Inc__0__0__The News Buoy
Harrington Inc	Event.Invest	Efficiency commodities, tracking systems, sustainable nets	solidifies its position as a leader in sustainable fishing	Harrington Inc__0__0__The News Buoy
Harrington Inc	Event.Owns.PartiallyOwns	Walker, Gonzalez and Blanchard	enhance the company’s reach and impact in the industry	Harrington Inc__0__0__The News Buoy
Harrington Inc	Event.Owns.PartiallyOwns	Lopez-Delgado	enhance the company’s reach and impact in the industry	Harrington Inc__0__0__The News Buoy
Harrington Inc	Event.Owns.PartiallyOwns	Brown-Stokes	enhance the company’s reach and impact in the industry	Harrington Inc__0__0__The News Buoy
Harrington Inc	Event.Aid	Like-minded organizations	drive positive change and preserve our oceans health	Harrington Inc__0__0__The News Buoy
Harrington Inc	Event.Invest	Efficiency commodities	highlight dedication to reducing environmental impact	Harrington Inc__0__0__The News Buoy
Harrington Inc	Event.Invest	Tracking systems	highlight dedication to reducing environmental impact	Harrington Inc__0__0__The News Buoy
Harrington Inc	Event.Invest	Sustainable nets	highlight dedication to reducing environmental impact	Harrington Inc__0__0__The News Buoy
Harrington Inc	Event.Communication.Conference	Industry peers	commitment to knowledge-sharing and continuous improvement in sustainable fishing practices	Harrington Inc__0__0__The News Buoy
Harrington Inc	Event.Transaction	Walker, Gonzalez and Blanchard	enhance the company’s reach and impact in the industry	Harrington Inc__0__0__The News Buoy
Harrington Inc	Event.Transaction	Lopez-Delgado	enhance the company’s reach and impact in the industry	Harrington Inc__0__0__The News Buoy
Harrington Inc	Event.Transaction	Brown-Stokes	enhance the company’s reach and impact in the industry	Harrington Inc__0__0__The News Buoy
Harrington Inc	Event.Collaboration	Like-minded organizations	drive positive change and preserve our oceans health	Harrington Inc__0__0__The News Buoy
Harrington Inc	Event.Invest	Efficiency commodities	dedication to reducing environmental impact	Harrington Inc__0__0__The News Buoy
Harrington Inc	Event.Invest	Tracking systems	dedication to	Harrington Inc__0__0__The News Buoy
Harrington Inc.	Event.Transaction	Anderson, Brown and Green	acquiring shares in various fishing and logistics companies	Harrington Inc__0__1__Haacklee Herald
Harrington Inc.	Event.Transaction	Franco-Stuart	acquiring shares in various fishing and logistics companies	Harrington Inc__0__1__Haacklee Herald
Harrington Inc.	Event.Transaction	Patterson, Moreno and Jensen	acquiring shares in various fishing and logistics companies	Harrington Inc__0__1__Haacklee Herald
Harrington Inc.	Event.Invest	Sustainable_fishing practices	invested in the Cod Table area	Harrington Inc__0__1__Haacklee Herald
Harrington Inc.	Event.Invest	Efficiency of fishing nets	working to improve the efficiency of fishing nets	Harrington Inc__0__1__Haacklee Herald
Harrington Inc.	Event.Invest	Safety of fishing vessels	working on a system that ensures the safety of fishing vessels	Harrington Inc__0__1__Haacklee Herald
Harrington Inc.	Event.Communication.Conference	Vargas-Jensen Conference	involved in the Vargas-Jensen Conference	Harrington Inc__0__1__Haacklee Herald
Harrington Inc.	Event.Communication.Conference	Barnett Ltd Conference	involved in the Barnett Ltd Conference	Harrington Inc__0__1__Haacklee Herald
Harrington Inc.	Event.Invest	Efficient sustainable nets and tracking systems	Harrington Inc. Invests in Sustainable Fishing	Harrington Inc__0__1__Lomark Daily
Harrington Inc.	Event.Aid	Local marine sanctuary	Provided $2000 as aid	Harrington Inc__0__1__Lomark Daily
Harrington Inc.	Event.Transaction	Eaton-Osborne	Signed multiple fishing transactions	Harrington Inc__0__1__Lomark Daily
Harrington Inc.	Event.Transaction	York-Castillo	Signed multiple fishing transactions	Harrington Inc__0__1__Lomark Daily
Harrington Inc.	Event.Transaction	Mclaughlin-Chandler	Acquired a tracking system	Harrington Inc__0__1__Lomark Daily
Harrington Inc.	Event.Transaction	Barnes and Sons	Participated in conference	Harrington Inc__0__1__Lomark Daily
Harrington Inc.	Event.Transaction	Martin LLC	Participated in conference	Harrington Inc__0__1__Lomark Daily
Harrington Inc.	Event.Transaction	Murphy, Marshall, and Pope	Participated in conference	Harrington Inc__0__1__Lomark Daily
Harrington Inc.	Event.Invest	Commodity Safety	invested in Commodity Safety on March 31st, demonstrating their commitment to protecting their crews	Harrington Inc__0__1__The News Buoy
Harrington Inc.	Event.Fishing	Cod Table	engaged in fishing activities at the Cod Table and Tuna Shelf	Harrington Inc__0__1__The News Buoy
Harrington Inc.	Event.Fishing	Tuna Shelf	engaged in fishing activities at the Cod Table and Tuna Shelf	Harrington Inc__0__1__The News Buoy
Harrington Inc.	Event.Fishing	Tuna Shelf	engaged in fishing activities at the Cod Table and Tuna Shelf	Harrington Inc__0__1__The News Buoy
Harrington Inc.	Event.Fishing	Cod Table	engaged in fishing activities at the Cod Table and Tuna Shelf	Harrington Inc__0__1__The News Buoy
Harrington Inc.	Event.Fishing	Cod Table	engaged in fishing activities at the Cod Table and Tuna Shelf	Harrington Inc__0__1__The News Buoy
Harrington Inc.	Event.Fishing	Cod Table	engaged in fishing activities at the Cod Table and Tuna Shelf	Harrington Inc__0__1__The News Buoy
Harrington Inc.	Event.Transaction	Burns Inc.	conducting transactions with Burns Inc. on the 31st	Harrington Inc__0__1__The News Buoy
Harrington Inc.	Event.Transaction	Davis-Boyd	conducting transactions with Davis-Boyd on the 31st	Harrington Inc__0__1__The News Buoy
Harrington Inc.	Event.Invest	Commodity Efficiency	another investment in Commodity Efficiency on June 30th, hinting at their dedication to optimizing operations	Harrington Inc__0__1__The News Buoy
Henderson, Hall and Lutz	Event.Transaction	Martin LLC	transactions with various partners	Henderson, Hall and Lutz__0__0__Haacklee Herald
Henderson, Hall and Lutz	Event.Transaction	Craig Ltd	transactions with various partners	Henderson, Hall and Lutz__0__0__Haacklee Herald
Henderson, Hall and Lutz	Event.Transaction	Moore-Simon	transactions with various partners	Henderson, Hall and Lutz__0__0__Haacklee Herald
Henderson, Hall and Lutz	Event.Transaction	Rivas-Stevens	transactions with various partners	Henderson, Hall and Lutz__0__0__Haacklee Herald
Henderson, Hall and Lutz	Event.Transaction	Perez-Harmon	transactions with various partners	Henderson, Hall and Lutz__0__0__Haacklee Herald
Henderson, Hall and Lutz	Event.Transaction	Dawson-Miles and Little	transactions with various partners	Henderson, Hall and Lutz__0__0__Haacklee Herald
Henderson, Hall and Lutz	Event.Transaction	Cervantes-Kramer	transactions with various partners	Henderson, Hall and Lutz__0__0__Haacklee Herald
Henderson, Hall and Lutz	Event.Transaction	Johnson-Johnson	transactions with various partners	Henderson, Hall and Lutz__0__0__Haacklee Herald
Henderson, Hall and Lutz	Event.Transaction	Garcia-Merritt and Rose	transactions with various partners	Henderson, Hall and Lutz__0__0__Haacklee Herald
Henderson, Hall and Lutz	Event.Transaction	Conrad Ltd	transactions with various partners	Henderson, Hall and Lutz__0__0__Haacklee Herald
Henderson, Hall and Lutz	Event.Transaction	Barnes and Sons	transactions with various partners	Henderson, Hall and Lutz__0__0__Haacklee Herald
Henderson, Hall and Lutz	Event.Transaction	Anderson-Brown and Green	transactions with various partners	Henderson, Hall and Lutz__0__0__Haacklee Herald
Henderson, Hall and Lutz	Event.Transaction	Blackwell-Clark and Lam	transactions with various partners	Henderson, Hall and Lutz__0__0__Haacklee Herald
Henderson, Hall and Lutz	Event.Transaction	Burns Inc	transactions with various partners	Henderson, Hall and Lutz__0__0__Haacklee Herald
Henderson, Hall and Lutz	Event.Transaction	Smith-Smith and Barber	transactions with various partners	Henderson, Hall and Lutz__0__0__Haacklee Herald
Henderson, Hall and Lutz	Event.Transaction	Massey-King and Quinn	transactions with various partners	Henderson, Hall and Lutz__0__0__Haacklee Herald
Henderson, Hall and Lutz	Event.Transaction	Bishop-Hernandez	transactions with various partners	Henderson, Hall and Lutz__0__0__Haacklee Herald
Henderson, Hall and Lutz	Event.Transaction	Roth-Logan and Moreno	transactions with various partners	Henderson, Hall and Lutz__0__0__Haacklee Herald
Harrington Inc	Event.Transaction	Harrell-Walters	Recent transactions highlight Harrington Incs dedication to sustainable fishing practices	Henderson, Hall and Lutz__0__0__Lomark Daily
Harrington Inc	Event.Transaction	Hernandez-Rojas	Recent transactions highlight Harrington Incs dedication to sustainable fishing practices	Henderson, Hall and Lutz__0__0__Lomark Daily
Harrington Inc	Event.Transaction	Smith-Hull	Recent transactions highlight Harrington Incs dedication to sustainable fishing practices	Henderson, Hall and Lutz__0__0__Lomark Daily
Harrington Inc	Event.Invest	Efficiency commodities, tracking systems, and sustainable nets	Investments in efficiency commodities, tracking systems, and sustainable nets	Henderson, Hall and Lutz__0__0__Lomark Daily
Harrington Inc	Event.Invest	Efficiency commodities, tracking systems, and sustainable nets	demonstrating Harrington Incs proactive approach to minimizing environmental impact while maximizing operational efficiency	Henderson, Hall and Lutz__0__0__Lomark Daily
Harrington Inc	Event.Owns.PartiallyOwns	Harrell-Walters	Collaborations with partners such as Harrell-Walters	Henderson, Hall and Lutz__0__0__Lomark Daily
Harrington Inc	Event.Owns.PartiallyOwns	Hernandez-Rojas	Collaborations with partners such as Hernandez-Rojas	Henderson, Hall and Lutz__0__0__Lomark Daily
Harrington Inc	Event.Owns.PartiallyOwns	Smith-Hull	Collaborations with partners such as Smith-Hull	Henderson, Hall and Lutz__0__0__Lomark Daily
Henderson, Hall and Lutz	Event.Invest	Sustainable_nets	invested in sustainable nets and secured certificates to fish in the Cod Table and Tuna Shelf from the City of South Paackland and Port Grove	Henderson, Hall and Lutz__0__0__The News Buoy
Henderson, Hall and Lutz	Event.Transaction	Craig Ltd	participated in conferences with Craig Ltd and Phelps, Brown and Wallace	Henderson, Hall and Lutz__0__0__The News Buoy
Henderson, Hall and Lutz	Event.Transaction	Phelps, Brown and Wallace	participated in conferences with Craig Ltd and Phelps, Brown and Wallace	Henderson, Hall and Lutz__0__0__The News Buoy
Henderson, Hall and Lutz	Event.Invest	Efficiency	made significant investments in sustainable nets, commodity efficiency, and tracking systems	Henderson, Hall and Lutz__0__0__The News Buoy
Henderson, Hall and Lutz	Event.Transaction	Anderson, Brown and Green	participated in conferences with Anderson, Brown and Green, and Jackson Inc	Henderson, Hall and Lutz__0__0__The News Buoy
Henderson, Hall and Lutz	Event.Transaction	Jackson Inc	participated in conferences with Anderson, Brown and Green, and Jackson Inc	Henderson, Hall and Lutz__0__0__The News Buoy
Henderson, Hall and Lutz	Event.Transaction	Franco-Stuart	show several transactions with other companies including Franco-Stuart, Underwood Inc, Phelps, Brown and Wallace, Vargas-Jensen, Montogomery Group, Graham-Andrews, Gallagher-Compton, Frey Inc, Wu-Hart, Dunn Inc, Ellis-Hunter, Murphy, Marshall and Pope, Taylor, Prince and Sherman, Wilcox-Nelson, Rivas-Stevens	Henderson, Hall and Lutz__0__0__The News Buoy
Henderson, Hall and Lutz	Event.Transaction	Underwood Inc	show several transactions with other companies including Franco-Stuart, Underwood Inc, Phelps, Brown and Wallace, Vargas-Jensen, Montogomery Group, Graham-Andrews, Gallagher-Compton, Frey Inc, Wu-Hart, Dunn Inc, Ellis-Hunter, Murphy, Marshall and Pope, Taylor, Prince and Sherman, Wilcox-Nelson, Rivas-Stevens	Henderson, Hall and Lutz__0__0__The News Buoy
Henderson, Hall and Lutz	Event.Transaction	Phelps, Brown and Wallace	show several transactions with other companies including Franco-Stuart, Underwood Inc, Phelps, Brown and Wallace, Vargas-Jensen, Montogomery Group, Graham-Andrews, Gallagher-Compton	Henderson, Hall and Lutz__0__0__The News Buoy
Henderson, Hall and Lutz	Event.Invest	Sustainable_nets	significant investments and initiatives aimed at enhancing environmental stewardship within the fishing industry	Henderson, Hall and Lutz__0__1__Haacklee Herald
Henderson, Hall and Lutz	Event.Aid	Marine_Sanctuary	provision of aid to marine sanctuaries demonstrates the companys broader commitment to environmental conservation beyond its immediate operations	Henderson, Hall and Lutz__0__1__Haacklee Herald
Henderson, Hall and Lutz	Event.Invest	Tracking_System	Investments in tracking systems further emphasize Henderson, Hall and Lutzs emphasis on transparency and accountability throughout its supply chain	Henderson, Hall and Lutz__0__1__Haacklee Herald
Henderson, Hall, and Lutz	Event.Fishing.SustainableFishing	Local marine sanctuaries	Aid provided to local marine sanctuaries	Henderson, Hall and Lutz__0__1__Lomark Daily
Henderson, Hall, and Lutz	Event.Transaction	Arellano Group	Fishing transactions signed with Arellano Group	Henderson, Hall and Lutz__0__1__Lomark Daily
Henderson, Hall, and Lutz	Event.Transaction	Maddox Group	Fishing transactions signed with Maddox Group	Henderson, Hall and Lutz__0__1__Lomark Daily
Henderson, Hall, and Lutz	Event.Transaction	Cisneros-Meyer	Fishing transactions signed with Cisneros-Meyer	Henderson, Hall and Lutz__0__1__Lomark Daily
Henderson, Hall, and Lutz	Event.Invest	Efficiency	Invested in commodities promoting efficiency	Henderson, Hall and Lutz__0__1__Lomark Daily
Henderson, Hall, and Lutz	Event.Invest	Safety	Invested in commodities promoting safety	Henderson, Hall and Lutz__0__1__Lomark Daily
Henderson, Hall, and Lutz	Event.Aid	Marine Sanctuary	donated $1000 to the Marine Sanctuary as aid	Henderson, Hall and Lutz__0__1__The News Buoy
Henderson, Hall, and Lutz	Event.Transaction	Cooper, Wood and Smith	signed multiple transactions with Cooper, Wood and Smith	Henderson, Hall and Lutz__0__1__The News Buoy
Henderson, Hall, and Lutz	Event.Transaction	Willis, Vasquez and Goodwin	signed multiple transactions with Willis, Vasquez and Goodwin	Henderson, Hall and Lutz__0__1__The News Buoy
Henderson, Hall, and Lutz	Event.Transaction	Glover, Moran and Johnson	signed multiple transactions with Glover, Moran and Johnson	Henderson, Hall and Lutz__0__1__The News Buoy
Henderson, Hall, and Lutz	Event.Transaction	Wilcox-Nelson	signed multiple transactions with Wilcox-Nelson	Henderson, Hall and Lutz__0__1__The News Buoy
Henderson, Hall, and Lutz	Event.Transaction	Harrington Inc	signed multiple transactions with Harrington Inc	Henderson, Hall and Lutz__0__1__The News Buoy
Henderson, Hall, and Lutz	Event.CertificateIssued	Henderson, Hall, and Lutz	interest in sustainable legal fishing	Henderson, Hall and Lutz__0__1__The News Buoy
Henderson, Hall, and Lutz	Event.Communication.Conference	Henderson, Hall, and Lutz	discussed the importance of sustainable fishing and the need for efficient tracking systems	Henderson, Hall and Lutz__0__1__The News Buoy
Henderson, Hall, and Lutz	Event.Invest	Safety	invested in safety	Henderson, Hall and Lutz__0__1__The News Buoy
Henderson, Hall, and Lutz	Event.Invest	Efficiency	invested in efficiency	Henderson, Hall and Lutz__0__1__The News Buoy
Henderson, Hall, and Lutz	Event.Invest	Sustainable_nets	invested in sustainable nets	Henderson, Hall and Lutz__0__1__The News Buoy
Henderson, Hall, and Lutz	Event.Invest	Tracking_System	invested in a tracking system	Henderson, Hall and Lutz__0__1__The News Buoy
City of South Paackland	event.certificateissued	Hernandez-Rojas	granted a certificate to operate in the Tuna Shelf and Cod Table areas	Hernandez-Rojas__0__0__Haacklee Herald
Hernandez-Rojas	event.invest	Efficiency	investing in efficient sustainable nets and tracking systems	Hernandez-Rojas__0__0__Haacklee Herald
Hernandez-Rojas	event.transaction	York-Castillo	involved in several transactions	Hernandez-Rojas__0__0__Haacklee Herald
Hernandez-Rojas	event.transaction	Eaton-Osborne	involved in several transactions	Hernandez-Rojas__0__0__Haacklee Herald
Hernandez-Rojas	event.aid	Marine Sanctuary	awarded with aid	Hernandez-Rojas__0__0__Haacklee Herald
Hernandez-Rojas	Event.Invest	Sustainable fishing practices	investments in sustainable technology and contributions to marine conservation efforts	Hernandez-Rojas__0__0__Lomark Daily
Hernandez-Rojas	Event.CertificateIssued	Hernandez-Rojas	implemented rigorous sustainability practices throughout its operations	Hernandez-Rojas__0__0__Lomark Daily
Hernandez-Rojas	Event.Fishing.SustainableFishing	Local communities and stakeholders	actively engages with local communities and stakeholders to promote awareness and education about the importance of sustainable fishing practices	Hernandez-Rojas__0__0__Lomark Daily
Hernandez-Rojas	Event.Invest	Sustainable_nets	investing in sustainable and efficient fishing practices	Hernandez-Rojas__0__0__The News Buoy
Hernandez-Rojas	Event.Invest	Tracking_System	investing in sustainable and efficient fishing practices	Hernandez-Rojas__0__0__The News Buoy
Hernandez-Rojas	Event.Transaction	Cuevas PLC	involved in several transactions	Hernandez-Rojas__0__0__The News Buoy
Hernandez-Rojas	Event.Transaction	Roth, Logan, and Moreno	involved in several transactions	Hernandez-Rojas__0__0__The News Buoy
Hernandez-Rojas	Event.CertificateIssued	Tuna Shelf	awarded certificates of ownership	Hernandez-Rojas__0__0__The News Buoy
Hernandez-Rojas	Event.CertificateIssued	Cod Table	awarded certificates of ownership	Hernandez-Rojas__0__0__The News Buoy
Hernandez-Rojas	Event.Fishing.SustainableFishing	None	committed to sustainable and environmentally friendly fishing practices	Hernandez-Rojas__0__0__The News Buoy
Hines-Douglas	Event.Invest	Efficiency and Safety	Investment in Efficiency and Safety	Hines-Douglas__0__0__Haacklee Herald
Hines-Douglas	Event.Invest	Sustainable Nets and Tracking Systems	Investment in Sustainable Nets and Tracking Systems	Hines-Douglas__0__0__Haacklee Herald
Hines-Douglas	Event.Aid	Marine Sanctuaries	Support for Marine Sanctuaries	Hines-Douglas__0__0__Haacklee Herald
Hines-Douglas	Event.Transaction	Unknown	Transactions and Conferences	Hines-Douglas__0__0__Haacklee Herald
Hines-Douglas	Event.Invest	Efficiency	Hines-Douglas Leads Sustainable Fishing Efforts with Strategic Investments	Hines-Douglas__0__0__Lomark Daily
Hines-Douglas	Event.Transaction	Tracking_System	Hines-Douglas Leads Sustainable Fishing Efforts with Strategic Investments	Hines-Douglas__0__0__Lomark Daily
Hines-Douglas	Event.Transaction	Sustainable_nets	Hines-Douglas Leads Sustainable Fishing Efforts with Strategic Investments	Hines-Douglas__0__0__Lomark Daily
Hines-Douglas	Event.Invest	Sustainable_nets	Hines-Douglas Leads Sustainable Fishing Efforts with Strategic Investments	Hines-Douglas__0__0__Lomark Daily
Hines-Douglas	Event.Transaction	Sustainable_nets	Hines-Douglas Leads Sustainable Fishing Efforts with Strategic Investments	Hines-Douglas__0__0__Lomark Daily
Hines-Douglas	Event.Transaction	Tracking_System	Hines-Douglas Leads Sustainable Fishing Efforts with Strategic Investments	Hines-Douglas__0__0__Lomark Daily
Hines-Douglas	Event.Transaction	Sustainable_nets	Hines-Douglas Leads Sustainable Fishing Efforts with Strategic Investments	Hines-Douglas__0__0__Lomark Daily
Hines-Douglas	Event.Transaction	Sustainable_nets	Hines-Douglas Leads Sustainable Fishing Efforts with Strategic Investments	Hines-Douglas__0__0__Lomark Daily
Hines-Douglas	Event.Invest	Tracking_System	Hines-Douglas Leads Sustainable Fishing Efforts with Strategic Investments	Hines-Douglas__0__0__Lomark Daily
Hines-Douglas	Event.Transaction	Sustainable_nets	Hines-Douglas Leads Sustainable Fishing Efforts with Strategic Investments	Hines-Douglas__0__0__Lomark Daily
Hines-Douglas	Event.Transaction	Tracking_System	Hines-Douglas Leads Sustainable Fishing Efforts with Strategic Investments	Hines-Douglas__0__0__Lomark Daily
Hines-Douglas	Event.Transaction	Sustainable_nets	Hines-Douglas Leads Sustainable Fishing Efforts with Strategic Investments	Hines-Douglas__0__0__Lomark Daily
Hines-Douglas	Event.Invest	Sustainable_nets and Tracking_System	investing in sustainable nets and tracking systems	Hines-Douglas__0__0__The News Buoy
Hines-Douglas	Event.Aid	Local Marine Sanctuary	donated $2000	Hines-Douglas__0__0__The News Buoy
Hines-Douglas	Event.Transaction	Eaton-Osborne	signed multiple fishing transactions	Hines-Douglas__0__0__The News Buoy
Hines-Douglas	Event.Transaction	York-Castillo	signed multiple fishing transactions	Hines-Douglas__0__0__The News Buoy
Hines-Douglas	Event.Communication.Conference	Other companies	engaging in conferences with other companies to promote sustainable fishing practices	Hines-Douglas__0__0__The News Buoy
City of Centralia	Event.CertificateIssued	Horn and Sons	certificates granting permission to operate in the Tuna Shelf and Cod Table areas	Horn and Sons__0__0__Haacklee Herald
City of South Paackland	Event.CertificateIssued	Horn and Sons	certificates granting permission to operate in the Tuna Shelf and Cod Table areas	Horn and Sons__0__0__Haacklee Herald
Horn and Sons	Event.Transaction	Holt PLC	transactions on April 26, 2035	Horn and Sons__0__0__Haacklee Herald
Horn and Sons	Event.Transaction	Hernandez, Levy and Hanson	transactions on April 26, 2035	Horn and Sons__0__0__Haacklee Herald
Horn and Sons	Event.Transaction	Olson and Sons	transactions on April 26, 2035	Horn and Sons__0__0__Haacklee Herald
Horn and Sons	Event.Invest	Safety	investments in safety	Horn and Sons__0__0__Haacklee Herald
Horn and Sons	Event.Invest	Efficiency	investments in efficiency	Horn and Sons__0__0__Haacklee Herald
Horn and Sons	Event.Invest	Sustainable_nets	investments in sustainable nets	Horn and Sons__0__0__Haacklee Herald
Horn and Sons	Event.Invest	Tracking_System	investments in a tracking system	Horn and Sons__0__0__Haacklee Herald
Horn and Sons	Event.Transaction	Holt PLC	transactions on June 9, 2035 in sustainable fishing ventures in the Tuna Shelf area	Horn and Sons__0__0__Haacklee Herald
Horn and Sons	Event.Transaction	Hernandez, Levy and Hanson	transactions on June 9, 2035 in sustainable fishing ventures in the Tuna Shelf area	Horn and Sons__0__0__Haacklee Herald
Horn and Sons	Event.Transaction	Olson and Sons	transactions on June 9, 2035 in sustainable fishing ventures in the Tuna Shelf area	Horn and Sons__0__0__Haacklee Herald
Horn and Sons	Event.Aid	Marine Sanctuary	involvement in marine sanctuary aid on June 9, 2035	Horn and Sons__0__0__Haacklee Herald
Horn and Sons	Event.Invest	Tracking_System	invested in tracking systems to monitor its fishing activities and ensure compliance with sustainable limits	Horn and Sons__0__0__Lomark Daily
Horn and Sons	Event.Owns.PartiallyOwns	Local Organizations	collaborated with local organizations to promote sustainable fishing practices and protect marine ecosystems	Horn and Sons__0__0__Lomark Daily
Horn and Sons	Event.Transaction	Flores Ltd	entered into multiple transactions with various companies	Horn and Sons__0__0__Lomark Daily
Horn and Sons	Event.Transaction	Thomas-Weaver	entered into multiple transactions with various companies	Horn and Sons__0__0__Lomark Daily
Horn and Sons	Event.Invest	Sustainable_nets	invested in sustainable nets and marine sanctuaries	Horn and Sons__0__0__Lomark Daily
Horn and Sons	Event.Aid	Marine_Sanctuaries	invested in sustainable nets and marine sanctuaries	Horn and Sons__0__0__Lomark Daily
Horn and Sons	Event.Fishing.SustainableFishing	Local Organizations	promote sustainable fishing practices and protect marine ecosystems	Horn and Sons__0__0__Lomark Daily
Horn and Sons	Event.Fishing.SustainableFishing	Local Organizations	committed to sustainable and environmentally friendly fishing practices	Horn and Sons__0__0__Lomark Daily
Horn and Sons	Event.Invest	Sustainable_nets	latest initiatives include substantial investments in sustainable nets	Horn and Sons__0__0__The News Buoy
Horn and Sons	Event.Invest	Tracking_System	latest initiatives include substantial investments in advanced tracking systems	Horn and Sons__0__0__The News Buoy
Horn and Sons	Event.Aid	Local_Marine_Sanctuaries	significant contributions to local marine sanctuaries	Horn and Sons__0__0__The News Buoy
Horn and Sons	Event.Transaction	Paul Inc	inked multiple fishing agreements with Paul Inc	Horn and Sons__0__0__The News Buoy
Horn and Sons	Event.Transaction	Thompson-Padilla	inked multiple fishing agreements with Thompson-Padilla	Horn and Sons__0__0__The News Buoy
Horn and Sons	Event.Communication.Conference	Cervantes-Kramer	Working closely with partners like Cervantes-Kramer, steadfast in its mission to advocate for sustainable fishing methods	Horn and Sons__0__0__The News Buoy
Horn and Sons	Event.Owns.PartiallyOwns	Cervantes-Kramer	Working closely with partners like Cervantes-Kramer, steadfast in its mission to advocate for sustainable fishing methods	Horn and Sons__0__0__The News Buoy
Horn and Sons	Event.CertificateIssued	Environmental_Groups	earned prestigious certifications for its sustainable fishing practices	Horn and Sons__0__0__The News Buoy
Horn and Sons	Event.CertificateIssued	Local_Authorities	earned prestigious certifications for its sustainable fishing practices	Horn and Sons__0__0__The News Buoy
Horn and Sons	Event.Communication.Conference	Horn and Sons	our unwavering commitment lies in the promotion of sustainable and responsible fishing practices	Horn and Sons__0__0__The News Buoy
Horn and Sons	Event.Communication.Conference	Horn and Sons	firmly believe in safeguarding the environment and preserving our fishing resources for the benefit of future generations	Horn and Sons__0__0__The News Buoy
Hughes-Clark	Event.Fishing.SustainableFishing	Hughes-Clark	Demonstrates Leadership in Sustainable Fishing Practices	Hughes-Clark__0__0__Haacklee Herald
Hughes-Clark	Event.Transaction	Jackson Inc	Notable transactions include engagements with companies like Jackson Inc	Hughes-Clark__0__0__Haacklee Herald
Hughes-Clark	Event.Transaction	Arellano Group	Notable transactions include engagements with companies like Arellano Group	Hughes-Clark__0__0__Haacklee Herald
Hughes-Clark	Event.Transaction	Cuevas PLC	Notable transactions include engagements with companies like Cuevas PLC	Hughes-Clark__0__0__Haacklee Herald
Hughes-Clark	Event.Transaction	Clarke, Scott and Sloan	Notable transactions include engagements with companies like Clarke, Scott and Sloan	Hughes-Clark__0__0__Haacklee Herald
Hughes-Clark	Event.Invest	Efficiency	Pioneering the Future of Fishing and investing in sustainable and efficient fishing practices, including cutting-edge nets and tracking systems	Hughes-Clark__0__0__Lomark Daily
Hughes-Clark	Event.Aid	Local Marine Sanctuary	contributing $2000 to the Local Marine Sanctuary as aid	Hughes-Clark__0__0__Lomark Daily
Hughes-Clark	Event.Transaction	Arellano Group	forged numerous fishing partnerships with esteemed entities such as the Arellano Group	Hughes-Clark__0__0__Lomark Daily
Hughes-Clark	Event.Transaction	Cod Table	forged numerous fishing partnerships with esteemed entities such as the Cod Table	Hughes-Clark__0__0__Lomark Daily
Hughes-Clark	Event.Transaction	Tuna Shelf	forged numerous fishing partnerships with esteemed entities such as the Tuna Shelf	Hughes-Clark__0__0__Lomark Daily
Hughes-Clark	Event.Aid	Local Marine Sanctuary	reaffirmed its commitment to marine conservation by once again providing $2000 in aid to the Local Marine Sanctuary	Hughes-Clark__0__0__Lomark Daily
Hughes-Clark	Event.Transaction	Arellano Group	continued to strengthen its sustainable fishing endeavors through multiple fishing transactions with key partners like the Arellano Group	Hughes-Clark__0__0__Lomark Daily
Hughes-Clark	Event.Transaction	Cod Table	continued to strengthen its sustainable fishing endeavors through multiple fishing transactions with key partners like the Cod Table	Hughes-Clark__0__0__Lomark Daily
Hughes-Clark	Event.Transaction	Tuna Shelf	continued to strengthen its sustainable fishing endeavors through multiple fishing transactions with key partners like the Tuna Shelf	Hughes-Clark__0__0__Lomark Daily
Hughes-Clark	Event.Aid	Local Marine Sanctuary	Donation of $2,000 to a local marine sanctuary, reaffirming its dedication to protecting marine ecosystems	Hughes-Clark__0__0__The News Buoy
Hughes-Clark	Event.Invest	Efficiency	Investments in efficiency and safety measures	Hughes-Clark__0__0__The News Buoy
Hughes-Clark	Event.Invest	Safety	Investments in efficiency and safety measures	Hughes-Clark__0__0__The News Buoy
Hughes-Clark	Event.Transaction	Tuna Shelf	Transactions in sustainable fishing practices in the Tuna Shelf area	Hughes-Clark__0__0__The News Buoy
Hughes-Clark	Event.Transaction	Cod Table	Transactions in sustainable fishing practices in the Cod Table area	Hughes-Clark__0__0__The News Buoy
Hughes-Clark	Event.Transaction	Tracking Systems	Transactions in investments in technologies such as tracking systems	Hughes-Clark__0__0__The News Buoy
Hughes-Clark	Event.Transaction	Sustainable Nets	Transactions in investments in technologies such as sustainable nets	Hughes-Clark__0__0__The News Buoy
Hughes-Clark	Event.Transaction	Various Stakeholders	Transactions in ongoing efforts to collaborate with various stakeholders in the fishing industry	Hughes-Clark__0__0__The News Buoy
Hughes-Clark	Event.Invest	Efficiency	made significant moves towards enhancing operational efficiency and technological advancement in 2035	Hughes-Clark__0__1__Haacklee Herald
Hughes-Clark	Event.Invest	Tracking_System	investing in a tracking system, underscoring its commitment to modernizing its operations while ensuring transparency and accountability	Hughes-Clark__0__1__Haacklee Herald
Hughes-Clark	Event.Communication.Conference	Harrington Inc	participated in conferences alongside key stakeholders	Hughes-Clark__0__1__Haacklee Herald
Hughes-Clark	Event.Communication.Conference	Blackwell, Clark and Lam	participated in conferences alongside key stakeholders	Hughes-Clark__0__1__Haacklee Herald
Hughes-Clark	Event.Transaction	Roth, Logan and Moreno	engaged in strategic transactions with industry peers	Hughes-Clark__0__1__Haacklee Herald
Hughes-Clark	Event.Transaction	York-Castillo	engaged in strategic transactions with industry peers	Hughes-Clark__0__1__Haacklee Herald
Hughes-Clark	Event.Transaction	Conrad Ltd	engaged in strategic transactions with industry peers	Hughes-Clark__0__1__Haacklee Herald
Hughes-Clark	Event.Transaction	Davis-Boyd	engaged in strategic transactions with industry peers	Hughes-Clark__0__1__Haacklee Herald
Hughes-Clark	Event.Transaction	Arellano Group	engaged in strategic transactions with industry peers	Hughes-Clark__0__1__Haacklee Herald
Hughes-Clark	Event.Aid	Local Marine Sanctuary	contributed $2000 to the Local Marine Sanctuary as aid	Hughes-Clark__0__1__Lomark Daily
Hughes-Clark	Event.Transaction	Franco-Stuart	signed multiple fishing transactions with Franco-Stuart	Hughes-Clark__0__1__Lomark Daily
Hughes-Clark	Event.Transaction	Harper Inc	signed multiple fishing transactions with Harper Inc	Hughes-Clark__0__1__Lomark Daily
Hughes-Clark	Event.Communication.Conference	Industry leaders and experts	recently hosting a conference on sustainable fishing	Hughes-Clark__0__1__Lomark Daily
Hughes-Clark	Event.Invest	Safety	shown a commitment to ensuring the safety of its commodities	Hughes-Clark__0__1__Lomark Daily
Hughes-Clark	Event.Invest	Efficiency	invests in future of fishing	Hughes-Clark__0__1__The News Buoy
Hughes-Clark	Event.Aid	Local marine sanctuary	provided aid to Local marine sanctuary in the amount of $10000	Hughes-Clark__0__1__The News Buoy
Hughes-Clark	Event.Transaction	Fishermans Best N.V. Express	entered into multiple transactions with Fishermans Best N.V. Express	Hughes-Clark__0__1__The News Buoy
Hughes-Clark	Event.Transaction	Ellis-Hunter	entered into multiple transactions with Ellis-Hunter	Hughes-Clark__0__1__The News Buoy
Hughes-Clark	Event.Transaction	Jackson, Mendez and Nguyen	entered into multiple transactions with Jackson, Mendez and Nguyen	Hughes-Clark__0__1__The News Buoy
Jackson Inc	Event.Aid	Marine Sanctuary	donation of $2,000 to a local marine sanctuary on February 19, 2035	Jackson Inc__0__0__Haacklee Herald
Jackson Inc	Event.Fishing.SustainableFishing	Cod Table region	actively engaged in sustainable fishing practices, particularly in the Cod Table region	Jackson Inc__0__0__Haacklee Herald
Jackson Inc	Event.Transaction	Cook PLC	transaction on February 19, 2035	Jackson Inc__0__0__Haacklee Herald
Jackson Inc	Event.Transaction	Mann, Myers and Rivera	transaction on February 19, 2035	Jackson Inc__0__0__Haacklee Herald
Jackson Inc	Event.Transaction	Hughes-Clark	transaction on February 19, 2035	Jackson Inc__0__0__Haacklee Herald
Jackson Inc	Event.Transaction	Vasquez, Chaney and Martinez	transaction on February 19, 2035	Jackson Inc__0__0__Haacklee Herald
Jackson Inc	Event.Transaction	Johnson-Johnson	transaction on February 19, 2035	Jackson Inc__0__0__Haacklee Herald
Jackson Inc	Event.Transaction	Wong-Harrell	transaction on February 19, 2035	Jackson Inc__0__0__Haacklee Herald
Jackson Inc	Event.Invest	Efficiency	continued investments in efficiency	Jackson Inc__0__0__Haacklee Herald
Jackson Inc	Event.Invest	Safety	continued investments in safety measures	Jackson Inc__0__0__Haacklee Herald
Jackson Inc	Event.Transaction	Johnson-Johnson	transaction on February 19, 2035	Jackson Inc__0__0__Haacklee Herald
Jackson Inc	Event.Transaction	Wong-Harrell	transaction on February 19, 2035	Jackson Inc__0__0__Haacklee Herald
Jackson Inc.	Event.Aid	Local marine sanctuary	has given $2000 to Local marine sanctuary as aid	Jackson Inc__0__0__Lomark Daily
Jackson Inc.	Event.Transaction	Eaton-Osborne	signed multiple transactions with reputed companies such as Eaton-Osborne, York-Castillo, and Fishermans Best N.V. Express	Jackson Inc__0__0__Lomark Daily
Jackson Inc.	Event.Transaction	York-Castillo	signed multiple transactions with reputed companies such as Eaton-Osborne, York-Castillo, and Fishermans Best N.V. Express	Jackson Inc__0__0__Lomark Daily
Jackson Inc.	Event.Transaction	Fishermans Best N.V. Express	signed multiple transactions with reputed companies such as Eaton-Osborne, York-Castillo, and Fishermans Best N.V. Express	Jackson Inc__0__0__Lomark Daily
Jackson Inc.	Event.Transaction	Eaton-Osborne	signed a transaction with Eaton-Osborne, a well-known Logistic Company, worth $10 million	Jackson Inc__0__0__Lomark Daily
Jackson Inc.	Event.Invest	Efficiency	invested in efficient sustainable nets, tracking systems	Jackson Inc__0__0__Lomark Daily
Jackson Inc.	Event.Transaction	Eaton-Osborne	signed a transaction with Eaton-Osborne, a well-known Logistic Company, worth $10 million	Jackson Inc__0__0__Lomark Daily
Jackson Inc.	Event.Invest	Tracking_System	invested $5 million in a tracking system	Jackson Inc__0__0__Lomark Daily
Jackson Inc	Event.Aid	Local marine sanctuary	given $2000 to Local marine sanctuary as aid	Jackson Inc__0__0__The News Buoy
Jackson Inc	Event.Transaction	Eaton-Osborne	signed multiple fishing transactions with reputed companies like Eaton-Osborne	Jackson Inc__0__0__The News Buoy
Jackson Inc	Event.Transaction	York-Castillo fishing	signed multiple fishing transactions with reputed companies like York-Castillo fishing	Jackson Inc__0__0__The News Buoy
Jackson Inc	Event.Transaction	Payne Group	transaction worth $500000 with Payne Group	Jackson Inc__0__0__The News Buoy
Jackson Inc	Event.Communication.Conference	Nguyen, Marsh and Hall	conference with Nguyen, Marsh and Hall discussing the future of fishing and sustainable practices	Jackson Inc__0__0__The News Buoy
Jackson Inc	Event.Aid	Marine Sanctuary	given $1000 to Marine Sanctuary as aid	Jackson Inc__0__0__The News Buoy
Jackson Inc	Event.Invest	Efficiency	investing in efficient sustainable nets	Jackson Inc__0__0__The News Buoy
Jackson Inc	Event.Invest	Tracking_System	investing in tracking systems	Jackson Inc__0__0__The News Buoy
Jackson Inc	Event.Fishing	Sustainable legal fishing	interested in sustainable legal fishing	Jackson Inc__0__0__The News Buoy
Jones Group	Event.Fishing.SustainableFishing	Jones Group	Jones Group appears to be focusing on sustainable fishing practices. They invested in: Sustainable nets, Tracking system, Safety	Jones Group__0__0__Haacklee Herald
RechFish Freight Plc	Event.CertificateIssued.Summons	RechFish Freight Plc	RechFish Freight Plc was repeatedly summoned for overfishing in Cod Table, Wrasse Beds, and Don Limpet Preserve (February, March, April, May 2035)	Jones Group__0__0__Haacklee Herald
ArawakFish Cargo Ges.m.b.H.	Event.Fishing.OverFishing	ArawakFish Cargo Ges.m.b.H.	ArawakFish Cargo Ges.m.b.H. for overfishing in Tuna Shelf, Cod Table, Wrasse Beds, Nemo Reef, and Ghoti Preserve (February, March, April 2035)	Jones Group__0__0__Haacklee Herald
Dry CreekRybachit Marine A/S	Event.Fishing.OverFishing	Dry CreekRybachit Marine A/S	Dry CreekRybachit Marine A/S for overfishing in Wrasse Beds (March, July 2035)	Jones Group__0__0__Haacklee Herald
BaringoAmerica Marine Ges.m.b.H.	Event.Fishing.OverFishing	BaringoAmerica Marine Ges.m.b.H.	BaringoAmerica Marine Ges.m.b.H. for overfishing in Cod Table and Tuna Shelf (May 2035)	Jones Group__0__0__Haacklee Herald
Dry CreekWorldLogistics Ltd.	Event.Fishing.OverFishing	Dry CreekWorldLogistics Ltd.	Dry CreekWorldLogistics Ltd., a logistics company licensed to fish only in the Wrasse Beds, has been repeatedly cited and criticized by environmental groups for exceeding their quota	Jones Group__0__0__Haacklee Herald
KambalaSea Freight Inc.	Event.CertificateIssued.Summons	KambalaSea Freight Inc.	KambalaSea Freight Inc. was accused of overfishing in Cod Table on February 7, They were subsequently summoned by the City of Paackland and the City of South Paackland and criticized by the Marine Sentinels Initiative	Jones Group__0__0__Haacklee Herald
KisumuSeafoodBrothers Ltd.	Event.CertificateIssued.Summons	KisumuSeafoodBrothers Ltd.	KisumuSeafoodBrothers Ltd., a company licensed to fish in	Jones Group__0__0__Haacklee Herald
Oceanus Guardians Alliance	event.criticize	RechFish Freight Plc	accused of overfishing in the Cod Table and Wrasse Beds on multiple occasions from February to May 2035	Jones Group__0__0__Lomark Daily
Coral Reef Protection Coalition	event.criticize	RechFish Freight Plc	accused of overfishing in the Cod Table and Wrasse Beds on multiple occasions from February to May 2035	Jones Group__0__0__Lomark Daily
City of Paackland	event.certificateissued.summons	RechFish Freight Plc	accused of overfishing in the Cod Table and Wrasse Beds on multiple occasions from February to May 2035	Jones Group__0__0__Lomark Daily
City of Lomark	event.certificateissued.summons	RechFish Freight Plc	accused of overfishing in the Cod Table and Wrasse Beds on multiple occasions from February to May 2035	Jones Group__0__0__Lomark Daily
Marine Sentinels Initiative	event.criticize	ArawakFish Cargo Ges.m.b.H.	cited for overfishing in the Cod Table, Tuna Shelf, and Ghoti Preserve from February to April 2035	Jones Group__0__0__Lomark Daily
City of South Paackland	event.certificateissued.summons	ArawakFish Cargo Ges.m.b.H.	cited for overfishing in the Cod Table, Tuna Shelf, and Ghoti Preserve from February to April 2035	Jones Group__0__0__Lomark Daily
City of Paackland	event.certificateissued.summons	ArawakFish Cargo Ges.m.b.H.	cited for overfishing in the Cod Table, Tuna Shelf, and Ghoti Preserve from February to April 2035	Jones Group__0__0__Lomark Daily
Jones Group	event.invest	Jones Group	recently invested in sustainable fishing nets and tracking systems in May and June	Jones Group__0__0__Lomark Daily
Jones Group	event.transaction	Barnett Ltd	recent transactions with various entities, including Barnett Ltd	Jones Group__0__0__The News Buoy
Jones Group	event.transaction	Willis, Vasquez, and Goodwin	recent transactions with various entities, including Willis, Vasquez, and Goodwin	Jones Group__0__0__The News Buoy
Jones Group	event.certificateissued	City Of Himark	received certificates from the City Of Himark, granting permission to fish in Wrasse Beds	Jones Group__0__0__The News Buoy
Jones Group	event.certificateissued	City Of Lomark	received certificates from the City Of Lomark, granting permission to fish in Wrasse Beds	Jones Group__0__0__The News Buoy
Jones Group	event.transaction	Clements, Allen and Sullivan	subsequent transactions on June 16	Jones Group__0__0__The News Buoy
Jones Group	event.transaction	Barnett Ltd	subsequent transactions on June 16	Jones Group__0__0__The News Buoy
Jones Group	event.transaction	Willis, Vasquez, and Goodwin	subsequent transactions on June 16	Jones Group__0__0__The News Buoy
Jones Group	event.transaction	Brown, Clarke, and Martinez	transactions on July 25	Jones Group__0__0__The News Buoy
Jones Group	event.transaction	Floyd-Cantu	transactions on July 25	Jones Group__0__0__The News Buoy
Jones Group	event.transaction	McGee and Sons	transactions on July 25	Jones Group__0__0__The News Buoy
Dry CreekWorldLogistics Ltd. Liability Co	Event.Fishing.OverFishing	City Of Lomark	accused of overfishing in Wrasse Beds area and issued summons	Jones Group__0__1__Haacklee Herald
Dry CreekWorldLogistics Ltd. Liability Co	Event.Fishing.OverFishing	City Of Himark	accused of overfishing in Wrasse Beds area and issued summons	Jones Group__0__1__Haacklee Herald
Dry CreekWorldLogistics Ltd. Liability Co	Event.Criticize	SeaWatch Conservation Society	criticized the company for not following sustainable and environment friendly fishing practices	Jones Group__0__1__Haacklee Herald
Dry CreekWorldLogistics Ltd. Liability Co	Event.Aid	Local Marine Sanctuary	given $2000 as aid in March 2035	Jones Group__0__1__Haacklee Herald
Dry CreekWorldLogistics Ltd.	Event.Fishing.OverFishing	Coral Reef Protection Coalition	Dry CreekWorldLogistics Ltd. is facing criticism from environmental groups for allegedly overfishing in unauthorized areas.	Jones Group__0__1__Lomark Daily
Dry CreekWorldLogistics Ltd.	Event.Fishing.OverFishing	Oceanus Guardians Alliance	Dry CreekWorldLogistics Ltd. faces criticism from the Oceanus Guardians Alliance for fishing in the Ghoti Preserve, an unauthorized area.	Jones Group__0__1__Lomark Daily
Dry CreekWorldLogistics Ltd.	Event.Fishing.OverFishing	City of Lomark	Dry CreekWorldLogistics Ltd. was cited by the City of Lomark for overfishing in March 2035.	Jones Group__0__1__Lomark Daily
Dry CreekWorldLogistics Ltd.	Event.Fishing.OverFishing	City of Himark	Dry CreekWorldLogistics Ltd. was cited by the City of Himark for overfishing in March 2035.	Jones Group__0__1__Lomark Daily
Dry CreekWorldLogistics Ltd.	Event.Fishing.OverFishing	City of Himark	Dry CreekWorldLogistics Ltd. was cited for overfishing in the Wrasse Beds in May 2035.	Jones Group__0__1__Lomark Daily
Dry CreekWorldLogistics Ltd.	Event.Fishing.OverFishing	Oceanus Guardians Alliance	Dry CreekWorldLogistics Ltd. was criticized by the Oceanus Guardians Alliance for overfishing in the Ghoti Preserve in May 2035.	Jones Group__0__1__Lomark Daily
KambalaSea Freight Inc.	Event.Fishing.OverFishing	City of Paackland	KambalaSea Freight Inc. was cited by the City of Paackland for overfishing in April 2035.	Jones Group__0__1__Lomark Daily
KambalaSea Freight Inc.	Event.Fishing.OverFishing	City of South Paackland	KambalaSea Freight Inc. was cited by the City of South Paackland for overfishing in April 2035.	Jones Group__0__1__Lomark Daily
KambalaSea Freight Inc.	Event.Fishing.OverFishing	Oceanus Guardians Alliance	KambalaSea Freight Inc. was criticized by the Oceanus Guardians Alliance for overfishing in April 2035.	Jones Group__0__1__Lomark Daily
Dry CreekWorldLogistics Ltd. Liability Co.	Event.Fishing.OverFishing	SeaWatch Conservation Society	was cited for overfishing in the Wrasse Beds	Jones Group__0__1__The News Buoy
Dry CreekWorldLogistics Ltd. Liability Co.	Event.Fishing.OverFishing	SeaWatch Conservation Society	was again caught overfishing in the Wrasse Beds, and additionally cited for illegal fishing in the Don Limpet Preserve and the Ghoti Preserve	Jones Group__0__1__The News Buoy
Dry CreekWorldLogistics Ltd. Liability Co.	Event.CertificateIssued.Summons	City of Lomark	issued summonses to Dry CreekWorldLogistics	Jones Group__0__1__The News Buoy
Dry CreekWorldLogistics Ltd. Liability Co.	Event.CertificateIssued.Summons	City of Himark	issued summonses to Dry CreekWorldLogistics	Jones Group__0__1__The News Buoy
Dry CreekWorldLogistics Ltd. Liability Co.	Event.Criticize	Oceanus Guardians Alliance	joined SeaWatch in criticizing Dry CreekWorldLogistics	Jones Group__0__1__The News Buoy
Dry CreekWorldLogistics Ltd. Liability Co.	Event.Criticize	SeaWatch Conservation Society	This is a blatant disregard for the law and for the health of our marine ecosystems	Jones Group__0__1__The News Buoy
KambalaSea Freight Inc.	Event.Fishing.OverFishing	Marine Sentinels Initiative	criticized their practices	Jones Group__0__1__The News Buoy
City of Centralia	Event.CertificateIssued	Jones, Davis and Grant	sustainable practices in the Cod Table and Tuna Shelf regions	Jones, Davis and Grant__0__0__Haacklee Herald
City of South Paackland	Event.CertificateIssued	Jones, Davis and Grant	sustainable practices in the Cod Table and Tuna Shelf regions	Jones, Davis and Grant__0__0__Haacklee Herald
Jones, Davis and Grant	Event.Transaction	Cisneros-Meyer	engaged in multiple transactions	Jones, Davis and Grant__0__0__Haacklee Herald
Jones, Davis and Grant	Event.Transaction	Cuevas PLC	engaged in multiple transactions	Jones, Davis and Grant__0__0__Haacklee Herald
Jones, Davis and Grant	Event.Invest	Safety	further invested in safety	Jones, Davis and Grant__0__0__Haacklee Herald
Jones, Davis and Grant	Event.Invest	Efficiency	further invested in efficiency commodities	Jones, Davis and Grant__0__0__Haacklee Herald
Jones, Davis and Grant	Event.Aid	Marine Sanctuary	ongoing support for marine sanctuaries with a significant donation	Jones, Davis and Grant__0__0__Haacklee Herald
Jones, Davis and Grant	Event.Invest	Sustainable_nets	continued to invest in sustainable nets	Jones, Davis and Grant__0__0__Haacklee Herald
Jones, Davis and Grant	Event.Invest	Tracking_System	continued to invest in tracking systems	Jones, Davis and Grant__0__0__Haacklee Herald
Jones, Davis and Grant	Event.Invest	Tracking_System	continued to invest in tracking systems	Jones, Davis and Grant__0__0__Lomark Daily
Jones, Davis and Grant	Event.Invest	Tracking_System	continued to invest in tracking systems	Jones, Davis and Grant__0__0__Lomark Daily
Jones, Davis and Grant	Event.Invest	Efficiency	The companys latest initiatives include substantial investments in commodity efficiency and the deployment of advanced tracking systems, aimed at improving sustainable fishing methods.	Jones, Davis and Grant__0__0__Lomark Daily
Jones, Davis and Grant	Event.Transaction	Allen-Weiss	Jones, Davis and Grant have been actively expanding their business network through strategic transactions with respected entities like Allen-Weiss.	Jones, Davis and Grant__0__0__Lomark Daily
Jones, Davis and Grant	Event.Transaction	Cain, Simpson and Hernandez	Jones, Davis and Grant have been actively expanding their business network through strategic transactions with respected entities like Cain, Simpson and Hernandez.	Jones, Davis and Grant__0__0__Lomark Daily
Jones, Davis and Grant	Event.Transaction	Cooper, Holland and Nelson	Jones, Davis and Grant have been actively expanding their business network through strategic transactions with respected entities like Cooper, Holland and Nelson.	Jones, Davis and Grant__0__0__Lomark Daily
Jones, Davis and Grant	Event.Communication.Conference	Cisneros-Meyer	They also engaged in several industry conferences alongside partners such as Cisneros-Meyer and Cuevas PLC, focusing on discussions about the future of fishing technology and sustainability.	Jones, Davis and Grant__0__0__Lomark Daily
Jones, Davis and Grant	Event.Communication.Conference	Cuevas PLC	They also engaged in several industry conferences alongside partners such as Cisneros-Meyer and Cuevas PLC, focusing on discussions about the future of fishing technology and sustainability.	Jones, Davis and Grant__0__0__Lomark Daily
Jones, Davis and Grant	Event.Communication.Conference	Cuevas PLC	They also engaged in several industry conferences alongside partners such as Cisneros-Meyer and Cuevas PLC, focusing on discussions about the future of fishing technology and sustainability.	Jones, Davis and Grant__0__0__Lomark Daily
Jones, Davis and Grant	Event.Invest	Efficiency	significant investments in the fishing industry, particularly in enhancing efficiency and safety measures	Jones, Davis and Grant__0__0__The News Buoy
Jones, Davis and Grant	Event.Transaction	Murray, Friedman and Wall	engaged in several transactions with reputable companies	Jones, Davis and Grant__0__0__The News Buoy
Jones, Davis and Grant	Event.Transaction	Clements, Allen and Sullivan	engaged in several transactions with reputable companies	Jones, Davis and Grant__0__0__The News Buoy
Jones, Davis and Grant	Event.Transaction	Ellis-Hunter	engaged in several transactions with reputable companies	Jones, Davis and Grant__0__0__The News Buoy
Jones, Davis and Grant	Event.Transaction	Craig Ltd	Recent conferences attended by Jones, Davis and Grant	Jones, Davis and Grant__0__0__The News Buoy
Jones, Davis and Grant	Event.Transaction	Serrano-Cruz	Recent conferences attended by Jones, Davis and Grant	Jones, Davis and Grant__0__0__The News Buoy
Jones, Davis and Grant	Event.Transaction	Conrad Ltd	invested in safety measures	Jones, Davis and Grant__0__0__The News Buoy
Jones, Davis and Grant	Event.Transaction	Ross-Curtis	invested in safety measures	Jones, Davis and Grant__0__0__The News Buoy
Jones, Davis and Grant	Event.Transaction	Hernandez, Levy and Hanson	invested in safety measures	Jones, Davis and Grant__0__0__The News Buoy
City of Himark	Event.CertificateIssued	Kelly-Smith	permissions to operate in the Wrasse Beds	Kelly-Smith__0__0__Haacklee Herald
City of Lomark	Event.CertificateIssued	Kelly-Smith	permissions to operate in the Wrasse Beds	Kelly-Smith__0__0__Haacklee Herald
Kelly-Smith	Event.Invest	Efficiency	investments in sustainable nets and tracking systems	Kelly-Smith__0__0__Haacklee Herald
Kelly-Smith	Event.Aid	Marine Sanctuary	aiding marine sanctuaries	Kelly-Smith__0__0__Haacklee Herald
Kelly-Smith	Event.Transaction	Alvarez PLC	collaborations	Kelly-Smith__0__0__Haacklee Herald
Kelly-Smith	Event.Transaction	Evans-Burns	collaborations	Kelly-Smith__0__0__Haacklee Herald
Kelly-Smith	Event.Transaction	Willis, Vasquez, and Goodwin	collaborations	Kelly-Smith__0__0__Haacklee Herald
Kelly-Smith	Event.Communication.Conference	Clarke, Scott and Sloan	engagements at conferences	Kelly-Smith__0__0__Haacklee Herald
Kelly-Smith	Event.Communication.Conference	Wu-Hart	engagements at conferences	Kelly-Smith__0__0__Haacklee Herald
Kelly-Smith	Event.Fishing.SustainableFishing	Himark and Lomark local governments	significantly increased its engagement in sustainable fishing practices, particularly in the Wrasse Beds, earning recognition and certifications from local governments in Himark and Lomark as of February 2, 2035	Kelly-Smith__0__0__Lomark Daily
Kelly-Smith	Event.Invest	Advanced tracking systems and sustainable nets	$10000 investment in advanced tracking systems and sustainable nets, marking a major step in its strategy to minimize the ecological impact of its fishing operations	Kelly-Smith__0__0__Lomark Daily
Kelly-Smith	Event.Transaction	Jefferson Inc and Evans-Burns	significant dealings with established firms like Jefferson Inc and Evans-Burns, reinforcing its reputation for reliability and ethical business practices	Kelly-Smith__0__0__Lomark Daily
Kelly-Smith	Event.Aid	Marine sanctuaries	aiding marine sanctuaries repeatedly throughout the year, with a significant contribution noted on March 26, 2035	Kelly-Smith__0__0__Lomark Daily
Kelly-Smith	Event.Communication.Conference	Industry leaders	actively participated in several high-profile industry conferences, collaborating with other industry leaders to forge paths forward in sustainability	Kelly-Smith__0__0__Lomark Daily
Kelly-Smith	Event.Aid	Marine Sanctuary	made a notable contribution of $2,000 to a local marine sanctuary	Kelly-Smith__0__0__The News Buoy
Kelly-Smith	Event.Invest	Efficiency	invested in technologies such as sustainable nets and tracking systems	Kelly-Smith__0__0__The News Buoy
Kelly-Smith	Event.Transaction	Arellano Group	collaborations with companies like Arellano Group	Kelly-Smith__0__0__The News Buoy
Kelly-Smith	Event.Transaction	Castillo-Elliott	collaborations with companies like Castillo-Elliott	Kelly-Smith__0__0__The News Buoy
Kelly-Smith	Event.Transaction	Olson and Sons	collaborations with companies like Olson and Sons	Kelly-Smith__0__0__The News Buoy
Kelly-Smith	Event.Fishing.SustainableFishing	Wrasse Beds	actively pursued sustainable fishing practices	Kelly-Smith__0__0__The News Buoy
Kelly-Smith	Event.Invest	Efficiency	investments in efficiency and safety measures	Kelly-Smith__0__0__The News Buoy
Kelly-Smith	Event.Invest	Safety	investments in efficiency and safety measures	Kelly-Smith__0__0__The News Buoy
Kelly-Smith	Event.Transaction	Arellano Group	collaborations with companies like Arellano Group	Kelly-Smith__0__0__The News Buoy
Kelly-Smith	Event.Transaction	Castillo-Elliott	collaborations with companies like Castillo-Elliott	Kelly-Smith__0__0__The News Buoy
Kelly-Smith	Event.Transaction	Olson and Sons	collaborations with companies like Olson and Sons	Kelly-Smith__0__0__The News Buoy
Kelly-Smith	Event.Invest	Efficiency	continued investments in efficiency and safety technologies	Kelly-Smith__0__0__The News Buoy
Kelly-Smith	Event.Invest	Safety	continued investments in efficiency and safety technologies	Kelly-Smith__0__0__The News Buoy
City of Port Grove	Event.Applaud	Klein LLC	applauded by the City of Port Grove and Paackland for their commitment to sustainable fishing in the Cod Table	Klein LLC__0__0__Haacklee Herald
Paackland	Event.Applaud	Klein LLC	applauded by the City of Port Grove and Paackland for their commitment to sustainable fishing in the Cod Table	Klein LLC__0__0__Haacklee Herald
Klein LLC	Event.Invest	Safety	investing in commodity safety and tracking systems on February 26th	Klein LLC__0__0__Haacklee Herald
Klein LLC	Event.Transaction	Phillips-Newton	made several transactions with Phillips-Newton, Rhodes-Thompson, and Conrad Ltd on February 3rd	Klein LLC__0__0__Haacklee Herald
Klein LLC	Event.Transaction	Rhodes-Thompson	made several transactions with Phillips-Newton, Rhodes-Thompson, and Conrad Ltd on February 3rd	Klein LLC__0__0__Haacklee Herald
Klein LLC	Event.Transaction	Conrad Ltd	made several transactions with Phillips-Newton, Rhodes-Thompson, and Conrad Ltd on February 3rd	Klein LLC__0__0__Haacklee Herald
Klein LLC	Event.Invest	Tracking_System	investing in tracking systems and sustainable nets on February 3rd	Klein LLC__0__0__Haacklee Herald
Klein LLC	Event.Invest	Sustainable_nets	investing in tracking systems and sustainable nets on February 3rd	Klein LLC__0__0__Haacklee Herald
Klein LLC	Event.Fishing	Cod Table	fishing sustainably in the Cod Table on multiple dates throughout February, March, May, and July	Klein LLC__0__0__Haacklee Herald
Klein LLC	Event.Transaction	Maldonado, Sanchez and Jones	conducting numerous transactions with Maldonado, Sanchez and Jones, Wong-Harrell, Jackson, Mendez and Nguyen, and Bates-Anderson amongst others	Klein LLC__0__0__Haacklee Herald
Klein LLC	Event.Transaction	Wong-Harrell	conducting numerous transactions with Maldonado, Sanchez and Jones, Wong-Harrell, Jackson, Mendez and Nguyen, and Bates-Anderson amongst others	Klein LLC__0__0__Haacklee Herald
Klein LLC	Event.Transaction	Jackson, Mendez and Nguyen	conducting numerous transactions with Maldonado, Sanchez and Jones, Wong-Harrell, Jackson, Mendez and Nguyen, and Bates-Anderson amongst others	Klein LLC__0__0__Haacklee Herald
Klein LLC	Event.Transaction	Bates		Klein LLC__0__0__Haacklee Herald
Klein LLC	Event.Transaction	Hernandez-Rojas	several transactions initiated on February 3, 2035	Klein LLC__0__0__Lomark Daily
Klein LLC	Event.Transaction	Horn and Sons	several transactions initiated on February 3, 2035	Klein LLC__0__0__Lomark Daily
Klein LLC	Event.Transaction	Nguyen, Marsh and Hall	several transactions initiated on February 3, 2035	Klein LLC__0__0__Lomark Daily
Klein LLC	Event.CertificateIssued	City of Port Grove	certificate secured to operate in the Cod Table region	Klein LLC__0__0__Lomark Daily
Klein LLC	Event.CertificateIssued	City of Paackland	certificate secured to operate in the Cod Table region	Klein LLC__0__0__Lomark Daily
Klein LLC	Event.Fishing	Cod Table	subsequent fishing expeditions	Klein LLC__0__0__Lomark Daily
Klein LLC	Event.Invest	Safety equipment	investments made in safety equipment	Klein LLC__0__0__Lomark Daily
Klein LLC	Event.Invest	Efficiency enhancements	investments made in efficiency enhancements	Klein LLC__0__0__Lomark Daily
Klein LLC	Event.Invest	Sustainable fishing practices	investments made in sustainable fishing practices	Klein LLC__0__0__Lomark Daily
Klein LLC	Event.Transaction	Maddox Group	notable transactions involving Maddox Group	Klein LLC__0__0__Lomark Daily
Klein LLC	Event.Transaction	Patterson, Moreno and Jensen	notable transactions involving Patterson, Moreno and Jensen	Klein LLC__0__0__Lomark Daily
Klein LLC	Event.Transaction	Lake Victoria Catch GmbH	notable transactions involving Lake Victoria Catch GmbH	Klein LLC__0__0__Lomark Daily
Klein LLC	Event.Invest	Sustainable nets	investment in sustainable nets	Klein LLC__0__0__Lomark Daily
Klein LLC	Event.Invest	Tracking systems	investment in tracking systems	Klein LLC__0__0__Lomark Daily
Klein LLC	Event.Communication.Conference	Marine conservation	participation in conferences	Klein LLC__0__0__Lomark Daily
Klein LLC	Event.Aid	Marine conservation	participation in aid programs	Klein LLC__0__0__Lomark Daily
Klein LLC	Event.Criticize	Environmental groups and industry stakeholders	positive reception and accolades from environmental groups and industry stakeholders	Klein LLC__0__0__Lomark Daily
City of Port Grove	event.certificateissued	Klein LLC	certificates issued by the cities of Port Grove and Paackland	Klein LLC__0__0__The News Buoy
City of Paackland	event.certificateissued	Klein LLC	certificates issued by the cities of Port Grove and Paackland	Klein LLC__0__0__The News Buoy
Jones, Davis and Grant	event.communication.conference	Klein LLC	participation in conferences	Klein LLC__0__0__The News Buoy
Cisneros-Meyer	event.communication.conference	Klein LLC	participation in conferences	Klein LLC__0__0__The News Buoy
Rasmussen, Nelson and King	event.transaction	Klein LLC	transactions in February and March	Klein LLC__0__0__The News Buoy
Floyd-Cantu	event.transaction	Klein LLC	transactions in February and March	Klein LLC__0__0__The News Buoy
Gallagher-Compton	event.transaction	Klein LLC	partnerships with reputable companies	Klein LLC__0__0__The News Buoy
Holt PLC	event.transaction	Klein LLC	partnerships with reputable companies	Klein LLC__0__0__The News Buoy
Conrad Ltd	event.transaction	Klein LLC	transactions in late March and April	Klein LLC__0__0__The News Buoy
Chavez, Anderson and Taylor	event.transaction	Klein LLC	transactions in late March and April	Klein LLC__0__0__The News Buoy
Alvarez PLC	event.communication.conference	Klein LLC	conferences featuring Alvarez PLC	Klein LLC__0__0__The News Buoy
Castillo-Elliott	event.communication.conference	Klein LLC	conferences featuring Castillo-Elliott	Klein LLC__0__0__The News Buoy
Mclaughlin-Chandler	event.communication.conference	Klein LLC	conferences hosted by Mclaughlin-Chandler	Klein LLC__0__0__The News Buoy
Smith-Hull	event.communication.conference	Klein LLC	conferences hosted by Smith-Hull	Klein LLC__0__0__The News Buoy
Cervantes-Kramer	Event.Invest	Efficiency	investing in efficient sustainable nets, tracking systems, and aid to a local marine sanctuary	Lutz-Fleming__0__0__Haacklee Herald
Cervantes-Kramer	Event.Transaction	Eaton-Osborne	signed multiple fishing transactions	Lutz-Fleming__0__0__Haacklee Herald
Cervantes-Kramer	Event.Transaction	York-Castillo	signed multiple fishing transactions	Lutz-Fleming__0__0__Haacklee Herald
Lutz-Fleming	Event.Aid	Marine Sanctuary	expressed interest in sustainable legal fishing and investing in efficiency and safety of commercial fishing	Lutz-Fleming__0__0__Haacklee Herald
Lutz-Fleming	Event.Transaction	Eaton-Osborne	investing in efficiency and safety of commercial fishing	Lutz-Fleming__0__0__Haacklee Herald
Lutz-Fleming	Event.Transaction	York-Castillo	investing in efficiency and safety of commercial fishing	Lutz-Fleming__0__0__Haacklee Herald
Lutz-Fleming	Event.Transaction	Logistic Companies	expanding operations in the Cod Table area	Lutz-Fleming__0__0__Haacklee Herald
Lutz-Fleming	Event.Transaction	Logistic Companies	expanding operations in the Cod Table area	Lutz-Fleming__0__0__Lomark Daily
Lutz-Fleming	Event.Transaction	Logistic Companies	expanding operations in the Cod Table area	Lutz-Fleming__0__0__Lomark Daily
Lutz-Fleming	Event.Transaction	Logistic Companies	expanding operations in the Cod Table area	Lutz-Fleming__0__0__Lomark Daily
Lutz-Fleming	Event.Transaction	Logistic Companies	expanding operations in the Cod Table area	Lutz-Fleming__0__0__Lomark Daily
Lutz-Fleming	Event.Transaction	Logistic Companies	expanding operations in the Cod Table area	Lutz-Fleming__0__0__Lomark Daily
Lutz-Fleming	Event.Transaction	Logistic Companies	expanding operations in the Cod Table area	Lutz-Fleming__0__0__Lomark Daily
Lutz-Fleming	Event.Transaction	Logistic Companies	expanding operations in the Cod Table area	Lutz-Fleming__0__0__Lomark Daily
Lutz-Fleming	Event.Transaction	Logistic Companies	expanding operations in the Cod Table area	Lutz-Fleming__0__0__Lomark Daily
Lutz-Fleming	Event.Transaction	Logistic Companies	expanding operations in the Cod Table area	Lutz-Fleming__0__0__Lomark Daily
Lutz-Fleming	Event.Aid	Marine Sanctuary	has given $2,000 to a local marine sanctuary as aid	Lutz-Fleming__0__0__The News Buoy
Lutz-Fleming	Event.Transaction	Wilson-Grant	signed multiple fishing transactions	Lutz-Fleming__0__0__The News Buoy
Lutz-Fleming	Event.Transaction	Ellis-Hunter	signed multiple fishing transactions	Lutz-Fleming__0__0__The News Buoy
Lutz-Fleming	Event.Transaction	Phelps, Brown and Wallace	signed multiple fishing transactions	Lutz-Fleming__0__0__The News Buoy
Lutz-Fleming	Event.Owns.PartiallyOwns	Efficient fishing gear company	invested in a company that provides efficient fishing gear	Lutz-Fleming__0__0__The News Buoy
Lutz-Fleming	Event.Invest	Sustainable fishing practices	invested in a company that provides efficient fishing gear	Lutz-Fleming__0__0__The News Buoy
Lutz-Fleming	Event.Communication.Conference	Martin LLC	participating in conferences and events related to sustainable fishing	Lutz-Fleming__0__0__The News Buoy
Lutz-Fleming	Event.Communication.Conference	Evans-Pearson	participating in conferences and events related to sustainable fishing	Lutz-Fleming__0__0__The News Buoy
Mann, Myers and Rivera	Event.Invest	Efficiency	Invests in Sustainable Fishing and Marine Conservation	Mann, Myers and Rivera__0__0__Haacklee Herald
Mann, Myers and Rivera	Event.Aid	Marine Sanctuary	Invests in Sustainable Fishing and Marine Conservation	Mann, Myers and Rivera__0__0__Haacklee Herald
Mann, Myers and Rivera	Event.Transaction	Cain, Simpson and Hernandez	Invests in Sustainable Fishing and Marine Conservation	Mann, Myers and Rivera__0__0__Haacklee Herald
Mann, Myers and Rivera	Event.Transaction	Frank Group	Invests in Sustainable Fishing and Marine Conservation	Mann, Myers and Rivera__0__0__Haacklee Herald
Mann, Myers and Rivera	Event.Communication.Conference	Lutz-Fleming	Invests in Sustainable Fishing and Marine Conservation	Mann, Myers and Rivera__0__0__Haacklee Herald
Mann, Myers and Rivera	Event.Communication.Conference	Taylor, Prince and Sherman	Invests in Sustainable Fishing and Marine Conservation	Mann, Myers and Rivera__0__0__Haacklee Herald
Mann, Myers and Rivera	Event.Invest	Safety	Invests in Sustainable Fishing and Marine Conservation	Mann, Myers and Rivera__0__0__Haacklee Herald
Mann, Myers and Rivera	Event.Transaction	Cain, Simpson and Hernandez	Invests in Sustainable Fishing and Marine Conservation	Mann, Myers and Rivera__0__0__Haacklee Herald
Mann, Myers and Rivera	Event.Transaction	Frank Group	Invests in Sustainable Fishing and Marine Conservation	Mann, Myers and Rivera__0__0__Haacklee Herald
Mann, Myers and Rivera	Event.Invest	Sustainable_nets	Invests in Sustainable Fishing and Marine Conservation	Mann, Myers and Rivera__0__0__Haacklee Herald
Mann, Myers and Rivera	Event.Transaction	Cain, Simpson and Hernandez	Invests in Sustainable Fishing and Marine Conservation	Mann, Myers and Rivera__0__0__Haacklee Herald
Mann, Myers and Rivera	Event.Transaction	Frank Group	Invests in Sustainable Fishing and Marine Conservation	Mann, Myers and Rivera__0__0__Haacklee Herald
Mann, Myers and Rivera	Event.Aid	Marine Sanctuary	Invests in Sustainable Fishing and Marine Conservation	Mann, Myers and Rivera__0__0__Haacklee Herald
Mann, Myers and Rivera	Event.Invest	Tracking_System	Invests in Sustainable Fishing and Marine Conservation	Mann, Myers and Rivera__0__0__Haacklee Herald
City of Paackland	event.certificateissued	Mann, Myers and Rivera	certificates issued by both municipalities underscore MMRs compliance with conservation regulations, allowing the company to operate using eco-friendly vessels	Mann, Myers and Rivera__0__0__Lomark Daily
City of Port Grove	event.certificateissued	Mann, Myers and Rivera	certificates issued by both municipalities underscore MMRs compliance with conservation regulations, allowing the company to operate using eco-friendly vessels	Mann, Myers and Rivera__0__0__Lomark Daily
Mann, Myers and Rivera	event.invest	Safety commodities, sustainable nets, efficiency enhancements	subsequent fishing activities on February 2 were complemented by investments in sustainable nets, safety commodities, and efficiency enhancements	Mann, Myers and Rivera__0__0__Lomark Daily
Mann, Myers and Rivera	event.transaction	Cisneros-Meyer	transactions involving reputable entities like Cisneros-Meyer	Mann, Myers and Rivera__0__0__Lomark Daily
Mann, Myers and Rivera	event.transaction	Jones Group	transactions involving reputable entities like Jones Group	Mann, Myers and Rivera__0__0__Lomark Daily
Mann, Myers and Rivera	event.communication.conference	Watson-Gray	engagements in conferences hosted by Watson-Gray and Bell, Reynolds and Forbes provided platforms for knowledge exchange and collaboration within the industry	Mann, Myers and Rivera__0__0__Lomark Daily
Mann, Myers and Rivera	event.communication.conference	Bell, Reynolds and Forbes	engagements in conferences hosted by Watson-Gray and Bell, Reynolds and Forbes provided platforms for knowledge exchange and collaboration within the industry	Mann, Myers and Rivera__0__0__Lomark Daily
Mann, Myers and Rivera	event.aid	Marine sanctuaries	the companys ongoing aid contributions to marine sanctuaries demonstrate its broader commitment to environmental stewardship	Mann, Myers and Rivera__0__0__Lomark Daily
Mann, Myers and Rivera	event.invest	Tracking systems, sustainable nets	April saw MMRs dedication to sustainability persist, with additional investments in tracking systems and sustainable nets	Mann, Myers and Rivera__0__0__Lomark Daily
Mann, Myers and Rivera	event.transaction	Roth, Logan and Moreno	transactions with partners such as Roth, Logan and Moreno	Mann, Myers and Rivera__0__0__Lomark Daily
Mann, Myers and Rivera	event.transaction	Ramos-Shelton	transactions with partners such as Ramos-Shelton	Mann, Myers and Rivera__0__0__Lomark Daily
City of Paackland	Event.CertificateIssued	Mann, Myers and Rivera	granted the requisite fishing certifications from the City of Paackland	Mann, Myers and Rivera__0__0__The News Buoy
City of Port Grove	Event.CertificateIssued	Mann, Myers and Rivera	granted the requisite fishing certifications from the City of Port Grove	Mann, Myers and Rivera__0__0__The News Buoy
Mann, Myers and Rivera	Event.Invest	Efficiency	investments in sustainable nets, aiming to boost both safety and efficiency in their operations	Mann, Myers and Rivera__0__0__The News Buoy
Mann, Myers and Rivera	Event.Transaction	Garcia, Merritt and Rose	significant transactions with notable industry players like Garcia, Merritt and Rose	Mann, Myers and Rivera__0__0__The News Buoy
Mann, Myers and Rivera	Event.Transaction	Maddox Group	significant transactions with notable industry players like the Maddox Group	Mann, Myers and Rivera__0__0__The News Buoy
Mann, Myers and Rivera	Event.Aid	Marine Sanctuary	substantial contributions to marine sanctuaries, with a notable donation on February 1, 2035	Mann, Myers and Rivera__0__0__The News Buoy
Mann, Myers and Rivera	Event.Invest	Safety	ongoing investments in sustainable practices throughout February and March, culminating in additional funding towards efficiency and safety commodities	Mann, Myers and Rivera__0__0__The News Buoy
City of Lomark	Event.CertificateIssued	Martin LLC	official certificates, allowing Martin LLC to fish in the Wrasse Beds	Martin LLC__0__0__Haacklee Herald
City of Port Grove	Event.CertificateIssued	Martin LLC	official certificates, allowing Martin LLC to fish in the Wrasse Beds	Martin LLC__0__0__Haacklee Herald
Martin LLC	Event.Fishing	Wrasse Beds	series of sustainable fishing activities in the Wrasse Beds	Martin LLC__0__0__Haacklee Herald
Martin LLC	Event.Invest	Tracking System	investing $2 million in a state-of-the-art tracking system	Martin LLC__0__0__Haacklee Herald
Martin LLC	Event.Invest	Efficiency	investing $1.5 million in enhancing commodity efficiency	Martin LLC__0__0__Haacklee Herald
Martin LLC	Event.Transaction	Arellano Group	partnerships with the Arellano Group	Martin LLC__0__0__Haacklee Herald
Martin LLC	Event.Transaction	Murphy, Marshall and Pope	partnerships with Murphy, Marshall and Pope	Martin LLC__0__0__Haacklee Herald
Martin LLC	Event.Aid	Marine Sanctuaries	substantial contributions to marine sanctuaries amounting to $500,000	Martin LLC__0__0__Haacklee Herald
Martin LLC	Event.Communication.Conference	Industry Leaders	hosted several conferences, engaging with industry leaders	Martin LLC__0__0__Haacklee Herald
Martin LLC	Event.Transaction	Jefferson Inc	strategic partnership with Jefferson Inc	Martin LLC__0__0__Haacklee Herald
Martin LLC	Event.Invest	Sustainable Nets	investments totaling over $3 million in sustainable nets	Martin LLC__0__0__Haacklee Herald
Martin LLC	Event.Invest	Safety Commodities	investments totaling over $3 million in safety commodities	Martin LLC__0__0__Haacklee Herald
Martin LLC	Event.Invest	Efficiency	investing in efficient sustainable nets, and tracking system	Martin LLC__0__0__Lomark Daily
Martin LLC	Event.Aid	Marine Sanctuary	given $2,000 to a local marine sanctuary as aid	Martin LLC__0__0__Lomark Daily
Martin LLC	Event.Transaction	Eaton-Osborne	signed multiple fishing transactions	Martin LLC__0__0__Lomark Daily
Martin LLC	Event.Transaction	York-Castillo	signed multiple fishing transactions	Martin LLC__0__0__Lomark Daily
Martin LLC	Event.Transaction	Logistic Companies	signed multiple fishing transactions	Martin LLC__0__0__Lomark Daily
Martin LLC	Event.Fishing	Sustainable Legal Fishing	interested in sustainable legal fishing	Martin LLC__0__0__Lomark Daily
Martin LLC	Event.Invest	Efficiency	investing in efficient sustainable nets, tracking systems, and aiding local marine sanctuaries	Martin LLC__0__0__The News Buoy
Martin LLC	Event.Transaction	Thompson-Padilla	involved in multiple fishing transactions	Martin LLC__0__0__The News Buoy
Martin LLC	Event.Transaction	Serrano-Cruz	involved in multiple fishing transactions	Martin LLC__0__0__The News Buoy
Martin LLC	Event.Transaction	Olson and Sons	involved in multiple fishing transactions	Martin LLC__0__0__The News Buoy
Martin LLC	Event.Aid	Local Marine Sanctuary	given $2,000 as aid	Martin LLC__0__0__The News Buoy
Martin LLC	Event.Transaction	Eaton-Osborne	signed multiple fishing transactions	Martin LLC__0__0__The News Buoy
Martin LLC	Event.Transaction	York-Castillo	signed multiple fishing transactions	Martin LLC__0__0__The News Buoy
Martinez-Le	Event.Transaction	Patterson, Moreno and Jensen	engaged in a series of transactions	Martinez-Le__0__0__Haacklee Herald
Martinez-Le	Event.Transaction	Garcia, Merritt and Rose	engaged in a series of transactions	Martinez-Le__0__0__Haacklee Herald
Martinez-Le	Event.Transaction	Faulkner, Schmidt and Wheeler	engaged in a series of transactions	Martinez-Le__0__0__Haacklee Herald
Martinez-Le	Event.Invest	Tracking_System	made investments in a tracking system	Martinez-Le__0__0__Haacklee Herald
Martinez-Le	Event.Communication.Conference	Enhancing operational efficiency and safety measures	participated in conferences aimed at enhancing operational efficiency and safety measures	Martinez-Le__0__0__Haacklee Herald
Martinez-Le	Event.Aid	Marine_Sanctuary	extended its support to marine sanctuary aid	Martinez-Le__0__0__Haacklee Herald
Martinez-Le	Event.Invest	Efficiency	made investments in efficiency	Martinez-Le__0__0__Haacklee Herald
Martinez-Le	Event.Fishing	Cod Table and Tuna Shelf areas	engaging in sustainable fishing practices in the Cod Table and Tuna Shelf areas	Martinez-Le__0__0__Haacklee Herald
Martinez-Le	Event.Transaction	York-Castillo	engaging in transactions with York-Castillo	Martinez-Le__0__0__Haacklee Herald
Martinez-Le	Event.Transaction	Moore-Simon	engaging in transactions with Moore-Simon	Martinez-Le__0__0__Haacklee Herald
Martinez-Le	Event.Aid	Marine_Sanctuary	participating in marine sanctuary aid	Martinez-Le__0__0__Haacklee Herald
Martinez-Le	Event.Fishing	Cod Table and Tuna Shelf areas	engaging in fishing operations in the Cod Table and Tuna Shelf areas	Martinez-Le__0__0__Haacklee Herald
Martinez-Le	Event.Transaction	Murphy, Marshall and Pope	engaging in transactions with Murphy, Marshall and Pope	Martinez-Le__0__0__Haacklee Herald
Martinez-Le	Event.Transaction	Greer-Holder	engaging in transactions with Greer-Holder	Martinez-Le__0__0__Haacklee Herald
Martinez-Le	Event.Invest	Tracking_System	The company invested in tracking systems and sustainable nets on multiple occasions throughout the month, demonstrating their commitment to responsible fishing practices	Martinez-Le__0__0__Lomark Daily
Martinez-Le	Event.Invest	Sustainable_nets	The company invested in tracking systems and sustainable nets on multiple occasions throughout the month, demonstrating their commitment to responsible fishing practices	Martinez-Le__0__0__Lomark Daily
Martinez-Le	Event.Communication.Conference	Rasmussen, Nelson and King	Additionally, they participated in conferences with industry leaders Rasmussen, Nelson and King, and Anderson, Brown and Green, potentially to discuss these initiatives	Martinez-Le__0__0__Lomark Daily
Martinez-Le	Event.Communication.Conference	Anderson, Brown and Green	Additionally, they participated in conferences with industry leaders Rasmussen, Nelson and King, and Anderson, Brown and Green, potentially to discuss these initiatives	Martinez-Le__0__0__Lomark Daily
Martinez-Le	Event.Invest	Efficiency	Their focus on efficiency and safety was evident through further investments in these areas	Martinez-Le__0__0__Lomark Daily
Martinez-Le	Event.Transaction	Craig Ltd	Martinez-Le also conducted multiple transactions with various companies, including Craig Ltd, Smith-Hull, Wu-Hart, Hines-Douglas, Dawson, Miles and Little, Olson and Sons, Harrington Inc., Montoya Group, Jackson Inc., Mclaughlin-Chandler, Evans-Burns, and Bryant, Macdonald and Howard	Martinez-Le__0__0__Lomark Daily
Martinez-Le	Event.Transaction	Smith-Hull	Martinez-Le also conducted multiple transactions with various companies, including Craig Ltd, Smith-Hull, Wu-Hart, Hines-Douglas, Dawson, Miles and Little, Olson and Sons, Harrington Inc., Montoya Group, Jackson Inc., Mclaughlin-Chandler, Evans-Burns, and Bryant, Macdonald and Howard	Martinez-Le__0__0__Lomark Daily
Martinez-Le	Event.Transaction	Wu-Hart	Martinez-Le also conducted multiple transactions with various companies, including Craig Ltd, Smith-Hull, Wu-Hart, Hines-Douglas, Dawson, Miles and Little, Olson and Sons, Harrington Inc., Montoya Group, Jackson Inc., Mclaughlin-Chandler, Evans-Burns, and Bryant, Macdonald and Howard	Martinez-Le__0__0__Lomark Daily
Martinez-Le	Event.Transaction	Hines-Douglas	Martinez-Le also conducted multiple transactions with various	Martinez-Le__0__0__Lomark Daily
Martinez-Le	Event.Transaction	Hines-Douglas	Martinez-Le also conducted multiple transactions with various	Martinez-Le__0__0__The News Buoy
Martinez-Le	event.fishing.overfishing	Local Fishermen	reports surface about their questionable fishing practices	Martinez-Le__0__0__The News Buoy
Martinez-Le	event.communication.conference	Brown, Clarke and Martinez	Martinez-Le seems to have its tentacles wrapped around every corner of the fishing industry	Martinez-Le__0__0__The News Buoy
Martinez-Le	event.transaction	Barnes and Sons	Martinez-Le seems to have its tentacles wrapped around every corner of the fishing industry	Martinez-Le__0__0__The News Buoy
Martinez-Le	event.criticize	Local Fishermen	"""Its like theyre trying to vacuum up every fish in the sea,"" one fisherman whispers, casting a wary glance over his shoulder. ""Theyre playing fast and loose with our marine resources, and someone needs to hold them accountable."""	Martinez-Le__0__0__The News Buoy
Martinez-Le	event.criticize	Local Fishermen	"""Its all about the money for them,"" another local fisherman remarks, shaking his head in disgust. ""They dont care about the long-term consequences of their actions. As long as their pockets are getting fatter, theyll keep plundering the seas."""	Martinez-Le__0__0__The News Buoy
Martinez-Le	event.certificateissued.summons	Governmental Bodies	raising suspicions of corruption and backroom deals	Martinez-Le__0__0__The News Buoy
Martinez-Le	event.criticize	Concerned Citizens and Environmentalists	concerned citizens and environmentalists are demanding answers. Will this expose force Martinez-Le to clean up its act, or will they continue to pillage the oceans for profit? Stay tuned for all the latest updates on this scandalous saga!	Martinez-Le__0__0__The News Buoy
Martinez-Le	event.criticize	Concerned Citizens and Environmentalists	concerned citizens and environmentalists are demanding answers. Will this expose force Martinez-Le to clean up its act, or will they continue to pillage the oceans for profit? Stay tuned for all the latest updates on this scandalous saga!	Martinez-Le__0__0__The News Buoy
Mcgee and Sons	Event.Invest	Efficiency	invested in efficient sustainable nets, tracking system, and has given $2,000 to a local marine sanctuary as aid	Mcgee and Sons__0__0__Haacklee Herald
Mcgee and Sons	Event.Transaction	Eaton-Osborne	signed multiple transactions	Mcgee and Sons__0__0__Haacklee Herald
Mcgee and Sons	Event.Transaction	York-Castillo fishing	signed multiple transactions	Mcgee and Sons__0__0__Haacklee Herald
Mcgee and Sons	Event.Transaction	Logistic companies	signed multiple transactions	Mcgee and Sons__0__0__Haacklee Herald
Mcgee and Sons	Event.Invest	Safety	invested in efficiency and safety	Mcgee and Sons__0__0__Haacklee Herald
Mcgee and Sons	Event.Aid	Marine Sanctuary	has given $2,000 to a local marine sanctuary as aid	Mcgee and Sons__0__0__Haacklee Herald
Mcgee and Sons	Event.Invest	Sustainable_nets	invested in efficient sustainable nets	Mcgee and Sons__0__0__Haacklee Herald
Mcgee and Sons	Event.Invest	Tracking_System	invested in tracking system	Mcgee and Sons__0__0__Haacklee Herald
Mcgee and Sons	Event.Aid	Local Marine Sanctuary	noteworthy donation of $10,000 to support a local marine sanctuary	Mcgee and Sons__0__0__Lomark Daily
Mcgee and Sons	Event.Transaction	Efficiency Commodities	Investments in efficiency commodities and tracking systems	Mcgee and Sons__0__0__Lomark Daily
Mcgee and Sons	Event.Communication.Conference	Bowers Group	participation in conferences	Mcgee and Sons__0__0__Lomark Daily
Mcgee and Sons	Event.Communication.Conference	Bishop-Hernandez	participation in conferences	Mcgee and Sons__0__0__Lomark Daily
Mcgee and Sons	Event.Aid	Marine Sanctuary Aid Programs	contributions to marine sanctuary aid programs, including a recent donation on April 15, 2035	Mcgee and Sons__0__0__Lomark Daily
Mcgee and Sons	Event.Invest	Sustainable Nets	ongoing investments in sustainable nets and safety commodities	Mcgee and Sons__0__0__Lomark Daily
Mcgee and Sons	Event.Aid	Marine Sanctuary	Boosts Sustainability Efforts with Marine Sanctuary Aid	Mcgee and Sons__0__0__The News Buoy
Mcgee and Sons	Event.Transaction	Safety Commodities	Investments in safety commodities and tracking systems	Mcgee and Sons__0__0__The News Buoy
Mcgee and Sons	Event.Transaction	Efficiency Commodities	Investments in safety commodities and tracking systems	Mcgee and Sons__0__0__The News Buoy
Mcgee and Sons	Event.CertificateIssued	Himark	Acknowledged on February 9, 2035	Mcgee and Sons__0__0__The News Buoy
Mcgee and Sons	Event.CertificateIssued	Centralia	Acknowledged on February 9, 2035	Mcgee and Sons__0__0__The News Buoy
Mcgee and Sons	Event.Communication.Conference	Various Industry Partners	Engagement in conferences and transactions with various industry partners	Mcgee and Sons__0__0__The News Buoy
Mcgee and Sons	Event.Transaction	Various Industry Partners	Engagement in conferences and transactions with various industry partners	Mcgee and Sons__0__0__The News Buoy
Mcgee and Sons	Event.Invest	Sustainable Nets	Investments in sustainable nets and efficiency commodities	Mcgee and Sons__0__0__The News Buoy
Mcgee and Sons	Event.Invest	Efficiency Commodities	Investments in sustainable nets and efficiency commodities	Mcgee and Sons__0__0__The News Buoy
McGee and Sons	Event.Aid	Marine Sanctuary	actively supporting marine sanctuaries, ensuring the preservation of our coastal ecosystems	Mcgee and Sons__0__1__Haacklee Herald
McGee and Sons	Event.Invest	Efficiency-enhancing commodities	strategic investments in efficiency-enhancing commodities and cutting-edge tracking systems	Mcgee and Sons__0__1__Haacklee Herald
McGee and Sons	Event.Communication.Conference	Wu-Hart	participating in conferences with local outfits like Wu-Hart, Bishop-Hernandez, and other industry leaders	Mcgee and Sons__0__1__Haacklee Herald
McGee and Sons	Event.Transaction	Hernandez-Rojas	solidified their local partnerships through transactions with fellow Oceanus-based companies like Hernandez-Rojas and Frey Inc	Mcgee and Sons__0__1__Haacklee Herald
McGee and Sons	Event.Invest	Safety	McGee and Sons has prioritized the safety and well-being of its workforce through strategic investments in safety initiatives.	Mcgee and Sons__0__1__Lomark Daily
McGee and Sons	Event.Transaction	Harrington Inc	Collaborations with entities such as Harrington Inc signify the company’s commitment to forging mutually beneficial relationships within the fishing sector.	Mcgee and Sons__0__1__Lomark Daily
McGee and Sons	Event.Transaction	Rosario-Melendez	Collaborations with entities such as Rosario-Melendez signify the company’s commitment to forging mutually beneficial relationships within the fishing sector.	Mcgee and Sons__0__1__Lomark Daily
McGee and Sons	Event.Transaction	Cuevas PLC	Collaborations with entities such as Cuevas PLC signify the company’s commitment to forging mutually beneficial relationships within the fishing sector.	Mcgee and Sons__0__1__Lomark Daily
McGee and Sons	Event.Transaction	Clarke, Scott, and Sloan	Collaborations with entities such as Clarke, Scott, and Sloan signify the company’s commitment to forging mutually beneficial relationships within the fishing sector.	Mcgee and Sons__0__1__Lomark Daily
McGee and Sons	Event.Communication.Conference	Solis-Lopez	Engagements with key stakeholders such as Solis-Lopez provide invaluable opportunities for dialogue on industry trends, challenges, and best practices.	Mcgee and Sons__0__1__Lomark Daily
McGee and Sons	Event.Communication.Conference	Ramos-Shelton	Engagements with key stakeholders such as Ramos-Shelton provide invaluable opportunities for dialogue on industry trends, challenges, and best practices.	Mcgee and Sons__0__1__Lomark Daily
McGee and Sons	Event.Aid	Marine Sanctuaries	The company’s ongoing support for marine sanctuaries underscores its dedication to preserving the natural beauty and biodiversity of our oceans.	Mcgee and Sons__0__1__Lomark Daily
Mcgee and Sons	Event.Invest	Efficiency	commitment to safety, reinforced by investments in ensuring product quality, the company has also shown a strategic focus on efficiency with multiple investments spanning from May to June	Mcgee and Sons__0__1__The News Buoy
Mcgee and Sons	Event.Transaction	Roth, Logan and Moreno	engaged in transactions with Roth, Logan and Moreno, Solis-Lopez, Rivas-Stevens, and Jones, Davis and Grant, broadening its reach and influence within the industry	Mcgee and Sons__0__1__The News Buoy
Mcgee and Sons	Event.Aid	Marine Sanctuaries	extended its support to Marine Sanctuaries, providing aid in preserving marine ecosystems, a gesture indicative of its environmental stewardship	Mcgee and Sons__0__1__The News Buoy
Mcgee and Sons	Event.Communication.Conference	Alvarez PLC	participated in conferences with Alvarez PLC and Cook PLC, signaling an openness to partnerships and knowledge-sharing within the business community	Mcgee and Sons__0__1__The News Buoy
Mcgee and Sons	Event.Invest	Sustainable Nets	investing in Sustainable Nets, aligning its operations with sustainability goals and ecological responsibility	Mcgee and Sons__0__1__The News Buoy
Mcgee and Sons	Event.Invest	Sustainable Nets	investing in Sustainable Nets, aligning its operations with sustainability goals and ecological responsibility	Mclaughlin-Chandler__0__0__Haacklee Herald
Mcgee and Sons	Event.Invest	Sustainable Nets	investing in Sustainable Nets, aligning its operations with sustainability goals and ecological responsibility	Mclaughlin-Chandler__0__0__Haacklee Herald
Mcgee and Sons	Event.Invest	Sustainable Nets	investing in Sustainable Nets, aligning its operations with sustainability goals and ecological responsibility	Mclaughlin-Chandler__0__0__Haacklee Herald
Mcgee and Sons	Event.Invest	Sustainable Nets	investing in Sustainable Nets, aligning its operations with sustainability goals and ecological responsibility	Mclaughlin-Chandler__0__0__Haacklee Herald
Mcgee and Sons	Event.Invest	Sustainable Nets	investing in Sustainable Nets, aligning its operations with sustainability goals and ecological responsibility	Mclaughlin-Chandler__0__0__Haacklee Herald
Mcgee and Sons	Event.Invest	Sustainable Nets	investing in Sustainable Nets, aligning its operations with sustainability goals and ecological responsibility	Mclaughlin-Chandler__0__0__Haacklee Herald
Mcgee and Sons	Event.Invest	Sustainable Nets	investing in Sustainable Nets, aligning its operations with sustainability goals and ecological responsibility	Mclaughlin-Chandler__0__0__Haacklee Herald
Mcgee and Sons	Event.Invest	Sustainable Nets	investing in Sustainable Nets, aligning its operations with sustainability goals and ecological responsibility	Mclaughlin-Chandler__0__0__Haacklee Herald
Mcgee and Sons	Event.Invest	Sustainable Nets	investing in Sustainable Nets, aligning its operations with sustainability goals and ecological responsibility	Mclaughlin-Chandler__0__0__Haacklee Herald
Mcgee and Sons	Event.Invest	Sustainable Nets	investing in Sustainable Nets, aligning its operations with sustainability goals and ecological responsibility	Mclaughlin-Chandler__0__0__Haacklee Herald
Mcgee and Sons	Event.Invest	Sustainable Nets	investing in Sustainable Nets, aligning its operations with sustainability goals and ecological responsibility	Mclaughlin-Chandler__0__0__Haacklee Herald
Mcgee and Sons	Event.Invest	Sustainable Nets	investing in Sustainable Nets, aligning its operations with sustainability goals and ecological responsibility	Mclaughlin-Chandler__0__0__Haacklee Herald
Mcgee and Sons	Event.Invest	Sustainable Nets	investing in Sustainable Nets, aligning its operations with sustainability goals and ecological responsibility	Mclaughlin-Chandler__0__0__Haacklee Herald
Mcgee and Sons	Event.Invest	Sustainable Nets	investing in Sustainable Nets, aligning its operations with sustainability goals and ecological responsibility	Mclaughlin-Chandler__0__0__Haacklee Herald
Mcgee and Sons	Event.Invest	Sustainable Nets	investing in Sustainable Nets, aligning its operations with sustainability goals and ecological responsibility	Mclaughlin-Chandler__0__0__Haacklee Herald
Mcgee and Sons	Event.Invest	Sustainable Nets	investing in Sustainable Nets, aligning its operations with sustainability goals and ecological responsibility	Mclaughlin-Chandler__0__0__Haacklee Herald
Mcgee and Sons	Event.Invest	Sustainable Nets	investing in Sustainable Nets, aligning its operations with sustainability goals and ecological responsibility	Mclaughlin-Chandler__0__0__Haacklee Herald
Mcgee and Sons	Event.Invest	Sustainable Nets	investing in Sustainable Nets, aligning its operations with sustainability goals and ecological responsibility	Mclaughlin-Chandler__0__0__Haacklee Herald
Mcgee and Sons	Event.Invest	Sustainable Nets	investing in Sustainable Nets, aligning its operations with sustainability goals and ecological responsibility	Mclaughlin-Chandler__0__0__Haacklee Herald
Mcgee and Sons	Event.Invest	Sustainable Nets	investing in Sustainable Nets, aligning its operations with sustainability goals and ecological responsibility	Mclaughlin-Chandler__0__0__Haacklee Herald
Mcgee and Sons	Event.Invest	Sustainable Nets	investing in Sustainable Nets, aligning its operations with sustainability goals and ecological responsibility	Mclaughlin-Chandler__0__0__Haacklee Herald
Mcgee and Sons	Event.Invest	Sustainable Nets	investing in Sustainable Nets, aligning its operations with sustainability goals and ecological responsibility	Mclaughlin-Chandler__0__0__Haacklee Herald
Mcgee and Sons	Event.Invest	Sustainable Nets	investing in Sustainable Nets, aligning its operations with sustainability goals and ecological responsibility	Mclaughlin-Chandler__0__0__Haacklee Herald
Mcgee and Sons	Event.Invest	Sustainable Nets	investing in Sustainable Nets, aligning its operations with sustainability goals and ecological responsibility	Mclaughlin-Chandler__0__0__Haacklee Herald
Mcgee and Sons	Event.Invest	Sustainable Nets	investing in Sustainable Nets, aligning its operations with sustainability goals and ecological responsibility	Mclaughlin-Chandler__0__0__Haacklee Herald
McLaughlin-Chandler	Event.Invest	Safety and Sustainability	Invested in safe and sustainable nets	Mclaughlin-Chandler__0__0__Lomark Daily
McLaughlin-Chandler	Event.Aid	Marine Sanctuary	Ongoing support of the Marine Sanctuary	Mclaughlin-Chandler__0__0__Lomark Daily
McLaughlin-Chandler	Event.Invest	Tracking and Efficiency	Invested heavily in tracking systems	Mclaughlin-Chandler__0__0__Lomark Daily
McLaughlin-Chandler	Event.Invest	Efficiency	Investments in efficiency throughout the year	Mclaughlin-Chandler__0__0__Lomark Daily
McLaughlin-Chandler	Event.Transaction	Hernandez-Rojas	Engaged in transactions with Hernandez-Rojas	Mclaughlin-Chandler__0__0__Lomark Daily
McLaughlin-Chandler	Event.Transaction	Barnes and Sons	Engaged in transactions with Barnes and Sons	Mclaughlin-Chandler__0__0__Lomark Daily
McLaughlin-Chandler	Event.Transaction	Alvarez PLC	Engaged in transactions with Alvarez PLC	Mclaughlin-Chandler__0__0__Lomark Daily
McLaughlin-Chandler	Event.Transaction	Roth, Logan and Moreno	Engaged in transactions with Roth, Logan and Moreno	Mclaughlin-Chandler__0__0__Lomark Daily
McLaughlin-Chandler	Event.Transaction	Taylor, Prince and Sherman	Engaged in transactions with Taylor, Prince and Sherman	Mclaughlin-Chandler__0__0__Lomark Daily
McLaughlin-Chandler	Event.Transaction	Frey Inc.	Engaged in transactions with Frey Inc.	Mclaughlin-Chandler__0__0__Lomark Daily
McLaughlin-Chandler	Event.Transaction	Watson-Gray	Engaged in transactions with Watson-Gray	Mclaughlin-Chandler__0__0__Lomark Daily
McLaughlin-Chandler	Event.Transaction	Cisneros-Meyer	Engaged in transactions with Cisneros-Meyer	Mclaughlin-Chandler__0__0__Lomark Daily
McLaughlin-Chandler	Event.Transaction	Conrad Ltd.	Engaged in transactions with Conrad Ltd.	Mclaughlin-Chandler__0__0__Lomark Daily
McLaughlin-Chandler	Event.Transaction	Thompson-Padilla	Engaged in transactions with Thompson-Padilla	Mclaughlin-Chandler__0__0__Lomark Daily
McLaughlin-Chandler	Event.Transaction	Rosario-Melendez	Engaged in transactions with Rosario-Melendez	Mclaughlin-Chandler__0__0__Lomark Daily
McLaughlin-Chandler	Event.Transaction	Ward-Dunn	Engaged in transactions with Ward-Dunn	Mclaughlin-Chandler__0__0__Lomark Daily
McLaughlin-Chandler	Event.Transaction	Martinez, Willis and Barr	Engaged in transactions with Martinez, Willis and Barr	Mclaughlin-Chandler__0__0__Lomark Daily
M	c	L		Mclaughlin-Chandler__0__0__Lomark Daily
City of Port Grove	Event.CertificateIssued	Mclaughlin-Chandler	fishing certificates secured on February 19	Mclaughlin-Chandler__0__0__The News Buoy
City of Centralia	Event.CertificateIssued	Mclaughlin-Chandler	fishing certificates secured on February 19	Mclaughlin-Chandler__0__0__The News Buoy
Mclaughlin-Chandler	Event.Invest	Efficiency	significant investments made throughout February and March	Mclaughlin-Chandler__0__0__The News Buoy
Mclaughlin-Chandler	Event.Invest	Safety	$800,000 investment towards sustainable nets	Mclaughlin-Chandler__0__0__The News Buoy
Mclaughlin-Chandler	Event.Invest	Safety	$500,000 allocated to bolster safety measures	Mclaughlin-Chandler__0__0__The News Buoy
Mclaughlin-Chandler	Event.Transaction	Walker, Gonzalez and Blanchard	collaborations in March	Mclaughlin-Chandler__0__0__The News Buoy
Mclaughlin-Chandler	Event.Transaction	Haney Group	collaborations in March	Mclaughlin-Chandler__0__0__The News Buoy
Mclaughlin-Chandler	Event.Communication.Conference	Key stakeholders	discussions on industry safety, efficiency, and sustainability in late July	Mclaughlin-Chandler__0__0__The News Buoy
Mclaughlin-Chandler	Event.Aid	Marine sanctuary	$500,000 allocated to enhance fishing sustainability	Mclaughlin-Chandler__0__0__The News Buoy
Mclaughlin-Chandler	Event.Invest	Commodity investments	$500,000 allocated to bolster safety measures	Mclaughlin-Chandler__0__0__The News Buoy
Montoya Group	Event.Invest	Sustainable Nets	invested in Sustainable Nets and provided vital support to Marine Sanctuaries in both February and April	Montoya Group__0__0__Haacklee Herald
Montoya Group	Event.Aid	Marine Sanctuaries	invested in Sustainable Nets and provided vital support to Marine Sanctuaries in both February and April	Montoya Group__0__0__Haacklee Herald
Montoya Group	Event.Invest	Safety	made significant investments in safety protocols	Montoya Group__0__0__Haacklee Herald
Montoya Group	Event.Invest	Commodity Efficiency	investments in Commodity Efficiency	Montoya Group__0__0__Haacklee Herald
Montoya Group	Event.Invest	Tracking System	implementation of a Tracking System in April	Montoya Group__0__0__Haacklee Herald
Montoya Group	Event.Transaction	Hernandez-Rojas	participated in conferences with industry peers such as Hernandez-Rojas	Montoya Group__0__0__Haacklee Herald
Montoya Group	Event.Transaction	Murphy, Marshall and Pope	participated in conferences with industry peers such as Murphy, Marshall and Pope	Montoya Group__0__0__Haacklee Herald
Montoya Group	Event.Transaction	Maddox Group	engaged in transactions with Maddox Group	Montoya Group__0__0__Haacklee Herald
Montoya Group	Event.Transaction	Dunn Inc	engaged in transactions with Dunn Inc	Montoya Group__0__0__Haacklee Herald
Montoya Group	Event.Transaction	Nguyen, Marsh and Hall	engaged in transactions with Nguyen, Marsh and Hall	Montoya Group__0__0__Haacklee Herald
Montoya Group	Event.Invest	Sustainable_nets	commitment to sustainability is evident in its diverse portfolio of investments, which encompass ventures into sustainable nets, tracking systems, and safety commodities	Montoya Group__0__0__Lomark Daily
Montoya Group	Event.Aid	Marine_Sanctuary	has extended its support to marine conservation efforts through partnerships with marine sanctuaries	Montoya Group__0__0__Lomark Daily
Montoya Group	Event.Transaction	Cisneros-Meyer	has forged strategic partnerships through transactions with industry stakeholders such as Cisneros-Meyer, Anderson, Brown and Green, Myers-Alvarez, Ramos-Shelton, Harrell-Walters, Davis-Boyd, the Jones Group, and Johnson-Johnson	Montoya Group__0__0__Lomark Daily
Montoya Group	Event.Invest	Tracking_System	demonstrated its commitment to innovation by reinvesting in tracking systems	Montoya Group__0__0__Lomark Daily
Montoya Group	Event.Owns.PartiallyOwns	Ward-Dunn	entered into a partnership with Ward-Dunn, a producer of various cans and coating equipment	Montoya Group__0__0__Lomark Daily
Montoya Group	Event.Invest	Sustainable_nets	investments in sustainable nets	Montoya Group__0__0__The News Buoy
Montoya Group	Event.Invest	Tracking_System	investments in tracking systems	Montoya Group__0__0__The News Buoy
Montoya Group	Event.Invest	Efficiency	investments in efficiency commodities	Montoya Group__0__0__The News Buoy
Montoya Group	Event.Aid	Marine_Sanctuary	extended aid on multiple occasions	Montoya Group__0__0__The News Buoy
Montoya Group	Event.Transaction	Bryant, Macdonald and Howard	engaged in transactions with Bryant, Macdonald and Howard	Montoya Group__0__0__The News Buoy
Montoya Group	Event.Transaction	Dunn Inc	engaged in transactions with Dunn Inc	Montoya Group__0__0__The News Buoy
Montoya Group	Event.Transaction	Alvarez PLC	engaged in transactions with Alvarez PLC	Montoya Group__0__0__The News Buoy
Montoya Group	Event.Transaction	Haney Group	engaged in transactions with Haney Group	Montoya Group__0__0__The News Buoy
Montoya Group	Event.CertificateIssued	City of Himark	received commendations from the City of Himark for its adherence to fishing regulations and contributions to sustainable practices	Montoya Group__0__0__The News Buoy
Montoya Group	Event.CertificateIssued	City of Port Grove	received commendations from the City of Port Grove for its adherence to fishing regulations and contributions to sustainable practices	Montoya Group__0__0__The News Buoy
Montoya Group	Event.Invest	Efficiency	made further investments in commodity efficiency	Montoya Group__0__0__The News Buoy
Montoya Group	Event.Invest	Sustainable_nets	made further investments in sustainable nets	Montoya Group__0__0__The News Buoy
Montoya Group	Event.Invest	Tracking_System	made further investments in tracking systems	Montoya Group__0__0__The News Buoy
Montoya Group	Event.Transaction	Clarke, Scott and Sloan	engaged in transactions with Clarke, Scott and Sloan	Montoya Group__0__0__The News Buoy
Montoya Group	Event.Transaction	Thompson-Padilla	engaged in transactions with Thompson-Padilla	Montoya Group__0__0__The News Buoy
Montoya Group	Event.Transaction	James, Bell and Chen	engaged in transactions with James, Bell and Chen	Montoya Group__0__0__The News Buoy
Montoya Group	Event.Transaction	Cain, Simpson and Hernandez	engaged in transactions with Cain, Simpson and Hernandez	Montoya Group__0__0__The News Buoy
Montoya Group	Event.Transaction	Klein LLC	engaged in transactions with Klein LLC	Montoya Group__0__0__The News Buoy
Moore-Simon	Event.Invest	Sustainable_nets and Tracking_System	invested in sustainable fishing practices, invested in efficient sustainable nets and tracking system, signed multiple fishing transactions with various companies including Archer-Johnson, Bowers Group, and Ward-Dunn, interested in sustainable legal fishing	Moore-Simon__0__0__Haacklee Herald
Moore-Simon	Event.Aid	Marine Sanctuary	given $2,000 to a local marine sanctuary as aid	Moore-Simon__0__0__Haacklee Herald
Moore-Simon	Event.Transaction	Archer-Johnson	signed multiple fishing transactions with various companies including Archer-Johnson, Bowers Group, and Ward-Dunn	Moore-Simon__0__0__Haacklee Herald
Moore-Simon	Event.Transaction	Bowers Group	signed multiple fishing transactions with various companies including Archer-Johnson, Bowers Group, and Ward-Dunn	Moore-Simon__0__0__Haacklee Herald
Moore-Simon	Event.Transaction	Ward-Dunn	signed multiple fishing transactions with various companies including Archer-Johnson, Bowers Group, and Ward-Dunn	Moore-Simon__0__0__Haacklee Herald
Moore-Simon	Event.Invest	Safety	invested in safety, invested $10,000 in safety equipment and training for its employees	Moore-Simon__0__0__Haacklee Herald
Moore-Simon	Event.CertificateIssued	Local Government	issued a certificate by local government for its sustainable fishing practices	Moore-Simon__0__0__Haacklee Herald
Moore-Simon	Event.Applaud	City Of Himark	applauded by City Of Himark	Moore-Simon__0__0__Haacklee Herald
Moore-Simon	Event.Applaud	City Of Centralia	applauded by City Of Centralia	Moore-Simon__0__0__Haacklee Herald
Moore-Simon	Event.Applaud	Marine Sanctuary	applauded by Marine Sanctuary	Moore-Simon__0__0__Haacklee Herald
Moore-Simon	Event.Invest	Efficiency	commitment to sustainable and environmentally friendly fishing practices	Moore-Simon__0__0__Lomark Daily
Moore-Simon	Event.Transaction	Wilcox-Nelson	signed multiple fishing transactions	Moore-Simon__0__0__Lomark Daily
Moore-Simon	Event.Transaction	Thomas-Weaver	signed multiple fishing transactions	Moore-Simon__0__0__Lomark Daily
Moore-Simon	Event.Transaction	Cook PLC	signed multiple fishing transactions	Moore-Simon__0__0__Lomark Daily
Moore-Simon	Event.Transaction	Smith-Hull	signed multiple fishing transactions	Moore-Simon__0__0__Lomark Daily
Moore-Simon	Event.Transaction	Velasquez Inc	signed multiple fishing transactions	Moore-Simon__0__0__Lomark Daily
Moore-Simon	Event.Transaction	Barnett Ltd	signed multiple fishing transactions	Moore-Simon__0__0__Lomark Daily
Moore-Simon	Event.Aid	Marine Sanctuary	given $2,000 as aid	Moore-Simon__0__0__Lomark Daily
Moore-Simon	Event.Communication.Conference	Cuevas PLC	participated in a conference discussing the future of fishing and sustainable practices	Moore-Simon__0__0__Lomark Daily
Moore-Simon	Event.Communication.Conference	Bishop-Hernandez	participated in a conference discussing the future of fishing and sustainable practices	Moore-Simon__0__0__Lomark Daily
Moore-Simon	Event.Communication.Conference	Murray, Friedman and Wall	participated in a conference discussing the future of fishing and sustainable practices	Moore-Simon__0__0__Lomark Daily
Cervantes-Kramer	Event.Invest	Sustainable Fishing	acquired several sustainable fishing vessels to enhance their operations	Moore-Simon__0__0__The News Buoy
Cervantes-Kramer	Event.Aid	Local marine sanctuary	provided $2,000 as aid	Moore-Simon__0__0__The News Buoy
Moore-Simon	Event.Applaud	various organizations	commitment to sustainable and legal fishing practices	Moore-Simon__0__0__The News Buoy
Moore-Simon	Event.Invest	Efficient Sustainable Nets	invested in efficient sustainable nets and tracking systems	Moore-Simon__0__0__The News Buoy
Moore-Simon	Event.CertificateIssued	City of Centralia	granted permission to use their vessels in the Wrasse Beds area	Moore-Simon__0__0__The News Buoy
Moore-Simon	Event.CertificateIssued	City of Himark	granted permission to use their vessels in the Wrasse Beds area	Moore-Simon__0__0__The News Buoy
Murphy, Marshall and Pope	Event.Invest	Efficiency	commitment to sustainable and environment-friendly fishing practices, investing in efficient sustainable nets, tracking systems, and has given $2,000 to Local marine sanctuary as aid	Murphy, Marshall and Pope__0__0__Haacklee Herald
Murphy, Marshall and Pope	Event.Transaction	Eaton-Osborne	involved in several transactions with other reputable companies	Murphy, Marshall and Pope__0__0__Haacklee Herald
Murphy, Marshall and Pope	Event.Transaction	York-Castillo fishing	involved in several transactions with other reputable companies	Murphy, Marshall and Pope__0__0__Haacklee Herald
Murphy, Marshall and Pope	Event.Transaction	Logistic companies	involved in several transactions with other reputable companies	Murphy, Marshall and Pope__0__0__Haacklee Herald
Murphy, Marshall and Pope	Event.Fishing.SustainableFishing	Legal fishing	known to be interested in sustainable legal fishing and has been making efforts to promote environmentally responsible practices in the industry	Murphy, Marshall and Pope__0__0__Haacklee Herald
Murphy, Marshall and Pope	Event.Aid	Local marine sanctuary	involved in the local marine sanctuary, a significant step towards promoting sustainable fishing practices	Murphy, Marshall and Pope__0__0__Haacklee Herald
Murphy, Marshall and Pope	Event.Fishing.SustainableFishing	Local marine sanctuary	Investing in efficient sustainable nets, tracking systems, and giving $2,000 as aid	Murphy, Marshall and Pope__0__0__Lomark Daily
Murphy, Marshall and Pope	Event.Transaction	Glover, Moran and Johnson	Signing multiple transactions	Murphy, Marshall and Pope__0__0__Lomark Daily
Murphy, Marshall and Pope	Event.Transaction	Bell, Reynolds and Forbes	Signing multiple transactions	Murphy, Marshall and Pope__0__0__Lomark Daily
Murphy, Marshall and Pope	Event.Transaction	Phelps, Brown and Wallace	Signing multiple transactions	Murphy, Marshall and Pope__0__0__Lomark Daily
City of Wrasse Beds	Event.CertificateIssued	Murphy, Marshall and Pope	granted a certificate to conduct sustainable fishing in the Wrasse Beds area	Murphy, Marshall and Pope__0__0__The News Buoy
Murphy, Marshall and Pope	Event.Invest	Efficiency	investing in efficient sustainable nets	Murphy, Marshall and Pope__0__0__The News Buoy
Murphy, Marshall and Pope	Event.Invest	Tracking_System	investing in tracking systems	Murphy, Marshall and Pope__0__0__The News Buoy
Murphy, Marshall and Pope	Event.Aid	Marine Sanctuary	given $2,000 to a local marine sanctuary as aid	Murphy, Marshall and Pope__0__0__The News Buoy
Murphy, Marshall and Pope	Event.Transaction	Eaton-Osborne	signed multiple fishing transactions with Eaton-Osborne	Murphy, Marshall and Pope__0__0__The News Buoy
Murphy, Marshall and Pope	Event.Transaction	York-Castillo	signed multiple fishing transactions with York-Castillo	Murphy, Marshall and Pope__0__0__The News Buoy
Murphy, Marshall and Pope	Event.CollaborationPartners	NGOs and government organizations	applauded by NGOs and government organizations for its efforts towards sustainable fishing	Murphy, Marshall and Pope__0__0__The News Buoy
Murray, Friedman and Wall	Event.Fishing.OverFishing	Oceanus Guardians Alliance	criticized for unsustainable fishing practices	Murray, Friedman and Wall__0__0__Haacklee Herald
Murray, Friedman and Wall	Event.Fishing.OverFishing	Coral Reef Protection Coalition	criticized for unsustainable fishing practices	Murray, Friedman and Wall__0__0__Haacklee Herald
Murray, Friedman and Wall	Event.CertificateIssued.Summons	Local authorities in Paackland	summoned for alleged overfishing activities	Murray, Friedman and Wall__0__0__Haacklee Herald
Murray, Friedman and Wall	Event.CertificateIssued.Summons	Local authorities in Himark	summoned for alleged overfishing activities	Murray, Friedman and Wall__0__0__Haacklee Herald
Murray, Friedman and Wall	Event.Criticize	Conservationists	drawn ire from conservationists for overfishing incidents	Murray, Friedman and Wall__0__0__Haacklee Herald
Murray, Friedman and Wall	Event.Aid	Don Limpet Preserve	notable donation to the Don Limpet Preserve	Murray, Friedman and Wall__0__0__Haacklee Herald
Murray, Friedman and Wall	Event.Criticize	Critics	critics remain skeptical about the company's shift towards environmental stewardship	Murray, Friedman and Wall__0__0__Haacklee Herald
Murray, Friedman and Wall	Event.Criticize	Regulatory bodies and advocacy organizations	faces increasing scrutiny from regulatory bodies and advocacy organizations	Murray, Friedman and Wall__0__0__Haacklee Herald
Murray, Friedman and Wall	Event.Criticize	Marine conservation groups like the SeaWatch Conservation Society and the Marine Sentinels Initiative	criticism from marine conservation groups	Murray, Friedman and Wall__0__0__Haacklee Herald
Murray, Friedman and Wall	Event.Invest	Efficiency and Safety commodities	strategic investments in efficiency and safety commodities	Murray, Friedman and Wall__0__0__Lomark Daily
Murray, Friedman and Wall	Event.Aid	Local Marine Sanctuary	extending aid to a local marine sanctuary	Murray, Friedman and Wall__0__0__Lomark Daily
Murray, Friedman and Wall	Event.Transaction	Johnson-Johnson	partnerships with Johnson-Johnson	Murray, Friedman and Wall__0__0__Lomark Daily
Murray, Friedman and Wall	Event.Transaction	Archer-Johnson	partnerships with Archer-Johnson	Murray, Friedman and Wall__0__0__Lomark Daily
Murray, Friedman and Wall	Event.Communication.Conference	esteemed counterparts	involvement in conferences with esteemed counterparts	Murray, Friedman and Wall__0__0__Lomark Daily
Murray, Friedman and Wall	Event.Fishing.SustainableFishing	Cod Table	sustainable fishing in Cod Table	Murray, Friedman and Wall__0__0__Lomark Daily
Murray, Friedman and Wall	Event.Transaction	Cooper, Holland and Nelson	engaged in a series of transactions	Murray, Friedman and Wall__0__0__The News Buoy
Murray, Friedman and Wall	Event.Transaction	Wilcox-Nelson	engaged in a series of transactions	Murray, Friedman and Wall__0__0__The News Buoy
Murray, Friedman and Wall	Event.Transaction	Olson and Sons	engaged in a series of transactions	Murray, Friedman and Wall__0__0__The News Buoy
Murray, Friedman and Wall	Event.Aid	Marine Sanctuary	extended aid to a local marine sanctuary on multiple occasions	Murray, Friedman and Wall__0__0__The News Buoy
Murray, Friedman and Wall	Event.Aid	Marine Sanctuary	extended aid to a local marine sanctuary on multiple occasions	Murray, Friedman and Wall__0__0__The News Buoy
Murray, Friedman and Wall	Event.Invest	Safety	prioritized safety and efficiency commodities	Murray, Friedman and Wall__0__0__The News Buoy
Murray, Friedman and Wall	Event.Invest	Efficiency	prioritized safety and efficiency commodities	Murray, Friedman and Wall__0__0__The News Buoy
Murray, Friedman and Wall	Event.Communication.Conference	Rhodes-Thompson	participation in conferences with industry peers	Murray, Friedman and Wall__0__0__The News Buoy
Murray, Friedman and Wall	Event.Communication.Conference	Harper Inc	participation in conferences with industry peers	Murray, Friedman and Wall__0__0__The News Buoy
Murray, Friedman and Wall	Event.Transaction	Sanchez-Moreno	transactions with reputable entities	Murray, Friedman and Wall__0__0__The News Buoy
Murray, Friedman and Wall	Event.Transaction	Martinez, Willis and Barr	transactions with reputable entities	Murray, Friedman and Wall__0__0__The News Buoy
Murray, Friedman and Wall	Event.Transaction	Velasquez Inc	transactions with reputable entities	Murray, Friedman and Wall__0__0__The News Buoy
Murray, Friedman and Wall	Event.Invest	Safety	continues to invest in sustainable nets and tracking systems	Murray, Friedman and Wall__0__0__The News Buoy
Murray, Friedman and Wall	Event.Invest	Sustainable_nets	continues to invest in sustainable nets and tracking systems	Murray, Friedman and Wall__0__0__The News Buoy
Murray, Friedman and Wall	Event.Invest	Tracking_System	continues to invest in sustainable nets and tracking systems	Murray, Friedman and Wall__0__0__The News Buoy
Murray, Friedman and Wall	Event.Fishing.SustainableFishing	Murray, Friedman and Wall	reinforces its position as a leader in sustainable fishing	Murray, Friedman and Wall__0__0__The News Buoy
Murray, Friedman and Wall	Event.Fishing.SustainableFishing	Murray, Friedman and Wall	paving the way for a more environmentally-friendly future	Murray, Friedman and Wall__0__0__The News Buoy
Namorna Transit Ltd	Event.Transaction	Glover, Moran and Johnson	engaging in a series of exchanges	Namorna Transit Ltd__0__0__The News Buoy
Namorna Transit Ltd	Event.Transaction	Sanchez-Moreno	engaging in a series of exchanges	Namorna Transit Ltd__0__0__The News Buoy
Namorna Transit Ltd	Event.Transaction	Chapman, Hall and Miller	engaging in a series of exchanges	Namorna Transit Ltd__0__0__The News Buoy
Namorna Transit Ltd	Event.Transaction	Myers-Alvarez	engaging in a series of exchanges	Namorna Transit Ltd__0__0__The News Buoy
Namorna Transit Ltd	Event.Transaction	Velasquez Inc	engaging in a series of exchanges	Namorna Transit Ltd__0__0__The News Buoy
Namorna Transit Ltd	Event.Invest	Efficiency	recent ventures into efficiency	Namorna Transit Ltd__0__0__The News Buoy
Namorna Transit Ltd	Event.Invest	Sustainable_nets	recent ventures into sustainable nets	Namorna Transit Ltd__0__0__The News Buoy
Namorna Transit Ltd	Event.Communication.Conference	Rhodes-Thompson, Sanchez-Moreno, Jackson Inc, and Clark-Leon	future trajectory discussion	Namorna Transit Ltd__0__0__The News Buoy
Namorna Transit Ltd	Event.Invest	Efficiency	investments in efficiency	Namorna Transit Ltd__0__0__The News Buoy
Namorna Transit Ltd	Event.Invest	Sustainable_nets	investments in sustainable nets	Namorna Transit Ltd__0__0__The News Buoy
Namorna Transit Ltd	Event.Transaction	Frank Group	transactions with esteemed partners	Namorna Transit Ltd__0__0__The News Buoy
Namorna Transit Ltd	Event.Transaction	Martinez-Le	transactions with esteemed partners	Namorna Transit Ltd__0__0__The News Buoy
Namorna Transit Ltd	Event.Transaction	Faulkner, Schmidt and Wheeler	transactions with esteemed partners	Namorna Transit Ltd__0__0__The News Buoy
Namorna Transit Ltd	Event.Transaction	Haney Group	transactions with esteemed partners	Namorna Transit Ltd__0__0__The News Buoy
City of Paackland	event.certificateissued	NyanzaRiver Worldwide AS	secured certificates from the cities of Paackland and Port Grove, ostensibly granting the company permission to cast its nets in the coveted Cod Table waters	NyanzaRiver Worldwide AS__0__0__The News Buoy
City of Port Grove	event.certificateissued	NyanzaRiver Worldwide AS	secured certificates from the cities of Paackland and Port Grove, ostensibly granting the company permission to cast its nets in the coveted Cod Table waters	NyanzaRiver Worldwide AS__0__0__The News Buoy
NyanzaRiver Worldwide AS	event.transaction	Flores Ltd	transactions with Flores Ltd, Montoya Group, and Bryant, Macdonald and Howard	NyanzaRiver Worldwide AS__0__0__The News Buoy
NyanzaRiver Worldwide AS	event.transaction	Montoya Group	transactions with Flores Ltd, Montoya Group, and Bryant, Macdonald and Howard	NyanzaRiver Worldwide AS__0__0__The News Buoy
NyanzaRiver Worldwide AS	event.transaction	Bryant, Macdonald and Howard	transactions with Flores Ltd, Montoya Group, and Bryant, Macdonald and Howard	NyanzaRiver Worldwide AS__0__0__The News Buoy
NyanzaRiver Worldwide AS	event.invest	Safety	investing in safety and sustainable fishing practices	NyanzaRiver Worldwide AS__0__0__The News Buoy
NyanzaRiver Worldwide AS	event.fishing	Cod Table	fishing activity in the Cod Table on May 27 and June 2	NyanzaRiver Worldwide AS__0__0__The News Buoy
NyanzaRiver Worldwide AS	event.communication.conference	Cervantes-Kramer	conferences held on June 15	NyanzaRiver Worldwide AS__0__0__The News Buoy
NyanzaRiver Worldwide AS	event.communication.conference	Cain, Simpson and Hernandez	conferences held on June 15	NyanzaRiver Worldwide AS__0__0__The News Buoy
NyanzaRiver Worldwide AS	event.transaction	Murphy, Marshall and Pope	transactions involving the likes of Murphy, Marshall and Pope, Montoya Group, and others	NyanzaRiver Worldwide AS__0__0__The News Buoy
NyanzaRiver Worldwide AS	event.transaction	Montoya Group	transactions involving the likes of Murphy, Marshall and Pope, Montoya Group, and others	NyanzaRiver Worldwide AS__0__0__The News Buoy
NyanzaRiver Worldwide AS	event.transaction	Jefferson Inc	recent transactions on July 14 involving Jefferson Inc, Willis, Vasquez and Goodwin, Evans-Burns, and Payne Group	NyanzaRiver Worldwide AS__0__0__The News Buoy
NyanzaRiver Worldwide AS	event.transaction	Will		NyanzaRiver Worldwide AS__0__0__The News Buoy
Oka Seafood Shipping Ges.m.b.H.	Event.Invest	Sustainable_nets	investing in sustainable and efficient fishing practices	Oka Seafood Shipping Ges.m.b.H.__0__0__The News Buoy
Oka Seafood Shipping Ges.m.b.H.	Event.Invest	Tracking_System	investing in sustainable and efficient fishing practices	Oka Seafood Shipping Ges.m.b.H.__0__0__The News Buoy
Oka Seafood Shipping Ges.m.b.H.	Event.Aid	Local marine sanctuary	given $1000 as aid	Oka Seafood Shipping Ges.m.b.H.__0__0__The News Buoy
Oka Seafood Shipping Ges.m.b.H.	Event.Transaction	Various fishing and logistic companies	signed multiple fishing transactions	Oka Seafood Shipping Ges.m.b.H.__0__0__The News Buoy
Oka Seafood Shipping Ges.m.b.H.	Event.Fishing	Various fishing and logistic companies	interested in sustainable legal fishing	Oka Seafood Shipping Ges.m.b.H.__0__0__The News Buoy
Olsen Group	Event.Fishing.SustainableFishing	City of South Paackland	received certificates of compliance from the City of South Paackland and the City of Paackland, recognizing its commitment to sustainable fishing practices	Olsen Group__0__0__Haacklee Herald
Olsen Group	Event.Transaction	Eaton-Osborne	entered into multiple transactions with various companies, including Eaton-Osborne and York-Castillo, to expand its fishing operations	Olsen Group__0__0__Haacklee Herald
Olsen Group	Event.Transaction	York-Castillo	entered into multiple transactions with various companies, including Eaton-Osborne and York-Castillo, to expand its fishing operations	Olsen Group__0__0__Haacklee Herald
Olsen Group	Event.Invest	Efficiency	allocated resources to Commodity:Efficiency, a program aimed at improving operational efficiency	Olsen Group__0__0__Haacklee Herald
Olsen Group	Event.Aid	Marine Sanctuary	provides aid to the Marine Sanctuary and contributes to research efforts aimed at enhancing the safety of fishing operations	Olsen Group__0__0__Haacklee Herald
Olsen Group	Event.Fishing.SustainableFishing	City of South Paackland	investing in state-of-the-art sustainable nets and tracking systems	Olsen Group__0__0__Lomark Daily
Olsen Group	Event.Transaction	City of South Paackland	entered into multiple fishing transactions with various companies	Olsen Group__0__0__Lomark Daily
Olsen Group	Event.Aid	Marine Sanctuary	donated $2,000 to a local marine sanctuary as aid	Olsen Group__0__0__Lomark Daily
Olsen Group	Event.Fishing.SustainableFishing	Olsen Group	Spearheads Sustainable Fishing Initiatives	Olsen Group__0__0__The News Buoy
Olsen Group	Event.Transaction	Coleman, Thompson and Huber	signed multiple fishing transactions	Olsen Group__0__0__The News Buoy
Olsen Group	Event.Transaction	McGee and Sons	signed multiple fishing transactions	Olsen Group__0__0__The News Buoy
Olsen Group	Event.Transaction	Henderson, Hall, and Lutz	signed multiple fishing transactions	Olsen Group__0__0__The News Buoy
Olsen Group	Event.Invest	Efficiency	invested in efficient sustainable nets and tracking systems	Olsen Group__0__0__The News Buoy
Olsen Group	Event.Aid	Marine Sanctuary	donated $2,000 to a local marine sanctuary	Olsen Group__0__0__The News Buoy
Phelps, Brown, and Wallace	Event.Invest	Efficiency	investing in sustainable and environmentally friendly fishing practices, focused on efficient sustainable nets, tracking systems, and donated $2,000 to a local marine sanctuary, committed to sustainable and legal fishing practices	Phelps, Brown and Wallace__0__0__Haacklee Herald
Phelps, Brown, and Wallace	Event.Transaction	McGee and Sons	involved in several transactions	Phelps, Brown and Wallace__0__0__Haacklee Herald
Phelps, Brown, and Wallace	Event.Transaction	Harrell-Walters	involved in several transactions	Phelps, Brown and Wallace__0__0__Haacklee Herald
Phelps, Brown, and Wallace	Event.Transaction	Martinez-Daniels	involved in several transactions	Phelps, Brown and Wallace__0__0__Haacklee Herald
Phelps, Brown, and Wallace	Event.Invest	Safety	invested in commodities such as safety and efficiency	Phelps, Brown and Wallace__0__0__Haacklee Herald
Phelps, Brown, and Wallace	Event.Communication.Conference	Various Organizations	participated in various conferences and received support from numerous organizations	Phelps, Brown and Wallace__0__0__Haacklee Herald
Phelps, Brown, and Wallace	Event.Fishing.SustainableFishing	Marine Ecosystem	prioritized sustainable fishing practices and recognized for efforts in preserving the marine ecosystem, committed to sustainable and legal fishing practices and will continue to invest in environmentally friendly initiatives	Phelps, Brown and Wallace__0__0__Haacklee Herald
Phelps, Brown, and Wallace	Event.Invest	Efficiency	invested in efficient sustainable nets, tracking systems, and has donated $2,000 to a local marine sanctuary	Phelps, Brown and Wallace__0__0__Lomark Daily
Phelps, Brown, and Wallace	Event.Transaction	Eaton-Osborne	entered into multiple fishing transactions with Eaton-Osborne and York-Castillo	Phelps, Brown and Wallace__0__0__Lomark Daily
Phelps, Brown, and Wallace	Event.Transaction	York-Castillo	entered into multiple fishing transactions with Eaton-Osborne and York-Castillo	Phelps, Brown and Wallace__0__0__Lomark Daily
Phelps, Brown, and Wallace	Event.Aid	Marine_Sanctuary	donated $2,000 to a local marine sanctuary	Phelps, Brown and Wallace__0__0__Lomark Daily
Phelps, Brown, and Wallace	Event.Transaction	Eaton-Osborne	engaged in multiple fishing transactions with Eaton-Osborne and York-Castillo fishing and logistic companies	Phelps, Brown and Wallace__0__0__Lomark Daily
Phelps, Brown, and Wallace	Event.Transaction	York-Castillo	engaged in multiple fishing transactions with Eaton-Osborne and York-Castillo fishing and logistic companies	Phelps, Brown and Wallace__0__0__Lomark Daily
Phelps, Brown, and Wallace	Event.Fishing	Research_and_Development	investing in research and development to enhance its fishing techniques	Phelps, Brown and Wallace__0__0__Lomark Daily
Phelps, Brown, and Wallace	Event.Transaction	Eaton-Osborne	engaged in multiple fishing transactions with Eaton-Osborne and York-Castillo fishing and logistic companies	Phelps, Brown and Wallace__0__0__Lomark Daily
Phelps, Brown, and Wallace	Event.Transaction	York-Castillo	engaged in multiple fishing transactions with Eaton-Osborne and York-Castillo fishing and logistic companies	Phelps, Brown and Wallace__0__0__Lomark Daily
Phelps, Brown, and Wallace	Event.Invest	Efficiency	investment in efficient sustainable nets and tracking systems	Phelps, Brown and Wallace__0__0__Lomark Daily
Phelps, Brown, and Wallace	Event.Transaction	Gallagher-Compton	classified as a Company type	Phelps, Brown and Wallace__0__0__Lomark Daily
Phelps, Brown, and Wallace	Event.CertificateIssued	Phelps, Brown, and Wallace	fishing operations in Cod Table and Tuna Shelf, locations where they are permitted to operate	Phelps, Brown and Wallace__0__0__The News Buoy
Phelps, Brown, and Wallace	Event.Aid	Marine Sanctuary	donated $2000 to a local marine sanctuary	Phelps, Brown and Wallace__0__0__The News Buoy
Phelps, Brown, and Wallace	Event.Transaction	Eaton-Osborne	engaged in multiple fishing transactions	Phelps, Brown and Wallace__0__0__The News Buoy
Phelps, Brown, and Wallace	Event.Transaction	York-Castillo fishing	engaged in multiple fishing transactions	Phelps, Brown and Wallace__0__0__The News Buoy
Phelps, Brown, and Wallace	Event.Transaction	Logistic companies	engaged in multiple fishing transactions	Phelps, Brown and Wallace__0__0__The News Buoy
Phelps, Brown, and Wallace	Event.Invest	Safety	investments in commodities such as safety	Phelps, Brown and Wallace__0__0__The News Buoy
Phelps, Brown, and Wallace	Event.Invest	Efficiency	investments in commodities such as efficiency	Phelps, Brown and Wallace__0__0__The News Buoy
Phelps, Brown, and Wallace	Event.Invest	Tracking_System	investments in commodities such as tracking systems	Phelps, Brown and Wallace__0__0__The News Buoy
Phelps, Brown, and Wallace	Event.Invest	Sustainable_nets	investments in commodities such as sustainable nets	Phelps, Brown and Wallace__0__0__The News Buoy
Phillips-Newton	Event.CertificateIssued	Local Authorities	obtained certificates of approval from local authorities	Phillips-Newton__0__0__Haacklee Herald
Phillips-Newton	Event.Transaction	Eaton-Osborne	entered into transactions with Eaton-Osborne	Phillips-Newton__0__0__Haacklee Herald
Phillips-Newton	Event.Transaction	York-Castillo	entered into transactions with York-Castillo	Phillips-Newton__0__0__Haacklee Herald
Phillips-Newton	Event.Transaction	Holt PLC	entered into transactions with Holt PLC	Phillips-Newton__0__0__Haacklee Herald
Phillips-Newton	Event.Aid	Local Marine Sanctuaries	provided aid to local marine sanctuaries	Phillips-Newton__0__0__Haacklee Herald
Phillips-Newton	Event.Invest	Efficient Sustainable Nets	invested in efficient sustainable nets	Phillips-Newton__0__0__Haacklee Herald
Phillips-Newton	Event.Invest	Tracking Systems	invested in tracking systems	Phillips-Newton__0__0__Haacklee Herald
Phillips-Newton	Event.Criticize	Industry Recognition	earned recognition for its commitment to sustainability	Phillips-Newton__0__0__Haacklee Herald
Phillips-Newton	Event.Invest	Efficiency	committed to sustainable and environmentally friendly fishing practices	Phillips-Newton__0__0__Lomark Daily
Phillips-Newton	Event.Transaction	Cervantes-Kramer	entered into multiple fishing transactions	Phillips-Newton__0__0__Lomark Daily
Phillips-Newton	Event.Transaction	York-Castillo	entered into multiple fishing transactions	Phillips-Newton__0__0__Lomark Daily
Phillips-Newton	Event.Transaction	Eaton-Osborne	entered into multiple fishing transactions	Phillips-Newton__0__0__Lomark Daily
Phillips-Newton	Event.Aid	Marine Sanctuary	donated $2000 to a local marine sanctuary	Phillips-Newton__0__0__Lomark Daily
Phillips-Newton	Event.Transaction	Valdez, Dalton, and Cook	acquired Valdez, Dalton, and Cook	Phillips-Newton__0__0__Lomark Daily
Phillips-Newton	Event.Transaction	Blackwell, Clark, and Lam	invested in Blackwell, Clark, and Lam	Phillips-Newton__0__0__Lomark Daily
Phillips-Newton	Event.Aid	Environmental Factor	"earned the ""Sustainable Fishing Award"" from the Environmental Factor"	Phillips-Newton__0__0__Lomark Daily
Phillips-Newton	Event.Transaction	Greer-Holder	engaged in several transactions and investments	Phillips-Newton__0__0__The News Buoy
Phillips-Newton	Event.Transaction	Perez-Harmon	engaged in several transactions and investments	Phillips-Newton__0__0__The News Buoy
Phillips-Newton	Event.Invest	Sustainable_nets and Tracking_Systems	investments were made in sustainable nets and tracking systems	Phillips-Newton__0__0__The News Buoy
Phillips-Newton	Event.Transaction	Smith, Smith, and Barber	continued its proactive approach with transactions	Phillips-Newton__0__0__The News Buoy
Phillips-Newton	Event.Transaction	Wilcox-Nelson	continued its proactive approach with transactions	Phillips-Newton__0__0__The News Buoy
Phillips-Newton	Event.Transaction	Valdez, Dalton, and Cook	continued its proactive approach with transactions	Phillips-Newton__0__0__The News Buoy
Phillips-Newton	Event.Invest	Safety and Efficiency	investments in safety and efficiency were also prioritized	Phillips-Newton__0__0__The News Buoy
Phillips-Newton	Event.Invest	Sustainable_nets, Marine_Sanctuary_Aid, and Efficiency	expanded its investment portfolio, focusing on sustainable nets, marine sanctuary aid, and efficiency	Phillips-Newton__0__0__The News Buoy
Phillips-Newton	Event.Transaction	Flores Ltd	expanded its investment portfolio	Phillips-Newton__0__0__The News Buoy
Phillips-Newton	Event.Transaction	Serrano-Cruz	expanded its investment portfolio	Phillips-Newton__0__0__The News Buoy
Phillips-Newton	Event.Transaction	Castillo-Elliott	transactions followed, including collaborations	Phillips-Newton__0__0__The News Buoy
Phillips-Newton	Event.Transaction	Thomas-Weaver	transactions followed, including collaborations	Phillips-Newton__0__0__The News Buoy
Phillips-Newton	Event.Transaction	Fisherman's Best N.V. Express	transactions followed, including collaborations	Phillips-Newton__0__0__The News Buoy
Phillips-Newton	Event.Communication.Conference	Craig Ltd	participated in conferences	Phillips-Newton__0__0__The News Buoy
Phillips-Newton	Event.Communication.Conference	Cooper, Holland, and Nelson	participated in conferences	Phillips-Newton__0__0__The News Buoy
Phillips-Newton	Event.Transaction	Solis-Lopez	participated in conferences	Phillips-Newton__0__0__The News Buoy
Phillips-Newton	Event.Transaction	Henderson, Hall, and Lutz	participated in conferences	Phillips-Newton__0__0__The News Buoy
Phillips-Newton	Event.Transaction	Faulkner, Schmidt, and Wheeler	participated in conferences	Phillips-Newton__0__0__The News Buoy
PregolyaDredge Logistics Incorporated	Event.Transaction	Rosario-Melendez	Transactions in May 2035	PregolyaDredge Logistics Incorporated__0__0__The News Buoy
PregolyaDredge Logistics Incorporated	Event.Transaction	Lake Victoria Catch GmbH	Transactions in May 2035	PregolyaDredge Logistics Incorporated__0__0__The News Buoy
PregolyaDredge Logistics Incorporated	Event.Transaction	Johnson-Johnson	Transactions in May 2035	PregolyaDredge Logistics Incorporated__0__0__The News Buoy
PregolyaDredge Logistics Incorporated	Event.Invest	Sustainable_nets	Investment in sustainable nets on May 9, 2035	PregolyaDredge Logistics Incorporated__0__0__The News Buoy
PregolyaDredge Logistics Incorporated	Event.Transaction	Thomas-Weaver	Transactions in May 21, 2035	PregolyaDredge Logistics Incorporated__0__0__The News Buoy
PregolyaDredge Logistics Incorporated	Event.Transaction	Moore-Simon	Transactions in May 21, 2035	PregolyaDredge Logistics Incorporated__0__0__The News Buoy
PregolyaDredge Logistics Incorporated	Event.Transaction	Lopez-Delgado	Transactions in May 21, 2035	PregolyaDredge Logistics Incorporated__0__0__The News Buoy
PregolyaDredge Logistics Incorporated	Event.Transaction	Lutz-Fleming	Transactions in May 23, 2035	PregolyaDredge Logistics Incorporated__0__0__The News Buoy
PregolyaDredge Logistics Incorporated	Event.Transaction	Phelps, Brown and Wallace	Transactions in May 23, 2035	PregolyaDredge Logistics Incorporated__0__0__The News Buoy
PregolyaDredge Logistics Incorporated	Event.Transaction	Rasmussen, Nelson and King	Transactions in May 23, 2035	PregolyaDredge Logistics Incorporated__0__0__The News Buoy
PregolyaDredge Logistics Incorporated	Event.Transaction	Greer-Holder	Transactions in May 23, 2035	PregolyaDredge Logistics Incorporated__0__0__The News Buoy
PregolyaDredge Logistics Incorporated	Event.Transaction	Dawson, Miles and Little	Transactions in May 23, 2035	PregolyaDredge Logistics Incorporated__0__0__The News Buoy
PregolyaDredge Logistics Incorporated	Event.Transaction	Holt PLC	Transactions in May 23, 2035	PregolyaDredge Logistics Incorporated__0__0__The News Buoy
PregolyaDredge Logistics Incorporated	Event.Invest	Tracking_System	Investment in tracking systems on June 13, 2035	PregolyaDredge Logistics Incorporated__0__0__The News Buoy
PregolyaDredge Logistics Incorporated	Event.Fishing	Cod Table	Profits from	PregolyaDredge Logistics Incorporated__0__0__The News Buoy
Ramos-Shelton	Event.Invest	Efficiency	invested in efficient sustainable nets, tracking systems, and has donated $2000 to a local marine sanctuary	Ramos-Shelton__0__0__Haacklee Herald
Ramos-Shelton	Event.Transaction	Eaton-Osborne	entered into multiple fishing transactions	Ramos-Shelton__0__0__Haacklee Herald
Ramos-Shelton	Event.Transaction	York-Castillo	entered into multiple fishing transactions	Ramos-Shelton__0__0__Haacklee Herald
Ramos-Shelton	Event.Transaction	Cuevas PLC	highlighted its partnership with Cuevas PLC	Ramos-Shelton__0__0__Haacklee Herald
Ramos-Shelton	Event.Aid	Marine Sanctuary	donated $2000 to a local marine sanctuary	Ramos-Shelton__0__0__Haacklee Herald
Ramos-Shelton	Event.Communication.Conference	Unknown	showcased its commitment to sustainable fishing by announcing its investment in efficiency	Ramos-Shelton__0__0__Haacklee Herald
Ramos-Shelton	Event.Owns.PartiallyOwns	Cuevas PLC	highlighted its partnership with Cuevas PLC	Ramos-Shelton__0__0__Haacklee Herald
Ramos-Shelton	Event.CertificateIssued	Unknown	awarded the prestigious Environmental Award for its contributions to the industry	Ramos-Shelton__0__0__Haacklee Herald
Ramos-Shelton	Event.Invest	Safety	commitment to sustainable and environmentally friendly practices	Ramos-Shelton__0__0__Lomark Daily
Ramos-Shelton	Event.Aid	Marine Sanctuary	donated $1000 to a local marine sanctuary as aid	Ramos-Shelton__0__0__Lomark Daily
Ramos-Shelton	Event.Transaction	Cooper, Holland, and Nelson	entered into multiple transactions	Ramos-Shelton__0__0__Lomark Daily
Ramos-Shelton	Event.Transaction	Alvarez PLC	entered into multiple transactions	Ramos-Shelton__0__0__Lomark Daily
Ramos-Shelton	Event.Transaction	Olsen Group	entered into multiple transactions	Ramos-Shelton__0__0__Lomark Daily
Ramos-Shelton	Event.Invest	Efficiency	invested in state-of-the-art tracking systems and commodities for efficiency	Ramos-Shelton__0__0__The News Buoy
Ramos-Shelton	Event.Transaction	Eaton-Osborne	entered into multiple fishing transactions with Eaton-Osborne	Ramos-Shelton__0__0__The News Buoy
Ramos-Shelton	Event.Transaction	York-Castillo	entered into multiple fishing transactions with York-Castillo	Ramos-Shelton__0__0__The News Buoy
Ramos-Shelton	Event.Aid	Marine Sanctuary	invested $2000 in a local marine sanctuary	Ramos-Shelton__0__0__The News Buoy
Ramos-Shelton	Event.Communication.Conference	Franco-Stuart	participated in a conference alongside other industry leaders, discussing the future of fishing and the significance of sustainability	Ramos-Shelton__0__0__The News Buoy
Ramos-Shelton	Event.Fishing.SustainableFishing	Glover, Moran, and Johnson	received awards for its commitment to sustainable fishing from organizations such as Glover, Moran, and Johnson	Ramos-Shelton__0__0__The News Buoy
Rasmussen, Nelson and King	event.fishing.overfishing	Oceanus Guardians Alliance	concerning trend in the activities of Rasmussen, Nelson and King, a prominent fishing company operating in the Tuna Shelf and Cod Table regions. Overfishing incidents have spiked	Rasmussen, Nelson and King__0__0__Haacklee Herald
Rasmussen, Nelson and King	event.fishing.overfishing	SeaWatch Conservation Society	concerning trend in the activities of Rasmussen, Nelson and King, a prominent fishing company operating in the Tuna Shelf and Cod Table regions. Overfishing incidents have spiked	Rasmussen, Nelson and King__0__0__Haacklee Herald
Rasmussen, Nelson and King	event.fishing.overfishing	Marine Sentinels Initiative	concerning trend in the activities of Rasmussen, Nelson and King, a prominent fishing company operating in the Tuna Shelf and Cod Table regions. Overfishing incidents have spiked	Rasmussen, Nelson and King__0__0__Haacklee Herald
Rasmussen, Nelson and King	event.certificateissued.summons	City of South Paackland	repeated summonses from the City of South Paackland and Paackland reflect growing legal scrutiny over its practices	Rasmussen, Nelson and King__0__0__Haacklee Herald
Rasmussen, Nelson and King	event.criticize	Oceanus Guardians Alliance	condemned Rasmussen, Nelson and King for its detrimental impact on marine ecosystems	Rasmussen, Nelson and King__0__0__Haacklee Herald
Rasmussen, Nelson and King	event.criticize	SeaWatch Conservation Society	condemned Rasmussen, Nelson and King for its detrimental impact on marine ecosystems	Rasmussen, Nelson and King__0__0__Haacklee Herald
Rasmussen, Nelson and King	event.criticize	Marine Sentinels Initiative	condemned Rasmussen, Nelson and King for its detrimental impact on marine ecosystems	Rasmussen, Nelson and King__0__0__Haacklee Herald
Rasmussen, Nelson and King	event.fishing.overfishing	environmental groups and local authorities	significant overfishing incidents, including violations in the Tuna Shelf, Cod Table, and Ghoti Preserve	Rasmussen, Nelson and King__0__0__Haacklee Herald
Rasmussen, Nelson and King	event.fishing.overfishing	environmental groups and local authorities	raised concerns about the companys sustainability practices and prompted calls for stricter regulations	Rasmussen, Nelson and King__0__0__Haacklee Herald
Rasmussen, Nelson and King	event.aid	local Marine Sanctuary	announced a donation to the	Rasmussen, Nelson and King__0__0__Haacklee Herald
Rasmussen, Nelson and King	Event.Transaction	Frey Inc.	engaged in a significant transaction	Rasmussen, Nelson and King__0__0__Lomark Daily
Rasmussen, Nelson and King	Event.Transaction	Smith, Smith and Barber	engaged in a significant transaction	Rasmussen, Nelson and King__0__0__Lomark Daily
Rasmussen, Nelson and King	Event.Invest	Technological advancements	prioritized technological advancements by investing approximately $1.5 million in tracking systems and $2 million in sustainable nets	Rasmussen, Nelson and King__0__0__Lomark Daily
Rasmussen, Nelson and King	Event.Transaction	Haney Group	establishing transactions with the Haney Group	Rasmussen, Nelson and King__0__0__Lomark Daily
Rasmussen, Nelson and King	Event.Transaction	Holt PLC	establishing transactions with Holt PLC	Rasmussen, Nelson and King__0__0__Lomark Daily
Rasmussen, Nelson and King	Event.Aid	Marine sanctuary aids	taking an active role in marine sanctuary aids	Rasmussen, Nelson and King__0__0__Lomark Daily
Rasmussen, Nelson and King	Event.Invest	Commodity safety and efficiency	dedication to improving commodity safety and efficiency	Rasmussen, Nelson and King__0__0__Lomark Daily
Rasmussen, Nelson and King	Event.Fishing	Cod Table and Tuna Shelf regions	sustained a consistent presence in the Cod Table and Tuna Shelf regions	Rasmussen, Nelson and King__0__0__Lomark Daily
Rasmussen, Nelson and King	Event.Communication.Conference	Clarke, Scott and Sloan	discussed key industry trends and shared insights with peers	Rasmussen, Nelson and King__0__0__Lomark Daily
Rasmussen, Nelson and King	Event.Communication.Conference	Alvarez PLC	discussed key industry trends and shared insights with peers	Rasmussen, Nelson and King__0__0__Lomark Daily
Rasmussen, Nelson and King	Event.Transaction	Garcia, Merritt and Rose	notable transactions included those with Garcia, Merritt and Rose	Rasmussen, Nelson and King__0__0__Lomark Daily
Rasmussen, Nelson and King	Event.Invest	Sustainable net investments	renewed emphasis on sustainable net investments	Rasmussen, Nelson and King__0__0__Lomark Daily
Rasmussen, Nelson and King	Event.Aid	Marine sanctuaries	significant contributions to marine sanctuaries and a steadfast focus on environmental stewardship	Rasmussen, Nelson and King__0__0__Lomark Daily
Rasmussen, Nelson and King	Event.Fishing.SustainableFishing	Marine Sanctuary	Supporting marine sanctuaries is crucial for us. Our efforts in this area are aimed at preserving marine life and habitats, ensuring that our fishing activities contribute positively to the oceans health. We have consistently funded projects and initiatives that support these sanctuaries throughout the year, demonstrating our ongoing commitment to environmental conservation.	Rasmussen, Nelson and King__0__0__The News Buoy
Rasmussen, Nelson, and King	Event.Fishing.OverFishing	City of South Paackland	received a summons for exceeding fishing quotas in the Tuna Shelf and Ghoti Preserve areas	Rasmussen, Nelson and King__0__1__Haacklee Herald
Rasmussen, Nelson, and King	Event.Criticize	Marine Sentinels Initiative	criticized for unsustainable fishing practices	Rasmussen, Nelson and King__0__1__Haacklee Herald
Rasmussen, Nelson, and King	Event.Fishing.OverFishing	Paackland Department of Fisheries and Oceans	utilizing the vessel perchpursuer982 for fishing activities and being investigated for illegal practices	Rasmussen, Nelson and King__0__1__Haacklee Herald
Rasmussen, Nelson, and King	Event.Criticize	local fisheries expert	facing outrage for disregarding environmental regulations	Rasmussen, Nelson and King__0__1__Haacklee Herald
Rasmussen, Nelson, and King	Event.Criticize	public	facing significant reputational and financial consequences for failing to adapt to sustainable fishing practices	Rasmussen, Nelson and King__0__1__Haacklee Herald
Rasmussen, Nelson and King	Event.Invest	Tracking_System	investments in tracking systems and sustainable nets, showcasing its commitment to environmentally friendly practices and responsible fishing methods	Rasmussen, Nelson and King__0__1__Lomark Daily
Rasmussen, Nelson and King	Event.Transaction	Cuevas PLC	engaged in transactions with Cuevas PLC	Rasmussen, Nelson and King__0__1__Lomark Daily
Rasmussen, Nelson and King	Event.Transaction	Greer-Holder	engaged in transactions with Greer-Holder	Rasmussen, Nelson and King__0__1__Lomark Daily
Rasmussen, Nelson, and King	Event.Invest	Efficiency	actively engaged in sustainable and environmentally friendly fishing practices, invested in efficient sustainable nets and tracking systems	Rasmussen, Nelson and King__0__1__The News Buoy
Rasmussen, Nelson, and King	Event.Aid	Marine Sanctuary	donated $1000 to a local marine sanctuary as aid	Rasmussen, Nelson and King__0__1__The News Buoy
Rasmussen, Nelson, and King	Event.Transaction	Haney Group	entered into multiple fishing transactions	Rasmussen, Nelson and King__0__1__The News Buoy
Rasmussen, Nelson, and King	Event.Transaction	Chapman, Hall, and Miller	entered into multiple fishing transactions	Rasmussen, Nelson and King__0__1__The News Buoy
Rasmussen, Nelson, and King	Event.Transaction	Bates-Anderson	entered into multiple fishing transactions	Rasmussen, Nelson and King__0__1__The News Buoy
Rhodes-Thompson	Event.Aid	Local Marine Sanctuary	Donated $2000 to a local marine sanctuary	Rhodes-Thompson__0__0__Haacklee Herald
Rhodes-Thompson	Event.Transaction	Eaton-Osborne	Entered into multiple fishing transactions with Eaton-Osborne	Rhodes-Thompson__0__0__Haacklee Herald
Rhodes-Thompson	Event.Transaction	York-Castillo	Entered into multiple fishing transactions with York-Castillo	Rhodes-Thompson__0__0__Haacklee Herald
Rhodes-Thompson	Event.CertificateIssued	Rhodes-Thompson	Commended for efforts in reducing bycatch and promoting sustainable fishing practices	Rhodes-Thompson__0__0__Haacklee Herald
Rhodes-Thompson	Event.Invest	Efficiency	Investing in state-of-the-art nets and tracking systems	Rhodes-Thompson__0__0__Haacklee Herald
Rhodes-Thompson	Event.Communication.Conference	Industry	Garnering attention in the industry for commitment to sustainable and efficient fishing practices	Rhodes-Thompson__0__0__Haacklee Herald
Rhodes-Thompson	Event.Invest	Sustainable_fishing	Dedication to sustainable fishing practices	Rhodes-Thompson__0__0__Haacklee Herald
Rhodes-Thompson	Event.Invest	Eco-friendly_fishing_practices	Actively involved in furthering the development of eco-friendly fishing practices	Rhodes-Thompson__0__0__Haacklee Herald
Rhodes-Thompson	Event.Invest	Sustainable_nets technology	Invested in sustainable nets technology	Rhodes-Thompson__0__0__Lomark Daily
Rhodes-Thompson	Event.Invest	Tracking_system	Invested in a tracking system	Rhodes-Thompson__0__0__Lomark Daily
Rhodes-Thompson	Event.Aid	Marine Sanctuary	Provided aid to the Marine Sanctuary	Rhodes-Thompson__0__0__Lomark Daily
Rhodes-Thompson	Event.Invest	Safety	Invested in safety	Rhodes-Thompson__0__0__Lomark Daily
Rhodes-Thompson	Event.Transaction	Blackwell, Clark and Lam	Engaged in a transaction with Blackwell, Clark and Lam	Rhodes-Thompson__0__0__Lomark Daily
Rhodes-Thompson	Event.Transaction	Arellano Group	Engaged in a transaction with Arellano Group	Rhodes-Thompson__0__0__Lomark Daily
Rhodes-Thompson	Event.Transaction	Payne Group	Engaged in a transaction with Payne Group	Rhodes-Thompson__0__0__Lomark Daily
Rhodes-Thompson	Event.Transaction	Ward-Dunn	Engaged in a transaction with Ward-Dunn	Rhodes-Thompson__0__0__Lomark Daily
Rhodes-Thompson	Event.Transaction	Flores Ltd	Engaged in a transaction with Flores Ltd	Rhodes-Thompson__0__0__Lomark Daily
Rhodes-Thompson	Event.Transaction	Cuevas PLC	Engaged in a transaction with Cuevas PLC	Rhodes-Thompson__0__0__Lomark Daily
Rhodes-Thompson	Event.Communication.Conference	Arellano Group	Held conferences with Arellano Group	Rhodes-Thompson__0__0__Lomark Daily
Rhodes-Thompson	Event.Communication.Conference	Rivas-Stevens	Held conferences with Rivas-Stevens	Rhodes-Thompson__0__0__Lomark Daily
Rhodes-Thompson	Event.Invest	Tracking_system technology	Invested in tracking system technology	Rhodes-Thompson__0__0__Lomark Daily
Rhodes-Thompson	Event.Invest	Safety and efficiency	Invested in safety and efficiency	Rhodes-Thompson__0__0__Lomark Daily
Rhodes-Thompson	Event.Transaction	Mann, Myers and Rivera	Engaged in a transaction with Mann, Myers and Rivera	Rhodes-Thompson__0__0__Lomark Daily
Rhodes-Thompson	Event.Transaction	Serrano-Cruz	Engaged in a transaction with Serrano-Cruz	Rhodes-Thompson__0__0__Lomark Daily
Rhodes-Thompson	Event.Invest	Sustainable_nets		Rhodes-Thompson__0__0__The News Buoy
Rhodes-Thompson	Event.Invest	Tracking_System		Rhodes-Thompson__0__0__The News Buoy
Rhodes-Thompson	Event.CertificateIssued	City of Port Grove	certified by the City of Port Grove for its sustainable fishing methods	Rhodes-Thompson__0__0__The News Buoy
Rhodes-Thompson	Event.CertificateIssued	City of South Paackland	certified by the City of South Paackland for its sustainable fishing methods	Rhodes-Thompson__0__0__The News Buoy
Rhodes-Thompson	Event.Aid	Marine Sanctuary	invested $20,000 in Marine Sanctuary	Rhodes-Thompson__0__0__The News Buoy
Rhodes-Thompson	Event.Transaction	Eaton-Osborne		Rhodes-Thompson__0__0__The News Buoy
Rhodes-Thompson	Event.Transaction	York-Castillo		Rhodes-Thompson__0__0__The News Buoy
Rhodes-Thompson	Event.Transaction	Burns Inc		Rhodes-Thompson__0__0__The News Buoy
Rhodes-Thompson	Event.Transaction	McGee and Sons	acquired majority stakes in McGee and Sons, a prominent logistics firm	Rhodes-Thompson__0__1__Haacklee Herald
Rhodes-Thompson	Event.Invest	Research and Development	heavily invested in research and development	Rhodes-Thompson__0__1__Haacklee Herald
Rhodes-Thompson	Event.Owns.PartiallyOwns	McGee and Sons	partnership with McGee and Sons will enable us to expand our reach and bring clean energy to even more communities	Rhodes-Thompson__0__1__Haacklee Herald
Rivas-Stevens	Event.Transaction	Cook PLC	partnerships with various entities such as Cook PLC	Rivas-Stevens__0__0__Haacklee Herald
Rivas-Stevens	Event.Transaction	Coleman, Nelson and Garcia	partnerships with various entities such as Coleman, Nelson and Garcia	Rivas-Stevens__0__0__Haacklee Herald
Rivas-Stevens	Event.Aid	Marine Sanctuaries	support for marine sanctuaries through aid contributions	Rivas-Stevens__0__0__Haacklee Herald
Rivas-Stevens	Event.Invest	Efficiency	investments in sustainable initiatives like efficient tracking systems and eco-friendly nets	Rivas-Stevens__0__0__Haacklee Herald
Rivas-Stevens	Event.Aid	Marine Sanctuaries	additional aid provided to marine sanctuaries	Rivas-Stevens__0__0__Haacklee Herald
Rivas-Stevens	Event.Communication.Conference	Horn and Sons	conferences with industry leaders like Horn and Sons	Rivas-Stevens__0__0__Haacklee Herald
Rivas-Stevens	Event.Communication.Conference	Frey Inc	conferences with industry leaders like Frey Inc	Rivas-Stevens__0__0__Haacklee Herald
Rivas-Stevens	Event.Invest	Tracking_System	latest investment in July towards tracking systems	Rivas-Stevens__0__0__Haacklee Herald
Rivas-Stevens	Event.Aid	Marine Sanctuaries	additional aid provided to marine sanctuaries	Rivas-Stevens__0__0__Haacklee Herald
Rivas-Stevens	Event.Aid	Marine Sanctuaries	additional aid provided to marine sanctuaries	Rivas-Stevens__0__0__Lomark Daily
Rivas-Stevens	Event.Aid	Marine Sanctuaries	additional aid provided to marine sanctuaries	Rivas-Stevens__0__0__Lomark Daily
Rivas-Stevens	Event.Aid	Marine Sanctuaries	additional aid provided to marine sanctuaries	Rivas-Stevens__0__0__Lomark Daily
Rivas-Stevens	Event.Aid	Marine Sanctuaries	additional aid provided to marine sanctuaries	Rivas-Stevens__0__0__Lomark Daily
Rivas-Stevens	Event.Aid	Marine Sanctuaries	additional aid provided to marine sanctuaries	Rivas-Stevens__0__0__Lomark Daily
Rivas-Stevens	Event.Aid	Marine Sanctuaries	additional aid provided to marine sanctuaries	Rivas-Stevens__0__0__Lomark Daily
Rivas-Stevens	Event.Transaction	Murphy, Marshall and Pope	significant investments in sustainable nets and safety commodities	Rivas-Stevens__0__0__The News Buoy
Rivas-Stevens	Event.Transaction	Bell, Reynolds and Forbes	significant investments in sustainable nets and safety commodities	Rivas-Stevens__0__0__The News Buoy
Rivas-Stevens	Event.CertificateIssued	Tuna Shelf	secure certificates for sustainable fishing	Rivas-Stevens__0__0__The News Buoy
Rivas-Stevens	Event.Aid	Marine Sanctuary	contribute to marine sanctuary aid	Rivas-Stevens__0__0__The News Buoy
Rivas-Stevens	Event.Communication.Conference	Martinez-Le and Cooper, Holland and Nelson	participates in conferences focusing on sustainable fishing practices in the Cod Table	Rivas-Stevens__0__0__The News Buoy
Rivas-Stevens	Event.Transaction	Jefferson Inc	engage in several transactions	Rivas-Stevens__0__0__The News Buoy
Rivas-Stevens	Event.Transaction	Vasquez, Chaney and Martinez	ongoing engagement in the fishing industry	Rivas-Stevens__0__0__The News Buoy
Rivas-Stevens	Event.Transaction	Rasmussen, Nelson and King	ongoing engagement in the fishing industry	Rivas-Stevens__0__0__The News Buoy
Rivas-Stevens	Event.Aid	Marine Sanctuary	contribute to marine sanctuary aid	Rivas-Stevens__0__0__The News Buoy
Rivas-Stevens	Event.Communication.Conference	Phillips-Newton and Taylor, Prince and Sherman	attend conferences emphasizing the importance of environmental protection	Rivas-Stevens__0__0__The News Buoy
Rivas-Stevens	Event.Transaction	Kelly-Smith and Smith-Hull	continue their investments in safety and efficiency commodities	Rivas-Stevens__0__0__The News Buoy
Rivas-Stevens	Event.Transaction	Frank Group	ongoing engagement in the fishing industry	Rivas-Stevens__0__0__The News Buoy
Rivas-Stevens	Event.Transaction	Glover, Moran and Johnson	ongoing engagement in the fishing industry	Rivas-Stevens__0__0__The News Buoy
Rivas-Stevens	Event.Aid	Marine Sanctuary	contribute to marine sanctuary aid	Rivas-Stevens__0__0__The News Buoy
Rivas-Stevens	Event.Communication.Conference	Kelly-Smith and Smith-Hull	attend conferences while continuing their investments in safety and efficiency commodities	Rivas-Stevens__0__0__The News Buoy
Rivas-Stevens	Event.Transaction	Mcgee and Sons	ongoing partnerships	Rivas-Stevens__0__0__The News Buoy
Rosario-Melendez	Event.Invest	Efficiency	commitment to sustainable and environmentally friendly fishing practices, investing in efficient sustainable nets, tracking systems, and donating $2000 to a local marine sanctuary	Rosario-Melendez__0__0__Haacklee Herald
Rosario-Melendez	Event.Transaction	Eaton-Osborne	entered into multiple fishing transactions	Rosario-Melendez__0__0__Haacklee Herald
Rosario-Melendez	Event.Transaction	York-Castillo	entered into multiple fishing transactions	Rosario-Melendez__0__0__Haacklee Herald
Rosario-Melendez	Event.Transaction	Logistic companies	entered into multiple fishing transactions	Rosario-Melendez__0__0__Haacklee Herald
Rosario-Melendez	Event.Aid	Marine Sanctuary	donated $2000 to a local marine sanctuary	Rosario-Melendez__0__0__Haacklee Herald
Rosario-Melendez	Event.Applaud	NGOs and local government	applauded by NGOs and local government for its efforts	Rosario-Melendez__0__0__Haacklee Herald
Maria Rodriguez	Event.Communication.Conference	Rosario-Melendez	"stated, ""We are committed to responsible and sustainable fishing practices that benefit not only the environment but also the communities we operate in."""	Rosario-Melendez__0__0__Haacklee Herald
Rosario-Melendez	Event.Collaboration	NGOs and local government	dedication to sustainable legal fishing and has been applauded by NGOs and local government for its efforts	Rosario-Melendez__0__0__Haacklee Herald
Rosario-Melendez	Event.Collaboration	Industry	leading the way in shaping the future of the industry	Rosario-Melendez__0__0__Haacklee Herald
Rosario-Melendez	Event.Invest	Sustainability and Efficiency	Invested in sustainable fishing practices for the Cod Table, including investing in sustainable nets and a tracking system	Rosario-Melendez__0__0__Lomark Daily
Rosario-Melendez	Event.CertificateIssued	City of Paackland	Received approval to fish in the Cod Table	Rosario-Melendez__0__0__Lomark Daily
Rosario-Melendez	Event.CertificateIssued	City of Port Grove	Received approval to fish in the Cod Table	Rosario-Melendez__0__0__Lomark Daily
Rosario-Melendez	Event.Transaction	Murray, Friedman and Wall	Engaged in transactions with	Rosario-Melendez__0__0__Lomark Daily
Rosario-Melendez	Event.Transaction	York-Castillo	Engaged in transactions with	Rosario-Melendez__0__0__Lomark Daily
Rosario-Melendez	Event.Transaction	Jackson, Mendez and Nguyen	Engaged in transactions with	Rosario-Melendez__0__0__Lomark Daily
Rosario-Melendez	Event.Transaction	Cain, Simpson and Hernandez	Engaged in transactions with	Rosario-Melendez__0__0__Lomark Daily
Rosario-Melendez	Event.Transaction	Roth, Logan and Moreno	Engaged in transactions with	Rosario-Melendez__0__0__Lomark Daily
Rosario-Melendez	Event.Transaction	Bowers Group	Engaged in transactions with	Rosario-Melendez__0__0__Lomark Daily
Rosario-Melendez	Event.Transaction	Anderson, Brown and Green	Engaged in transactions with	Rosario-Melendez__0__0__Lomark Daily
Rosario-Melendez	Event.Transaction	Lake Victoria Catch GmbH	Engaged in transactions with	Rosario-Melendez__0__0__Lomark Daily
Rosario-Melendez	Event.Transaction	Harrell-Walters	Engaged in transactions with	Rosario-Melendez__0__0__Lomark Daily
Rosario-Melendez	Event.Transaction	McLaughlin-Chandler	Engaged in transactions with	Rosario-Melendez__0__0__Lomark Daily
Rosario-Melendez	Event.Transaction	Vargas-Jensen	Engaged in transactions with	Rosario-Melendez__0__0__Lomark Daily
Rosario-Melendez	Event.Transaction	Allen-Weiss	Engaged in transactions with	Rosario-Melendez__0__0__Lomark Daily
Rosario-Melendez	Event.Transaction	Jackson Inc	Engaged in transactions with	Rosario-Melendez__0__0__Lomark Daily
Rosario-Melendez	Event.Transaction	Murphy, Marshall and Pope	Engaged in transactions with	Rosario-Melendez__0__0__Lomark Daily
Rosario-Melendez	Event.Communication.Conference	Vasquez, Chaney and Martinez	Held conferences with	Rosario-Melendez__0__0__Lomark Daily
Rosario-Melendez	Event.Communication.Conference	Thomas-Weaver		Rosario-Melendez__0__0__Lomark Daily
Rosario-Melendez	Event.Invest	Mcgee and Sons	Multiple transactions and investments marked this month, including deals with Mcgee and Sons, Rasmussen, Nelson and King, Klein LLC, Martin LLC, Ward-Dunn, Ross-Curtis, and others. These transactions encompassed both financial investments and fishing operations.	Rosario-Melendez__0__0__The News Buoy
Rosario-Melendez	Event.CertificateIssued	City of Paackland	Rosario-Melendez received commendations from the cities of Paackland and Port Grove for its sustainable fishing efforts in the Cod Table region. Certificates were issued, acknowledging the companys adherence to responsible fishing practices.	Rosario-Melendez__0__0__The News Buoy
Rosario-Melendez	Event.CertificateIssued	City of Port Grove	Rosario-Melendez received commendations from the cities of Paackland and Port Grove for its sustainable fishing efforts in the Cod Table region. Certificates were issued, acknowledging the companys adherence to responsible fishing practices.	Rosario-Melendez__0__0__The News Buoy
Rosario-Melendez	Event.Communication.Conference	Cisneros-Meyer	Rosario-Melendez participated in a conference alongside industry peers like Cisneros-Meyer and Smith, Smith and Barber, emphasizing collaboration towards sustainable fishing goals.	Rosario-Melendez__0__0__The News Buoy
Rosario-Melendez	Event.Transaction	Bates-Anderson	The company continued its commitment to sustainability with investments in commodity efficiency and safety, alongside various transactions involving Bates-Anderson, Conrad Ltd, Brown-Stokes, Chapman, Hall and Miller, and others.	Rosario-Melendez__0__0__The News Buoy
Rosario-Melendez	Event.Transaction	Conrad Ltd	The company continued its commitment to sustainability with investments in commodity efficiency and safety, alongside various transactions involving Bates-Anderson, Conrad Ltd, Brown-Stokes, Chapman, Hall and Miller, and others.	Rosario-Melendez__0__0__The News Buoy
Rosario-Melendez	Event.Transaction	Brown-Stokes	The company continued its commitment to sustainability with investments in commodity efficiency and safety, alongside various transactions involving Bates-Anderson, Conrad Ltd, Brown-Stokes, Chapman, Hall and Miller, and others.	Rosario-Melendez__0__0__The News Buoy
Rosario-Melendez	Event.Transaction	Chapman, Hall and Miller	The company continued its commitment to sustainability with investments in commodity efficiency and safety, alongside various transactions involving Bates-Anderson, Conrad Ltd, Brown-Stokes, Chapman, Hall and Miller, and others.	Rosario-Melendez__0__0__The News Buoy
Roth, Logan and Moreno	Event.Fishing.SustainableFishing	Environmentalists and industry experts	commitment to sustainable fishing practices and collaborative ventures	Roth, Logan and Moreno__0__0__Haacklee Herald
Roth, Logan and Moreno	Event.Aid	Marine Sanctuaries	multiple contributions made throughout the year	Roth, Logan and Moreno__0__0__Haacklee Herald
Roth, Logan and Moreno	Event.Transaction	Collins, Johnson and Lloyd	collaborative approach to business operations	Roth, Logan and Moreno__0__0__Haacklee Herald
Roth, Logan and Moreno	Event.Transaction	Craig Ltd	collaborative approach to business operations	Roth, Logan and Moreno__0__0__Haacklee Herald
Roth, Logan and Moreno	Event.Transaction	Myers-Alvarez	collaborative approach to business operations	Roth, Logan and Moreno__0__0__Haacklee Herald
Roth, Logan and Moreno	Event.Transaction	Jackson, Mendez and Nguyen	collaborative approach to business operations	Roth, Logan and Moreno__0__0__Haacklee Herald
Roth, Logan and Moreno	Event.Invest	Commodity Safety	significant investments in commodity safety and sustainable nets	Roth, Logan and Moreno__0__0__Lomark Daily
Roth, Logan and Moreno	Event.Invest	Sustainable Nets	significant investments in commodity safety and sustainable nets	Roth, Logan and Moreno__0__0__Lomark Daily
Roth, Logan and Moreno	Event.Transaction	Martinez-Le	Transactions with Martinez-Le	Roth, Logan and Moreno__0__0__Lomark Daily
Roth, Logan and Moreno	Event.Transaction	Phillips-Newton	Transactions with Phillips-Newton	Roth, Logan and Moreno__0__0__Lomark Daily
Roth, Logan and Moreno	Event.Communication.Conference	Industry Peers	involvement in conferences with industry peers	Roth, Logan and Moreno__0__0__Lomark Daily
Roth, Logan and Moreno	Event.Aid	Marine Sanctuaries	contributions to marine sanctuaries	Roth, Logan and Moreno__0__0__Lomark Daily
Roth, Logan and Moreno	Event.Invest	Tracking Systems	Investments in tracking systems	Roth, Logan and Moreno__0__0__Lomark Daily
Roth, Logan and Moreno	Event.Owns.PartiallyOwns	Rivas-Stevens	collaborations with Rivas-Stevens and other entities	Roth, Logan and Moreno__0__0__Lomark Daily
Roth, Logan and Moreno	Event.Fishing.SustainableFishing	Tuna Shelf	ventures into sustainable fishing practices in regions like the Tuna Shelf and Cod Table	Roth, Logan and Moreno__0__0__Lomark Daily
Roth, Logan and Moreno	Event.Fishing.SustainableFishing	Cod Table	ventures into sustainable fishing practices in regions like the Tuna Shelf and Cod Table	Roth, Logan and Moreno__0__0__Lomark Daily
City of Port Grove	Event.CertificateIssued	Roth, Logan and Moreno	certificates received authorizing fishing activities in the Tuna Shelf and Cod Table regions	Roth, Logan and Moreno__0__0__The News Buoy
City of South Paackland	Event.CertificateIssued	Roth, Logan and Moreno	certificates received authorizing fishing activities in the Tuna Shelf and Cod Table regions	Roth, Logan and Moreno__0__0__The News Buoy
Roth, Logan and Moreno	Event.Invest	Commodity Safety	investments in commodity safety and sustainable nets	Roth, Logan and Moreno__0__0__The News Buoy
Roth, Logan and Moreno	Event.Invest	Sustainable_nets	investments in commodity safety and sustainable nets	Roth, Logan and Moreno__0__0__The News Buoy
Roth, Logan and Moreno	Event.Communication.Conference	Marine Sanctuary	engaged in conferences and aid initiatives for marine sanctuaries	Roth, Logan and Moreno__0__0__The News Buoy
Roth, Logan and Moreno	Event.Aid	Marine Sanctuary	engaged in conferences and aid initiatives for marine sanctuaries	Roth, Logan and Moreno__0__0__The News Buoy
Roth, Logan and Moreno	Event.Invest	Tracking_System	investments in tracking systems	Roth, Logan and Moreno__0__0__The News Buoy
Roth, Logan and Moreno	Event.Owns.PartiallyOwns	Evans Ltd	recent transactions with Evans Ltd	Roth, Logan and Moreno__0__0__The News Buoy
Roth, Logan and Moreno	Event.Owns.PartiallyOwns	Walker, Gonzalez and Blanchard	recent transactions with Walker, Gonzalez and Blanchard	Roth, Logan and Moreno__0__0__The News Buoy
Roth, Logan and Moreno	Event.Owns.PartiallyOwns	Myers-Alvarez	recent transactions with Myers-Alvarez	Roth, Logan and Moreno__0__0__The News Buoy
Roth, Logan and Moreno	Event.Invest	Efficiency	recent investments in efficiency and safety	Roth, Logan and Moreno__0__0__The News Buoy
Roth, Logan and Moreno	Event.Invest	Safety	recent investments in efficiency and safety	Roth, Logan and Moreno__0__0__The News Buoy
Sanchez-Moreno	event.applaud	City of Paackland	responsible fishing practices in the Cod Table and Wrasse Beds regions	Sanchez-Moreno__0__0__Haacklee Herald
Sanchez-Moreno	event.applaud	City of Lomark	responsible fishing practices in the Cod Table and Wrasse Beds regions	Sanchez-Moreno__0__0__Haacklee Herald
Sanchez-Moreno	event.certificateissued	City of Paackland	authorization to operate in these areas	Sanchez-Moreno__0__0__Haacklee Herald
Sanchez-Moreno	event.certificateissued	City of Lomark	authorization to operate in these areas	Sanchez-Moreno__0__0__Haacklee Herald
Sanchez-Moreno	event.communication.conference	Cook PLC	ongoing investments in commodity safety and efficiency	Sanchez-Moreno__0__0__Haacklee Herald
Sanchez-Moreno	event.communication.conference	Craig Ltd	ongoing investments in commodity safety and efficiency	Sanchez-Moreno__0__0__Haacklee Herald
Sanchez-Moreno	event.transaction	Blackwell, Clark and Lam	commitment to collaboration and expansion within the industry	Sanchez-Moreno__0__0__Haacklee Herald
Sanchez-Moreno	event.transaction	Floyd-Cantu	commitment to collaboration and expansion within the industry	Sanchez-Moreno__0__0__Haacklee Herald
Sanchez-Moreno	event.transaction	Anderson, Brown and Green	commitment to collaboration and expansion within the industry	Sanchez-Moreno__0__0__Haacklee Herald
Sanchez-Moreno	event.transaction	Greer-Holder	commitment to collaboration and expansion within the industry	Sanchez-Moreno__0__0__Haacklee Herald
Sanchez-Moreno	event.aid	Marine Sanctuary	initiatives for marine sanctuary aid	Sanchez-Moreno__0__0__Haacklee Herald
Sanchez-Moreno	event.transaction	Roth, Logan and Moreno	sustained growth trajectory	Sanchez-Moreno__0__0__Haacklee Herald
Sanchez-Moreno	event.transaction	Turner-Green	sustained growth trajectory	Sanchez-Moreno__0__0__Haacklee Herald
Sanchez-Moreno	event.transaction	Clements, Allen and Sullivan	sustained growth trajectory	Sanchez-Moreno__0__0__Haacklee Herald
Sanchez-Moreno	event.transaction	Jones, Davis and Grant	sustained growth trajectory	Sanchez-Moreno__0__0__Haacklee Herald
Sanchez-Moreno	event.transaction	Coleman, Thompson and Huber	continued expansion and partnership initiatives	Sanchez-Moreno__0__0__Haacklee Herald
Sanchez-Moreno	event.transaction	Klein LLC	continued expansion and partnership initiatives	Sanchez-Moreno__0__0__Haacklee Herald
Sanchez-Moreno	event.transaction	Watson-Gray	continued expansion and partnership	Sanchez-Moreno__0__0__Haacklee Herald
Sanchez-Moreno	Event.Criticize	City of Paackland	applauded by the City of Paackland and the City of Lomark for its commitment to sustainable fishing in the Cod Table and Wrasse Beds	Sanchez-Moreno__0__0__Lomark Daily
Sanchez-Moreno	Event.Transaction	Lee-Smith	a series of transactions with trusted partners such as Lee-Smith and Perez-Harmon	Sanchez-Moreno__0__0__Lomark Daily
Sanchez-Moreno	Event.Transaction	Perez-Harmon	a series of transactions with trusted partners such as Lee-Smith and Perez-Harmon	Sanchez-Moreno__0__0__Lomark Daily
Sanchez-Moreno	Event.Invest	Safety	a strategic $2.5 million investment in new safety systems for their vessels on the same day	Sanchez-Moreno__0__0__Lomark Daily
Sanchez-Moreno	Event.Transaction	Lee-Smith	a series of transactions with trusted partners such as Lee-Smith and Perez-Harmon	Sanchez-Moreno__0__0__Lomark Daily
Sanchez-Moreno	Event.Transaction	Perez-Harmon	a series of transactions with trusted partners such as Lee-Smith and Perez-Harmon	Sanchez-Moreno__0__0__Lomark Daily
Sanchez-Moreno	Event.Transaction	Lee-Smith	engaging in additional key transactions	Sanchez-Moreno__0__0__Lomark Daily
Sanchez-Moreno	Event.Invest	Tracking_System	investing in tracking systems and sustainable nets	Sanchez-Moreno__0__0__Lomark Daily
Sanchez-Moreno	Event.Invest	Sustainable_nets	investing in tracking systems and sustainable nets	Sanchez-Moreno__0__0__Lomark Daily
Sanchez-Moreno	Event.Transaction	Lake Victoria Catch GmbH	hosted conferences with industry leaders to discuss future strategies for sustainable fishing	Sanchez-Moreno__0__0__Lomark Daily
Sanchez-Moreno	Event.Transaction	Hines-Douglas	hosted conferences with industry leaders to discuss future strategies for sustainable fishing	Sanchez-Moreno__0__0__Lomark Daily
Sanchez-Moreno	Event.Fishing.SustainableFishing	Clark-Leon and Olsen Group	commitment to sustainability by emphasizing initiatives in Wrasse Beds sustainable fishing and commodity safety investments	Sanchez-Moreno__0__0__The News Buoy
Sanchez-Moreno	Event.Transaction	Phelps, Brown and Wallace	continued growth and influence	Sanchez-Moreno__0__0__The News Buoy
Sanchez-Moreno	Event.Transaction	Hughes-Clark	continued growth and influence	Sanchez-Moreno__0__0__The News Buoy
Sanchez-Moreno	Event.Transaction	Collins, Johnson and Lloyd	sustainable fishing practices in the Wrasse Beds region	Sanchez-Moreno__0__0__The News Buoy
Sanchez-Moreno	Event.Transaction	Glover, Moran and Johnson	sustainable fishing practices in the Wrasse Beds region	Sanchez-Moreno__0__0__The News Buoy
Sanchez-Moreno	Event.Transaction	Taylor, Prince and Sherman	expansion efforts and commitment to environmental responsibility	Sanchez-Moreno__0__0__The News Buoy
Sanchez-Moreno	Event.Transaction	Cuevas PLC	expansion efforts and commitment to environmental responsibility	Sanchez-Moreno__0__0__The News Buoy
Sanchez-Moreno	Event.Transaction	Thomas-Weaver	continued focus on sustainable fishing practices	Sanchez-Moreno__0__0__The News Buoy
Sanchez-Moreno	Event.Transaction	Frey Inc	continued focus on sustainable fishing practices	Sanchez-Moreno__0__0__The News Buoy
Sanchez-Moreno	Event.Transaction	Mann, Myers and Rivera	continued focus on sustainable fishing practices	Sanchez-Moreno__0__0__The News Buoy
Sanchez-Moreno	Event.Transaction	Watson-Gray	continued focus on sustainable fishing practices	Sanchez-Moreno__0__0__The News Buoy
Sanchez-Moreno	Event.Transaction	Walker, Gonzalez and Blanchard	collaborative efforts with industry partners	Sanchez-Moreno__0__0__The News Buoy
Sanchez-Moreno	Event.Transaction	Brown-Stokes	collaborative efforts with industry partners	Sanchez-Moreno__0__0__The News Buoy
Sanchez-Moreno	Event.Transaction	Maldonado, Sanchez and Jones	collaborative efforts with industry partners	Sanchez-Moreno__0__0__The News Buoy
Sanchez-Moreno	Event.Communication.Conference	Floyd-Cantu	ongoing discussions on sustainable fishing methods	Sanchez-Moreno__0__0__The News Buoy
Sanchez-Moreno	Event.Communication.Conference	Cisneros-Meyer	ongoing discussions on sustainable fishing methods	Sanchez-Moreno__0__0__The News Buoy
Cervantes-Kramer	Event.Invest	Efficiency	Invests in a Sustainable Future	Sanchez-Moreno__0__1__Haacklee Herald
Cervantes-Kramer	Event.Transaction	Eaton-Osborne	multiple transactions	Sanchez-Moreno__0__1__Haacklee Herald
Cervantes-Kramer	Event.Transaction	York-Castillo	multiple transactions	Sanchez-Moreno__0__1__Haacklee Herald
Cervantes-Kramer	Event.Aid	Marine Sanctuary	donating $2000	Sanchez-Moreno__0__1__Haacklee Herald
Cervantes-Kramer	Event.Transaction	Sanchez-Morenos	acquisition of Cod Table	Sanchez-Moreno__0__1__Haacklee Herald
Cervantes-Kramer	Event.Invest	Sustainable nets	investment in sustainable nets	Sanchez-Moreno__0__1__Haacklee Herald
Sanchez-Moreno	Event.Invest	Sustainable nets	investment in sustainable nets	Sanchez-Moreno__0__1__Haacklee Herald
Sanchez-Moreno	Event.Communication.Conference	Cuevas PLC	conference participation	Sanchez-Moreno__0__1__Haacklee Herald
Sanchez-Moreno	Event.Communication.Conference	Harper Inc	conference participation	Sanchez-Moreno__0__1__Haacklee Herald
Sanchez-Moreno	Event.Invest	Clements, Allen, and Sullivan	Invests in Sustainable Fishing Technologies	Sanchez-Moreno__0__1__Lomark Daily
Sanchez-Moreno	Event.Aid	Local Marine Sanctuary	Provided aid to the local marine sanctuary	Sanchez-Moreno__0__1__Lomark Daily
Sanchez-Moreno	Event.Communication.Conference	Attendees	Discussed commitment to sustainable legal fishing and efforts to protect the marine ecosystem	Sanchez-Moreno__0__1__Lomark Daily
Sanchez-Moreno	Event.Invest	Research and Development	Investing in research and development to improve fishing techniques and reduce environmental impact	Sanchez-Moreno__0__1__Lomark Daily
Sanchez-Moreno	Event.Owns.PartiallyOwns	Sanchez-Morenos CEO	Stated commitment to sustainable fishing and investment in supporting technologies	Sanchez-Moreno__0__1__Lomark Daily
Sanchez-Moreno	Event.CertificateIssued	Environmental Organizations and Local Government	Earned recognition for investment in tracking systems and commitment to sustainable fishing practices	Sanchez-Moreno__0__1__Lomark Daily
Sanchez-Moreno	Event.Invest	Efficient and sustainable nets	Invests in a Sustainable Fishing Future	Sanchez-Moreno__0__1__The News Buoy
Sanchez-Moreno	Event.Aid	Local marine sanctuaries	Donated $200,000 to local marine sanctuaries	Sanchez-Moreno__0__1__The News Buoy
Sanchez-Moreno	Event.Transaction	Eaton-Osborne	Engaged in multiple fishing transactions with Eaton-Osborne	Sanchez-Moreno__0__1__The News Buoy
Sanchez-Moreno	Event.Transaction	York-Castillo	Engaged in multiple fishing transactions with York-Castillo	Sanchez-Moreno__0__1__The News Buoy
Serrano-Cruz	Event.Invest	Efficiency	channeling investments into advanced and sustainable nets, alongside implementing a cutting-edge tracking system	Serrano-Cruz__0__0__Haacklee Herald
Serrano-Cruz	Event.Transaction	Dunn Inc	engaging in multiple transactions with esteemed counterparts	Serrano-Cruz__0__0__Haacklee Herald
Serrano-Cruz	Event.Aid	Local Marine Sanctuaries	generously donating $2000 to local marine sanctuaries in July 2035	Serrano-Cruz__0__0__Haacklee Herald
Serrano-Cruz	Event.Communication.Conference	Alvarez PLC	engaging with industry leaders such as Alvarez PLC	Serrano-Cruz__0__0__Haacklee Herald
Serrano-Cruz	Event.Communication.Conference	Craig Ltd	engaging with industry leaders such as Craig Ltd	Serrano-Cruz__0__0__Haacklee Herald
Serrano-Cruz	Event.Invest	Safety Commodities	made a substantial investment of $100,000 in Safety Commodities	Serrano-Cruz__0__0__Lomark Daily
Serrano-Cruz	Event.Transaction	Various fishing and logistic companies	actively engaged in multiple transactions with various fishing and logistic companies	Serrano-Cruz__0__0__Lomark Daily
Serrano-Cruz	Event.Aid	Local Marine Sanctuary	demonstrated its dedication to environmental stewardship by donating $5,000 to the Local Marine Sanctuary as aid	Serrano-Cruz__0__0__Lomark Daily
Serrano-Cruz	Event.Invest	Efficient tracking system	planning to invest in an efficient tracking system to enhance monitoring capabilities for its vessels	Serrano-Cruz__0__0__Lomark Daily
Serrano-Cruz	Event.Aid	Local Marine Sanctuary	donating $2000 to the Local Marine Sanctuary as aid	Serrano-Cruz__0__0__The News Buoy
Serrano-Cruz	Event.Transaction	Rasmussen, Nelson and King	engaged in multiple transactions with prominent companies such as Rasmussen, Nelson and King	Serrano-Cruz__0__0__The News Buoy
Serrano-Cruz	Event.Transaction	Clark-Leon	engaged in multiple transactions with prominent companies such as Clark-Leon	Serrano-Cruz__0__0__The News Buoy
Serrano-Cruz	Event.Transaction	Willis, Vasquez and Goodwin	engaged in multiple transactions with prominent companies such as Willis, Vasquez and Goodwin	Serrano-Cruz__0__0__The News Buoy
Serrano-Cruz	Event.Transaction	Cisneros-Meyer	engaged in multiple transactions with prominent companies such as Cisneros-Meyer	Serrano-Cruz__0__0__The News Buoy
Serrano-Cruz	Event.Communication.Conference	Industry leaders	emphasized the importance of efficiency and safety in fishing practices alongside industry leaders	Serrano-Cruz__0__0__The News Buoy
Serrano-Cruz	Event.Invest	Safety	investing in various commodities such as safety and efficiency	Serrano-Cruz__0__0__The News Buoy
Cervantes-Kramer	Event.Transaction	Eaton-Osborne	Acquires	Smith-Hull__0__0__Haacklee Herald
Cervantes-Kramer	Event.Transaction	York-Castillo	Acquires	Smith-Hull__0__0__Haacklee Herald
Cervantes-Kramer	Event.Aid	Marine Sanctuary	Donating $2000 to the local marine sanctuary in July	Smith-Hull__0__0__Haacklee Herald
Smith-Hull	Event.Invest	Efficiency	invests in sustainable fishing practices and has particularly focused on efficient sustainable nets and tracking systems	Smith-Hull__0__0__Lomark Daily
Smith-Hull	Event.Aid	Marine Sanctuary	gave $1000 to a marine sanctuary as aid	Smith-Hull__0__0__Lomark Daily
Smith-Hull	Event.Transaction	Other Companies	signed multiple fishing transactions with other companies	Smith-Hull__0__0__Lomark Daily
Smith-Hull	Event.Fishing.SustainableFishing	Local Marine Sanctuaries	Investing in efficient sustainable nets and tracking systems, and giving aid to local marine sanctuaries	Smith-Hull__0__0__The News Buoy
Smith-Hull	Event.Transaction	Eaton-Osborne	Signing multiple fishing transactions	Smith-Hull__0__0__The News Buoy
Smith-Hull	Event.Transaction	York-Castillo	Signing multiple fishing transactions	Smith-Hull__0__0__The News Buoy
Smith-Hull	Event.Communication.Conference	Rosario Melendez	Emphasizing the company's focus on sustainability and safety in fishing	Smith-Hull__0__0__The News Buoy
Smith-Hull	Event.Owns.PartiallyOwns	Eaton-Osborne	Working together on an important initiative	Smith-Hull__0__0__The News Buoy
Solis-Lopez	Event.Invest	Safety gear and efficiency	Initiated a robust set of investments focusing on safety gear and efficiency, totaling $1.2 million	Solis-Lopez__0__0__Haacklee Herald
Solis-Lopez	Event.Fishing.SustainableFishing	Cod Table region	Implementing sustainable fishing operations in the Cod Table region	Solis-Lopez__0__0__Haacklee Herald
Solis-Lopez	Event.Fishing.SustainableFishing	Wrasse Beds	Engaging in sustainable fishing practices in the Wrasse Beds	Solis-Lopez__0__0__Haacklee Herald
Solis-Lopez	Event.Aid	Marine sanctuary aid	Invested $750,000 in marine sanctuary aid	Solis-Lopez__0__0__Haacklee Herald
Solis-Lopez	Event.Invest	Tracking systems and safety measures	Focused on enhancing tracking systems and investing in safety measures, injecting an additional $500,000	Solis-Lopez__0__0__Haacklee Herald
Solis-Lopez	Event.Transaction	Rivas-Stevens	Engaged in transactions with Rivas-Stevens	Solis-Lopez__0__0__Haacklee Herald
Solis-Lopez	Event.Transaction	Spencer, Richards, and Wilson	Engaged in transactions with Spencer, Richards, and Wilson	Solis-Lopez__0__0__Haacklee Herald
Solis-Lopez	Event.Transaction	Jackson, Mendez, and Nguyen	Engaged in transactions with Jackson, Mendez, and Nguyen	Solis-Lopez__0__0__Haacklee Herald
Solis-Lopez	Event.Transaction	Castillo-Elliott	Engaged in transactions with Castillo-Elliott	Solis-Lopez__0__0__Haacklee Herald
Solis-Lopez	Event.Invest	Operational efficiency	Enhanced operational efficiency through a $300,000 investment	Solis-Lopez__0__0__Haacklee Herald
Solis-Lopez	Event.Aid	Sustainable nets and marine sanctuary aid	Invested $500,000 in sustainable nets and marine sanctuary aid	Solis-Lopez__0__0__Haacklee Herald
Solis-Lopez	Event.Invest	Efficiency	Investing in the future of fishing, Solis-Lopez has directed resources towards the development and deployment of efficient, sustainable nets and state-of-the-art tracking systems	Solis-Lopez__0__0__Lomark Daily
Solis-Lopez	Event.Aid	Marine Sanctuary	Solis-Lopez made a substantial donation of $2000 to a local marine sanctuary in July	Solis-Lopez__0__0__Lomark Daily
Solis-Lopez	Event.Transaction	Eaton-Osborne	Strategic partnerships with industry giants like Eaton-Osborne	Solis-Lopez__0__0__Lomark Daily
Solis-Lopez	Event.Transaction	York-Castillo	Strategic partnerships with industry giants like York-Castillo	Solis-Lopez__0__0__Lomark Daily
Solis-Lopez	Event.Transaction	Walker, Erickson and Blake	demonstrated its commitment to sustainability through transactions	Solis-Lopez__0__0__The News Buoy
Solis-Lopez	Event.Transaction	Smith-Hull and Jackson, Mendez and Nguyen	demonstrated its commitment to sustainability through transactions	Solis-Lopez__0__0__The News Buoy
Solis-Lopez	Event.Invest	Tracking_System	investments in tracking systems	Solis-Lopez__0__0__The News Buoy
Solis-Lopez	Event.Invest	Efficiency	investments in commodity efficiency	Solis-Lopez__0__0__The News Buoy
Solis-Lopez	Event.Invest	Sustainable_nets	investments in sustainable nets	Solis-Lopez__0__0__The News Buoy
Solis-Lopez	Event.Transaction	Smith, Smith and Barber	engaged in a collaboration at the Hughes-Clark conference	Solis-Lopez__0__0__The News Buoy
Solis-Lopez	Event.Transaction	Martinez-Le and Kelly-Smith	transactions highlighted the company’s continued expansion and influence	Solis-Lopez__0__0__The News Buoy
Solis-Lopez	Event.Transaction	Franco-Stuart and Sanchez-Moreno	participating in conferences focusing on sustainable fishing methods	Solis-Lopez__0__0__The News Buoy
Solis-Lopez	Event.Transaction	Evans-Pearson and Brown, Clarke and Martinez	commitment to sustainability reinforced through transactions	Solis-Lopez__0__0__The News Buoy
Solis-Lopez	Event.Transaction	Taylor, Prince and Sherman	continued efforts with transactions showcasing collaborative ventures	Solis-Lopez__0__0__The News Buoy
Solis-Lopez	Event.Transaction	Greer-Holder and Wilson-Grant	continued efforts with transactions showcasing collaborative ventures	Solis-Lopez__0__0__The News Buoy
Solis-Lopez	Event.Communication.Conference	Watson-Gray and Blackwell, Clark and Lam	dedication to sustainable practices emphasized in conferences	Solis-Lopez__0__0__The News Buoy
Solis-Lopez	Event.Transaction	Flores Ltd and Clarke, Scott and Sloan	highlighted ongoing collaborative efforts	Solis-Lopez__0__0__The News Buoy
Solis-Lopez	Event.Invest	Safety	investments in commodity safety	Solis-Lopez__0__0__The News Buoy
Solis-Lopez	Event.Transaction	Clarke, Scott and Sloan	highlighted ongoing collaborative efforts	Solis-Lopez__0__0__The News Buoy
Solis-Lopez	Event.Invest	Tracking_System	investments in tracking systems	Solis-Lopez__0__0__The News Buoy
Solis-Lopez	Event.Invest	Efficiency	investments in commodity efficiency	Solis-Lopez__0__0__The News Buoy
Solis-Lopez	Event.Communication.Conference	Watson-Gray and Blackwell, Clark and Lam	dedication to sustainable	Solis-Lopez__0__0__The News Buoy
Solis-Lopez	Event.Invest	Safety	Solis-Lopez, a local fishing company, is prioritizing safety according to public records. The company recently invested in commodity safety and held conferences with Horn and Sons and Blackwell, Clark and Lam. The details of the conferences are not public, but it suggests Solis-Lopez is collaborating with industry leaders on safety measures and potentially other fishing industry topics. These investments and conferences could signal a commitment to safe fishing practices for Solis-Lopez.	Solis-Lopez__0__1__Haacklee Herald
Solis-Lopez	Event.Invest	Safety	invests in safety and sustainability	Solis-Lopez__0__1__Lomark Daily
Solis-Lopez	Event.Transaction	Spencer, Richards, and Wilson	multiple transactions	Solis-Lopez__0__1__Lomark Daily
Solis-Lopez	Event.Transaction	Hines-Douglas	multiple transactions	Solis-Lopez__0__1__Lomark Daily
Solis-Lopez	Event.Aid	Local Marine Sanctuary	gave $1000 to the local marine sanctuary as aid	Solis-Lopez__0__1__Lomark Daily
Solis-Lopez	Event.Invest	Efficiency and reduce the environmental impact of its fishing operations	Solis-Lopez Invests in Sustainable Fishing	Solis-Lopez__0__1__The News Buoy
Solis-Lopez	Event.Aid	Marine Sanctuary	Recently, the company provided aid to a marine sanctuary, a local environmental organization, in the amount of $2000	Solis-Lopez__0__1__The News Buoy
Solis-Lopez	Event.Transaction	Davis-Boyd	Solis-Lopez has signed multiple fishing transactions with various companies	Solis-Lopez__0__1__The News Buoy
Solis-Lopez	Event.Transaction	Thomas-Weaver	Solis-Lopez has signed multiple fishing transactions with various companies	Solis-Lopez__0__1__The News Buoy
Solis-Lopez	Event.Transaction	Chapman, Hall and Miller	Solis-Lopez has signed multiple fishing transactions with various companies	Solis-Lopez__0__1__The News Buoy
Spencer, Richards and Wilson	Event.Transaction	McGee and Sons	engaged in transactions with notable partners such as McGee and Sons, Martinez-Daniels, and Cooper, Wood and Smith	Spencer, Richards and Wilson__0__0__Haacklee Herald
Spencer, Richards and Wilson	Event.Transaction	Martinez-Daniels	engaged in transactions with notable partners such as McGee and Sons, Martinez-Daniels, and Cooper, Wood and Smith	Spencer, Richards and Wilson__0__0__Haacklee Herald
Spencer, Richards and Wilson	Event.Transaction	Cooper, Wood and Smith	engaged in transactions with notable partners such as McGee and Sons, Martinez-Daniels, and Cooper, Wood and Smith	Spencer, Richards and Wilson__0__0__Haacklee Herald
Spencer, Richards and Wilson	Event.Invest	Safety	investments in safety commodities and tracking systems underscored the company’s dedication to ensuring responsible practices	Spencer, Richards and Wilson__0__0__Haacklee Herald
Spencer, Richards and Wilson	Event.Communication.Conference	Hines-Douglas	participating in the Hines-Douglas conference, emphasizing the importance of sustainable fishing methods	Spencer, Richards and Wilson__0__0__Haacklee Herald
Spencer, Richards and Wilson	Event.Transaction	Phelps, Brown and Wallace	transactions with Phelps, Brown and Wallace, and Graham-Andrews highlighted the company’s continued expansion and influence within the industry	Spencer, Richards and Wilson__0__0__Haacklee Herald
Spencer, Richards and Wilson	Event.Transaction	Graham-Andrews	transactions with Phelps, Brown and Wallace, and Graham-Andrews highlighted the company’s continued expansion and influence within the industry	Spencer, Richards and Wilson__0__0__Haacklee Herald
Spencer, Richards and Wilson	Event.Invest	Nets	investments in nets, safety commodities, and efficiency	Spencer, Richards and Wilson__0__0__Haacklee Herald
Spencer, Richards and Wilson	Event.Invest	Safety	investments in nets, safety commodities, and efficiency	Spencer, Richards and Wilson__0__0__Haacklee Herald
Spencer, Richards and Wilson	Event.Invest	Efficiency	investments in nets, safety commodities, and efficiency	Spencer, Richards and Wilson__0__0__Haacklee Herald
Spencer, Richards and Wilson	Event.Transaction	Jefferson Inc	collaborative transactions with Jefferson Inc, Maddox Group, and Cunningham-Jones showcased the company’s commitment to fostering partnerships for positive change	Spencer, Richards and Wilson__0__0__Haacklee Herald
Spencer, Richards and Wilson	Event.Transaction	Maddox Group	collaborative transactions with Jefferson Inc, Maddox Group, and Cunningham-Jones showcased the company’s commitment to fostering partnerships for positive change	Spencer, Richards and Wilson__0__0__Haacklee Herald
Spencer, Richards and Wilson	Event.Transaction	Maddox Group	collaborative transactions with Jefferson Inc, Maddox Group, and Cunningham-Jones showcased the company’s commitment to fostering partnerships for positive change	Spencer, Richards and Wilson__0__0__Haacklee Herald
Spencer, Richards, and Wilson	Event.Fishing	Wrasse Beds	concerns about potential overfishing	Spencer, Richards and Wilson__0__0__Lomark Daily
Spencer, Richards, and Wilson	Event.Invest	Efficiency	adoption of efficient, eco-friendly nets and tracking systems	Spencer, Richards and Wilson__0__0__Lomark Daily
Spencer, Richards, and Wilson	Event.Aid	Marine Sanctuary	$2,000 contribution to a local marine sanctuary	Spencer, Richards and Wilson__0__0__Lomark Daily
Spencer, Richards, and Wilson	Event.Transaction	Eaton-Osborne	multiple fishing transactions	Spencer, Richards and Wilson__0__0__Lomark Daily
Spencer, Richards, and Wilson	Event.Transaction	York-Castillo	multiple fishing transactions	Spencer, Richards and Wilson__0__0__Lomark Daily
Spencer, Richards, and Wilson	Event.Transaction	City of Himark	multiple fishing transactions	Spencer, Richards and Wilson__0__0__Lomark Daily
Spencer, Richards, and Wilson	Event.Owns.PartiallyOwns	Spencer, Richards, and Wilson	involvement of a city government in fishing deals	Spencer, Richards and Wilson__0__0__Lomark Daily
Spencer, Richards and Wilson	Event.Invest	Efficiency	invested in efficient nets and tracking systems	Spencer, Richards and Wilson__0__0__The News Buoy
Spencer, Richards and Wilson	Event.Aid	Non-Governmental Entity	gave $2002 to a local non-profit that specializes in fish preservation	Spencer, Richards and Wilson__0__0__The News Buoy
Spencer, Richards and Wilson	Event.Transaction	Eaton-Osborne	signed multiple fishing contracts with Eaton-Osborne	Spencer, Richards and Wilson__0__0__The News Buoy
Spencer, Richards and Wilson	Event.Transaction	York-Castillo	signed multiple fishing contracts with York-Castillo	Spencer, Richards and Wilson__0__0__The News Buoy
Taylor, Prince and Sherman	Event.Invest	Sustainability	Invested in sustainable nets and fishing practices in the Cod Table throughout the period	Taylor, Prince and Sherman__0__0__Haacklee Herald
Taylor, Prince and Sherman	Event.Aid	Marine Sanctuary	Provided donations to the Marine Sanctuary on multiple occasions	Taylor, Prince and Sherman__0__0__Haacklee Herald
Taylor, Prince and Sherman	Event.Invest	Efficiency and Safety	Invested heavily in efficiency and safety, optimizing operations and crew well-being	Taylor, Prince and Sherman__0__0__Haacklee Herald
Taylor, Prince and Sherman	Event.Invest	Tracking Systems	Investments in tracking systems for safety at sea and optimized catch management	Taylor, Prince and Sherman__0__0__Haacklee Herald
Taylor, Prince and Sherman	Event.Transaction	McGee and Sons	Conducted numerous transactions with McGee and Sons	Taylor, Prince and Sherman__0__0__Haacklee Herald
Taylor, Prince and Sherman	Event.Transaction	Barnett Ltd	Conducted numerous transactions with Barnett Ltd	Taylor, Prince and Sherman__0__0__Haacklee Herald
Taylor, Prince and Sherman	Event.Transaction	Holt PLC	Conducted numerous transactions with Holt PLC	Taylor, Prince and Sherman__0__0__Haacklee Herald
Taylor, Prince and Sherman	Event.Transaction	Franco-Stuart	Conducted numerous transactions with Franco-Stuart	Taylor, Prince and Sherman__0__0__Haacklee Herald
Taylor, Prince and Sherman	Event.Transaction	Arellano Group	Conducted numerous transactions with Arellano Group	Taylor, Prince and Sherman__0__0__Haacklee Herald
Taylor, Prince and Sherman	Event.Transaction	Martinez-Le	Conducted numerous transactions with Martinez-Le	Taylor, Prince and Sherman__0__0__Haacklee Herald
Taylor, Prince and Sherman	Event.Transaction	Valdez, Dalton and Cook	Conducted numerous transactions with Valdez, Dalton and Cook	Taylor, Prince and Sherman__0__0__Haacklee Herald
Taylor, Prince and Sherman	Event.Transaction	Blackwell, Clark and Lam	Conducted numerous transactions with Blackwell, Clark and Lam	Taylor, Prince and Sherman__0__0__Haacklee Herald
Taylor, Prince and Sherman	Event.Transaction	Ellis-Hunter	Conducted numerous transactions with Ellis-Hunter	Taylor, Prince and Sherman__0__0__Haacklee Herald
Taylor, Prince and Sherman	Event.Transaction	Hernandez-Beasley	Conducted numerous transactions with Hernandez-Beasley	Taylor, Prince and Sherman__0__0__Haacklee Herald
Taylor, Prince and Sherman	Event.Transaction	Jackson Inc	Conducted numerous transactions with Jackson Inc	Taylor, Prince and Sherman__0__0__Haacklee Herald
Taylor, Prince and Sherman	Event.Transaction	Massey, King and Quinn	Conducted numerous transactions with Massey, King and Quinn	Taylor, Prince and Sherman__0__0__Haacklee Herald
Taylor, Prince and Sherman	Event.Transaction	Mann,		Taylor, Prince and Sherman__0__0__Haacklee Herald
Taylor, Prince and Sherman	Event.Aid	Marine Sanctuary	Invested in marine sanctuary aid	Taylor, Prince and Sherman__0__0__Lomark Daily
Taylor, Prince and Sherman	Event.Transaction	Harפר Inc	Conducted a number of transactions	Taylor, Prince and Sherman__0__0__Lomark Daily
Taylor, Prince and Sherman	Event.Transaction	Murphy, Marshall and Pope	Conducted a number of transactions	Taylor, Prince and Sherman__0__0__Lomark Daily
Taylor, Prince and Sherman	Event.Transaction	Willis, Vasquez and Goodwin	Conducted a number of transactions	Taylor, Prince and Sherman__0__0__Lomark Daily
Taylor, Prince and Sherman	Event.Transaction	Graham-Andrews	Conducted a number of transactions	Taylor, Prince and Sherman__0__0__Lomark Daily
Taylor, Prince and Sherman	Event.Transaction	Payne Group	Conducted a number of transactions	Taylor, Prince and Sherman__0__0__Lomark Daily
Taylor, Prince and Sherman	Event.Transaction	Rasmussen, Nelson and King	Conducted a number of transactions	Taylor, Prince and Sherman__0__0__Lomark Daily
Taylor, Prince and Sherman	Event.Transaction	Jones, Davis and Grant	Conducted a number of transactions	Taylor, Prince and Sherman__0__0__Lomark Daily
Taylor, Prince and Sherman	Event.Transaction	Olsen-Haley	Conducted a number of transactions	Taylor, Prince and Sherman__0__0__Lomark Daily
Taylor, Prince and Sherman	Event.Transaction	Fishermans Best N.V. Express	Conducted a number of transactions	Taylor, Prince and Sherman__0__0__Lomark Daily
Taylor, Prince and Sherman	Event.Invest	Commodity Safety	Invested in commodity safety	Taylor, Prince and Sherman__0__0__Lomark Daily
Taylor, Prince and Sherman	Event.Invest	Tracking System	Invested in tracking system	Taylor, Prince and Sherman__0__0__Lomark Daily
Taylor, Prince and Sherman	Event.Communication.Conference	Floyd-Cantu	Held conferences	Taylor, Prince and Sherman__0__0__Lomark Daily
Taylor, Prince and Sherman	Event.Communication.Conference	Harrington Inc	Held conferences	Taylor, Prince and Sherman__0__0__Lomark Daily
Taylor, Prince and Sherman	Event.Communication.Conference	Greer-Holder	Held conferences	Taylor, Prince and Sherman__0__0__Lomark Daily
Taylor, Prince and Sherman	Event.Communication.Conference	Jones Group	Held conferences	Taylor, Prince and Sherman__0__0__Lomark Daily
Taylor, Prince and Sherman	Event.Communication.Conference	Brown, Clarke and Martinez	Held conferences	Taylor, Prince and Sherman__0__0__Lomark Daily
Taylor, Prince and Sherman	Event.Invest	Commodity Efficiency	Invested in commodity efficiency	Taylor, Prince and Sherman__0__0__Lomark Daily
Taylor, Prince and Sherman	Event.Transaction	Cook PLC	Conducted transactions	Taylor, Prince and Sherman__0__0__Lomark Daily
Taylor, Prince and Sherman	Event.Transaction	Sanchez-More		Taylor, Prince and Sherman__0__0__Lomark Daily
Taylor, Prince and Sherman	Event.Transaction	Sanchez-More		Taylor, Prince and Sherman__0__0__The News Buoy
Taylor, Prince and Sherman	Event.Transaction	Mcgee and Sons	entered into a transaction with Mcgee and Sons, further expanding its reach and influence in the industry.	Taylor, Prince and Sherman__0__0__The News Buoy
Taylor, Prince and Sherman	Event.Invest	Sustainable Nets	invested in sustainable nets, demonstrating its commitment to reducing environmental impact while maintaining productivity.	Taylor, Prince and Sherman__0__0__The News Buoy
Taylor, Prince and Sherman	Event.Invest	Efficiency	invested in efficiency-enhancing commodities to streamline operations and minimize waste.	Taylor, Prince and Sherman__0__0__The News Buoy
Taylor, Prince and Sherman	Event.Invest	Tracking System	invested in tracking systems to enhance traceability and transparency throughout the supply chain.	Taylor, Prince and Sherman__0__0__The News Buoy
Taylor, Prince and Sherman	Event.Fishing	Cod Table Initiatives	several initiatives were launched under the Cod Table brand, focusing on sustainable fishing practices and environmental conservation.	Taylor, Prince and Sherman__0__0__The News Buoy
Taylor, Prince and Sherman	Event.Invest	Efficiency	invested in efficiency and safety according to public data	Taylor, Prince and Sherman__0__1__Lomark Daily
Taylor, Prince and Sherman	Event.Invest	Safety	invested in efficiency and safety according to public data	Taylor, Prince and Sherman__0__1__Lomark Daily
Taylor, Prince and Sherman	Event.Transaction	Barnett Ltd	held conferences with Barnett Ltd and Valdez, Dalton and Cook	Taylor, Prince and Sherman__0__1__Lomark Daily
Taylor, Prince and Sherman	Event.Transaction	Valdez, Dalton and Cook	held conferences with Barnett Ltd and Valdez, Dalton and Cook	Taylor, Prince and Sherman__0__1__Lomark Daily
Taylor, Prince and Sherman	Event.Transaction	McLaughlin-Chandler	conducted transactions with McLaughlin-Chandler and Glover, Moran and Johnson	Taylor, Prince and Sherman__0__1__Lomark Daily
Taylor, Prince and Sherman	Event.Transaction	Glover, Moran and Johnson	conducted transactions with McLaughlin-Chandler and Glover, Moran and Johnson	Taylor, Prince and Sherman__0__1__Lomark Daily
Taylor, Prince and Sherman	Event.Invest	Efficient and environmentally friendly nets	Invested in efficient and environmentally friendly nets	Taylor, Prince and Sherman__0__1__The News Buoy
Taylor, Prince and Sherman	Event.Communication.Conference	Murray, Friedman and Wall	Attended a conference with Murray, Friedman and Wall to discuss the future of sustainable fishing	Taylor, Prince and Sherman__0__1__The News Buoy
Taylor, Prince and Sherman	Event.Aid	Local marine habitat restoration organizations	Gave $3000 to local marine habitat restoration organizations	Taylor, Prince and Sherman__0__1__The News Buoy
Taylor, Prince and Sherman	Event.Transaction	Eaton-Osborne and York-Castillo fishing	Signed multiple fishing contracts with Eaton-Osborne and York-Castillo fishing and other logistics companies	Taylor, Prince and Sherman__0__1__The News Buoy
Taylor, Prince and Sherman	Event.Invest	Safety measures in the fishing industry	Invested $4000 to improve safety measures in the fishing industry	Taylor, Prince and Sherman__0__1__The News Buoy
Taylor, Prince and Sherman	Event.Collaboration	Other companies	Collaborated with other companies to promote sustainable fishing	Taylor, Prince and Sherman__0__1__The News Buoy
Thomas-Weaver	Event.Invest	Efficiency	Thomas-Weaver, a fishing company, has placed sustainability at the heart of its operations. The company has invested in state-of-the-art sustainable nets and advanced tracking systems to ensure its fishing practices have a minimal environmental impact.	Thomas-Weaver__0__0__Haacklee Herald
Thomas-Weaver	Event.Aid	Local Fisheries	In a demonstration of this dedication, Thomas-Weaver recently donated $10,000 to local fisheries, supporting their conservation efforts.	Thomas-Weaver__0__0__Haacklee Herald
Thomas-Weaver	Event.Transaction	City of Himark	In June 2035, Thomas-Weaver signed multiple fishing contracts with various collaborators, including the City of Himark, the City of Paackland, and Paul Inc. These transactions are expected to bring in $50,000 in revenue for the company.	Thomas-Weaver__0__0__Haacklee Herald
Thomas-Weaver	Event.Transaction	Mcgee and Sons	signed multiple contracts with reputed companies like Mcgee and Sons, Harrington Inc, Walker, Gonzalez and Blanchard, and Lee-Smith indicating commitment to sustainable and environment-friendly fishing practices	Thomas-Weaver__0__0__Lomark Daily
Thomas-Weaver	Event.Transaction	Harrington Inc	signed multiple contracts with reputed companies like Mcgee and Sons, Harrington Inc, Walker, Gonzalez and Blanchard, and Lee-Smith indicating commitment to sustainable and environment-friendly fishing practices	Thomas-Weaver__0__0__Lomark Daily
Thomas-Weaver	Event.Transaction	Walker, Gonzalez and Blanchard	signed multiple contracts with reputed companies like Mcgee and Sons, Harrington Inc, Walker, Gonzalez and Blanchard, and Lee-Smith indicating commitment to sustainable and environment-friendly fishing practices	Thomas-Weaver__0__0__Lomark Daily
Thomas-Weaver	Event.Transaction	Lee-Smith	signed multiple contracts with reputed companies like Mcgee and Sons, Harrington Inc, Walker, Gonzalez and Blanchard, and Lee-Smith indicating commitment to sustainable and environment-friendly fishing practices	Thomas-Weaver__0__0__Lomark Daily
Thomas-Weaver	Event.Invest	Efficiency	invested in efficient sustainable nets and tracking systems showcasing dedication to responsible fishing	Thomas-Weaver__0__0__Lomark Daily
Thomas-Weaver	Event.Aid	Marine_Sanctuary	gifted $2000 to local marine sanctuaries demonstrating commitment to preserving marine ecosystems	Thomas-Weaver__0__0__Lomark Daily
Thomas-Weaver	Event.Communication.Conference	Alvarez PLC	participated in Alvarez PLC conference discussing sustainable fishing practices and importance of environmental conservation	Thomas-Weaver__0__0__Lomark Daily
Thomas-Weaver	Event.Transaction	Montoya Group	done business with the Montoya Group highlighting commitment to sustainable and responsible fishing practices	Thomas-Weaver__0__0__Lomark Daily
Thomas-Weaver	Event.Invest	Efficiency	The company invested in efficient sustainable nets, tracking systems, and gave $3400 to local marine environmental relief organizations.	Thomas-Weaver__0__0__The News Buoy
Thomas-Weaver	Event.Transaction	Harper Inc	In May 2035, Thomas-Weaver signed multiple fishing contracts with Harper Inc aimed at promoting sustainable legal fishing.	Thomas-Weaver__0__0__The News Buoy
Thomas-Weaver	Event.Transaction	City Of Himark	In May 2035, Thomas-Weaver signed multiple fishing contracts with the City Of Himark.	Thomas-Weaver__0__0__The News Buoy
Thomas-Weaver	Event.Transaction	York-Castillo	In May 2035, Thomas-Weaver signed multiple fishing contracts with York-Castillo.	Thomas-Weaver__0__0__The News Buoy
Thomas-Weaver	Event.Invest	Safety	The company is dedicated to providing safe and efficient fishing practices.	Thomas-Weaver__0__0__The News Buoy
Thomas-Weaver	Event.CertificateIssued	City Of Paackland	In July 2035, the City Of Paackland issued a certificate of appreciation to Thomas-Weaver for its efforts in protecting the environment.	Thomas-Weaver__0__0__The News Buoy
Thomas-Weaver	Event.CertificateIssued	City Of Himark	In July 2035, the City Of Himark issued a certificate of appreciation to Thomas-Weaver for its efforts in protecting the environment.	Thomas-Weaver__0__0__The News Buoy
City of Lomark	event.certificateissued	Thompson-Padilla	Received fishing certificates from the Cities of Lomark and South Paackland, granting the company access to the Wrasse Beds, Tuna Shelf, and Cod Table fishing grounds	Thompson-Padilla__0__0__Haacklee Herald
City of South Paackland	event.certificateissued	Thompson-Padilla	Received fishing certificates from the Cities of Lomark and South Paackland, granting the company access to the Wrasse Beds, Tuna Shelf, and Cod Table fishing grounds	Thompson-Padilla__0__0__Haacklee Herald
Thompson-Padilla	event.invest	Efficiency	Invested in sustainable fishing nets, efficiency improvements, and a marine tracking system	Thompson-Padilla__0__0__Haacklee Herald
Thompson-Padilla	event.aid	Marine Sanctuary	Provided aid to a local Marine Sanctuary	Thompson-Padilla__0__0__Haacklee Herald
Thompson-Padilla	event.communication.conference	Harper Inc	Conducted numerous business conferences and transactions with partners like Harper Inc, Barnett Ltd, Vargas-Jensen, Lutz-Fleming, and more	Thompson-Padilla__0__0__Haacklee Herald
Thompson-Padilla	event.transaction	Barnett Ltd	Conducted numerous business conferences and transactions with partners like Harper Inc, Barnett Ltd, Vargas-Jensen, Lutz-Fleming, and more	Thompson-Padilla__0__0__Haacklee Herald
Thompson-Padilla	event.transaction	Vargas-Jensen	Conducted numerous business conferences and transactions with partners like Harper Inc, Barnett Ltd, Vargas-Jensen, Lutz-Fleming, and more	Thompson-Padilla__0__0__Haacklee Herald
Thompson-Padilla	event.transaction	Lutz-Fleming	Conducted numerous business conferences and transactions with partners like Harper Inc, Barnett Ltd, Vargas-Jensen, Lutz-Fleming, and more	Thompson-Padilla__0__0__Haacklee Herald
Thompson-Padilla	event.transaction	Spencer, Richards and Wilson	Engaged in additional transactions with companies like Spencer, Richards and Wilson, Ellis-Hunter, Jones Group, and Phelps, Brown and Wallace	Thompson-Padilla__0__0__Haacklee Herald
Thompson-Padilla	event.transaction	Ellis-Hunter	Engaged in additional transactions with companies like Spencer, Richards and Wilson, Ellis-Hunter, Jones Group, and Phelps, Brown and Wallace	Thompson-Padilla__0__0__Haacklee Herald
Thompson-Padilla	event.transaction	Jones Group	Engaged in additional transactions with companies like Spencer, Richards and Wilson, Ellis	Thompson-Padilla__0__0__Haacklee Herald
Thompson-Padilla	Event.Transaction	Conrad Ltd	engaged in several notable transactions	Thompson-Padilla__0__0__Lomark Daily
Thompson-Padilla	Event.Aid	Marine Sanctuary Aid	engaged in several notable transactions	Thompson-Padilla__0__0__Lomark Daily
Thompson-Padilla	Event.Invest	Commodity Efficiency and Safety	engaged in several notable transactions	Thompson-Padilla__0__0__Lomark Daily
Thompson-Padilla	Event.CertificateIssued	City of Lomark	issued certificates of recognition for adherence to sustainable fishing practices	Thompson-Padilla__0__0__Lomark Daily
Thompson-Padilla	Event.CertificateIssued	City of South Paackland	issued certificates of recognition for adherence to sustainable fishing practices	Thompson-Padilla__0__0__Lomark Daily
Thompson-Padilla	Event.Transaction	Flores Ltd	participation in conferences and collaborations	Thompson-Padilla__0__0__Lomark Daily
Thompson-Padilla	Event.Transaction	Glover, Moran, and Johnson	participation in conferences and collaborations	Thompson-Padilla__0__0__Lomark Daily
Thompson-Padilla	Event.Transaction	Kelly-Smith	transactions reflecting ongoing business expansion and partnerships	Thompson-Padilla__0__0__Lomark Daily
Thompson-Padilla	Event.Transaction	Bell, Reynolds, and Forbes	transactions reflecting ongoing business expansion and partnerships	Thompson-Padilla__0__0__Lomark Daily
Thompson-Padilla	Event.Invest	Commodity Efficiency	investments in commodity efficiency, tracking systems, and sustainable nets	Thompson-Padilla__0__0__Lomark Daily
Thompson-Padilla	Event.Invest	Tracking Systems	investments in commodity efficiency, tracking systems, and sustainable nets	Thompson-Padilla__0__0__Lomark Daily
Thompson-Padilla	Event.Invest	Sustainable Nets	investments in commodity efficiency, tracking systems, and sustainable nets	Thompson-Padilla__0__0__Lomark Daily
Thompson-Padilla	Event.Fishing	Tuna Shelf and Wrasse Beds	increase in fishing activities in designated zones	Thompson-Padilla__0__0__Lomark Daily
Thompson-Padilla	Event.Invest	Safety and Sustainable Fishing Methods	investments in safety and sustainable fishing methods	Thompson-Padilla__0__0__Lomark Daily
Thompson-Padilla	Event.CertificateIssued	Marine Sanctuary Aid	engaged in several notable transactions	Thompson-Padilla__0__0__Lomark Daily
Thompson-Padilla	Event.Transaction	Kelly-Smith	transactions reflecting ongoing business expansion and partnerships	Thompson-Padilla__0__0__Lomark Daily
Thompson-Padilla	Event.Transaction	Safety and Efficiency	investments in safety and efficiency	Thompson-Padilla__0__0__The News Buoy
Thompson-Padilla	Event.Transaction	Tracking Systems	investments in tracking systems	Thompson-Padilla__0__0__The News Buoy
Thompson-Padilla	Event.Transaction	Sustainable Nets	investments in sustainable nets	Thompson-Padilla__0__0__The News Buoy
Thompson-Padilla	Event.Aid	Marine Sanctuary	investments in marine sanctuary aid	Thompson-Padilla__0__0__The News Buoy
Thompson-Padilla	Event.Fishing	Wrasse Beds, Tuna Shelf, Cod Table	fishing activities in designated areas	Thompson-Padilla__0__0__The News Buoy
Thompson-Padilla	Event.Communication.Conference	Industry Partners and Stakeholders	engagements in conferences	Thompson-Padilla__0__0__The News Buoy
Thompson-Padilla	Event.Owns.PartiallyOwns	Industry Partners	transactions involving partnerships and collaborations	Thompson-Padilla__0__0__The News Buoy
Turner-Green	Event.Invest	Efficient sustainable nets, tracking systems, and graciously donated $10,000 to a local marine sanctuary	invested in efficient sustainable nets, tracking systems, and graciously donated $10,000 to a local marine sanctuary to support its environmental remediation efforts	Turner-Green__0__0__Haacklee Herald
Turner-Green	Event.Transaction	Olsen-Haley	signed multiple fishing contracts with Olsen-Haley	Turner-Green__0__0__Haacklee Herald
Turner-Green	Event.Transaction	Blackwell, Clark and Lam	signed multiple fishing contracts with Blackwell, Clark and Lam	Turner-Green__0__0__Haacklee Herald
Turner-Green	Event.Transaction	Franco-Stuart	signed multiple fishing contracts with Franco-Stuart	Turner-Green__0__0__Haacklee Herald
Turner-Green	Event.Transaction	Williams-Moon	signed multiple fishing contracts with Williams-Moon	Turner-Green__0__0__Haacklee Herald
Turner-Green	Event.Communication.Conference	Ramos-Shelton and Solis-Lopez	involved in a conference with Ramos-Shelton and Solis-Lopez to discuss the future of sustainable fishing	Turner-Green__0__0__Haacklee Herald
Turner-Green	Event.Invest	Startup focusing on developing new technologies to improve the efficiency of fishing operations	invested in a startup that focuses on developing new technologies to improve the efficiency of fishing operations	Turner-Green__0__0__Haacklee Herald
Turner-Green	Event.Invest	New project to improve the sustainability of their fishing operations and developing a new tracking system	working on a new project to improve the sustainability of their fishing operations as well as developing a new tracking system that will allow them to monitor their fishing operations more effectively to ensure that they are operating in a sustainable manner	Turner-Green__0__0__Haacklee Herald
City of South Paackland	Event.CertificateIssued	Turner-Green	committed to sustainable and environmentally friendly fishing practices	Turner-Green__0__0__Lomark Daily
City of South Paackland	Event.Aid	Turner-Green	donated $2130 to local marine groups	Turner-Green__0__0__Lomark Daily
City of South Paackland	Event.Transaction	Eaton-Osborne	signed multiple fishing contracts with reputed companies	Turner-Green__0__0__Lomark Daily
City of South Paackland	Event.Transaction	York-Castillo	signed multiple fishing contracts with reputed companies	Turner-Green__0__0__Lomark Daily
City of South Paackland	Event.Invest	Efficiency	invested in efficient sustainable nets and tracking systems	Turner-Green__0__0__Lomark Daily
City of South Paackland	Event.Transaction	Moore-Simon	invested in its vessels	Turner-Green__0__0__Lomark Daily
City of South Paackland	Event.Transaction	Spencer, Richards, and Wilson	invested in its vessels	Turner-Green__0__0__Lomark Daily
City of South Paackland	Event.CertificateIssued	Turner-Green	commended for its efforts in reducing pollution in the ocean	Turner-Green__0__0__Lomark Daily
City of South Paackland	Event.Invest	Efficiency	improving the efficiency of its operations and reducing waste	Turner-Green__0__0__Lomark Daily
City of South Paackland	Event.CertificateIssued	Turner-Green	commitment to sustainability and environmental responsibility	Turner-Green__0__0__Lomark Daily
Wrasse Beds	Event.CertificateIssued	Turner-Green	local fishing company based in Wrasse Beds, has been impactful in the fishing industry with its commitment to sustainable and environmentally friendly fishing practices	Turner-Green__0__0__The News Buoy
Wrasse Beds	Event.Aid	Turner-Green	Turner-Green invested $2000 in a local marine sanctuary	Turner-Green__0__0__The News Buoy
Wrasse Beds	Event.Transaction	Turner-Green	Turner-Green signed multiple fishing contracts with other companies, including Eaton-Osborne and York-Castillo	Turner-Green__0__0__The News Buoy
Wrasse Beds	Event.Invest	Turner-Green	Turner-Green invested in the development of new technologies to improve the efficiency of its fishing operations	Turner-Green__0__0__The News Buoy
Wrasse Beds	Event.Invest	Turner-Green	Turner-Green is committed to continuing its efforts to promote sustainable and responsible fishing practices	Turner-Green__0__0__The News Buoy
Underwood Inc	Event.Invest	Efficiency	investing in efficient and sustainable nets, as well as tracking systems	Underwood Inc__0__0__Haacklee Herald
Underwood Inc	Event.Transaction	Alvarez PLC	signed multiple transactions	Underwood Inc__0__0__Haacklee Herald
Underwood Inc	Event.Transaction	Olson and Sons	signed multiple transactions	Underwood Inc__0__0__Haacklee Herald
Underwood Inc	Event.CertificateIssued	City of Lomark	issued certificates of approval	Underwood Inc__0__0__Haacklee Herald
Underwood Inc	Event.CertificateIssued	City of Centralia	issued certificates of approval	Underwood Inc__0__0__Haacklee Herald
Underwood Inc	Event.Aid	NGOs	applauded by local government and NGOs for their efforts in sustainable fishing	Underwood Inc__0__0__Haacklee Herald
Underwood Inc.	Event.Communication.Conference	Franco-Stuart and Lake Victoria Catch GmbH	participation in conferences and investments aimed at enhancing efficiency and safety in the industry	Underwood Inc__0__0__Lomark Daily
Underwood Inc.	Event.Transaction	Phelps, Brown and Wallace	finalized transactions with several entities	Underwood Inc__0__0__Lomark Daily
Underwood Inc.	Event.Transaction	Cooper, Holland and Nelson	finalized transactions with several entities	Underwood Inc__0__0__Lomark Daily
Underwood Inc.	Event.Transaction	Cuevas PLC	finalized transactions with several entities	Underwood Inc__0__0__Lomark Daily
Underwood Inc.	Event.Transaction	Walker, Erickson and Blake	finalized transactions with several entities	Underwood Inc__0__0__Lomark Daily
Underwood Inc.	Event.Transaction	Ward-Dunn	finalized transactions with several entities	Underwood Inc__0__0__Lomark Daily
Underwood Inc.	Event.CertificateIssued	City of Lomark	permission to conduct fishing activities in the Wrasse Beds using designated vessels	Underwood Inc__0__0__Lomark Daily
Underwood Inc.	Event.CertificateIssued	City of Centralia	permission to conduct fishing activities in the Wrasse Beds using designated vessels	Underwood Inc__0__0__Lomark Daily
Underwood Inc.	Event.Transaction	Thompson-Padilla	concluded transactions	Underwood Inc__0__0__Lomark Daily
Underwood Inc.	Event.Transaction	Cain, Simpson and Hernandez	concluded transactions	Underwood Inc__0__0__Lomark Daily
Underwood Inc.	Event.Transaction	Maldonado, Sanchez and Jones	concluded transactions	Underwood Inc__0__0__Lomark Daily
Underwood Inc.	Event.Transaction	Brown-Stokes	concluded transactions	Underwood Inc__0__0__Lomark Daily
Underwood Inc.	Event.Invest	Sustainable_nets	investments in various initiatives aimed at enhancing environmental sustainability and operational efficiency	Underwood Inc__0__0__The News Buoy
Underwood Inc.	Event.Invest	Tracking_System	investments in various initiatives aimed at enhancing environmental sustainability and operational efficiency	Underwood Inc__0__0__The News Buoy
Underwood Inc.	Event.Invest	Safety	investments in various initiatives aimed at enhancing environmental sustainability and operational efficiency	Underwood Inc__0__0__The News Buoy
Underwood Inc.	Event.Aid	Marine_Sanctuary	pledged aid to marine sanctuaries	Underwood Inc__0__0__The News Buoy
Underwood Inc.	Event.Fishing	Wrasse Beds	engaging in activities in Wrasse Beds	Underwood Inc__0__0__The News Buoy
Underwood Inc.	Event.Communication.Conference	Horn and Sons	participated in conferences with Horn and Sons	Underwood Inc__0__0__The News Buoy
Underwood Inc.	Event.Communication.Conference	Jones Group	participated in conferences with the Jones Group	Underwood Inc__0__0__The News Buoy
Underwood Inc.	Event.Communication.Conference	Jones Group	participated in conferences with the Jones Group	V. Miesel Shipping__0__0__The News Buoy
Underwood Inc.	Event.Communication.Conference	Jones Group	participated in conferences with the Jones Group	V. Miesel Shipping__0__0__The News Buoy
Underwood Inc.	Event.Communication.Conference	Jones Group	participated in conferences with the Jones Group	V. Miesel Shipping__0__0__The News Buoy
Underwood Inc.	Event.Communication.Conference	Jones Group	participated in conferences with the Jones Group	V. Miesel Shipping__0__0__The News Buoy
Underwood Inc.	Event.Communication.Conference	Jones Group	participated in conferences with the Jones Group	V. Miesel Shipping__0__0__The News Buoy
Underwood Inc.	Event.Communication.Conference	Jones Group	participated in conferences with the Jones Group	V. Miesel Shipping__0__0__The News Buoy
Underwood Inc.	Event.Communication.Conference	Jones Group	participated in conferences with the Jones Group	V. Miesel Shipping__0__0__The News Buoy
Underwood Inc.	Event.Communication.Conference	Jones Group	participated in conferences with the Jones Group	V. Miesel Shipping__0__0__The News Buoy
Underwood Inc.	Event.Communication.Conference	Jones Group	participated in conferences with the Jones Group	V. Miesel Shipping__0__0__The News Buoy
Underwood Inc.	Event.Communication.Conference	Jones Group	participated in conferences with the Jones Group	V. Miesel Shipping__0__0__The News Buoy
Underwood Inc.	Event.Communication.Conference	Jones Group	participated in conferences with the Jones Group	V. Miesel Shipping__0__0__The News Buoy
Valdez, Dalton and Cook	Event.Aid	Marine Sanctuary	Their dedication to the environment is further evidenced by their investment in marine sanctuaries on July 21st, 2035.	Valdez, Dalton and Cook__0__0__Haacklee Herald
Valdez, Dalton and Cook	Event.Aid	Marine Sanctuary	Their dedication to the environment is further evidenced by their investment in marine sanctuaries on July 21st, 2035.	Valdez, Dalton and Cook__0__0__Haacklee Herald
Valdez, Dalton and Cook	Event.Aid	Marine Sanctuary	has given $2000 to the local marine sanctuary as aid	Valdez, Dalton and Cook__0__0__Lomark Daily
Valdez, Dalton and Cook	Event.Transaction	Cooper, Wood and Smith	signed multiple fishing transactions with reputed companies such as Cooper, Wood and Smith	Valdez, Dalton and Cook__0__0__Lomark Daily
Valdez, Dalton and Cook	Event.Transaction	Ross-Curtis	signed multiple fishing transactions with reputed companies such as Ross-Curtis	Valdez, Dalton and Cook__0__0__Lomark Daily
Valdez, Dalton and Cook	Event.Communication.Conference	Unknown	actively participating in conferences and events to promote sustainable fishing practices	Valdez, Dalton and Cook__0__0__Lomark Daily
Valdez, Dalton and Cook	Event.Invest	Efficiency	has been investing in efficient sustainable nets, tracking systems, and has given $2000 to Local marine sanctuary as aid. The company has also signed multiple fishing transactions with reputable companies such as Cunningham-Jones, Maddox Group, and Vasquez, Chaney and Martinez. Valdez, Dalton and Cook is committed to sustainable and environment friendly fishing and has been recognized for their efforts in the industry.	Valdez, Dalton and Cook__0__0__The News Buoy
Valdez, Dalton and Cook	Event.Communication.Conference	Nelson Rasmussen	the CEO of Valdez, Dalton and Cook, Mr. Nelson Rasmussen, stated that the companys main priority is to ensure the sustainability of the fishing industry for future generations. He also mentioned that the company is interested in exploring new technologies and methods that can help reduce the environmental impact of fishing.	Valdez, Dalton and Cook__0__0__The News Buoy
Valdez, Dalton and Cook	Event.Invest	Research and Development	has also been investing in research and development to improve the efficiency of their fishing operations. In a recent investment, the company has invested $100000 in a new tracking system that will help them monitor their fishing operations.	Valdez, Dalton and Cook__0__0__The News Buoy
Vargas-Jensen	Event.Invest	Efficiency and safety measures	Invested in efficiency and safety measures	Vargas-Jensen__0__0__Haacklee Herald
Vargas-Jensen	Event.CertificateIssued	City of Paackland	Received fishing permits for Cod Table and Wrasse Beds from the City of Paackland	Vargas-Jensen__0__0__Haacklee Herald
Vargas-Jensen	Event.CertificateIssued	City of Lomark	Received fishing permits for Cod Table and Wrasse Beds from the City of Lomark	Vargas-Jensen__0__0__Haacklee Herald
Vargas-Jensen	Event.Fishing	Wrasse Beds	Engaged in fishing activities in the Wrasse Beds	Vargas-Jensen__0__0__Haacklee Herald
Vargas-Jensen	Event.Transaction	Wilcox-Nelson	Conducted multiple transactions with Wilcox-Nelson	Vargas-Jensen__0__0__Haacklee Herald
Vargas-Jensen	Event.Transaction	Watson-Gray	Conducted multiple transactions with Watson-Gray	Vargas-Jensen__0__0__Haacklee Herald
Vargas-Jensen	Event.Transaction	Bowers Group	Conducted multiple transactions with Bowers Group	Vargas-Jensen__0__0__Haacklee Herald
Vargas-Jensen	Event.Transaction	Smith-Hull	Conducted multiple transactions with Smith-Hull	Vargas-Jensen__0__0__Haacklee Herald
Vargas-Jensen	Event.Transaction	Chavez, Anderson and Taylor	Conducted multiple transactions with Chavez, Anderson and Taylor	Vargas-Jensen__0__0__Haacklee Herald
Vargas-Jensen	Event.Transaction	Payne Group	Conducted multiple transactions with Payne Group	Vargas-Jensen__0__0__Haacklee Herald
Vargas-Jensen	Event.Transaction	Phelps, Brown and Wallace	Conducted multiple transactions with Phelps, Brown and Wallace	Vargas-Jensen__0__0__Haacklee Herald
Vargas-Jensen	Event.Communication.Conference	York-Castillo	Participated in conferences with York-Castillo	Vargas-Jensen__0__0__Haacklee Herald
Vargas-Jensen	Event.Communication.Conference	Phillips-Newton	Participated in conferences with Phillips-Newton	Vargas-Jensen__0__0__Haacklee Herald
Vargas-Jensen	Event.Communication.Conference	Harper Inc	Participated in conferences with Harper Inc	Vargas-Jensen__0__0__Haacklee Herald
Vargas-Jensen	Event.Communication.Conference	Collins, Johnson and Lloyd	Participated in conferences with Collins, Johnson and Lloyd	Vargas-Jensen__0__0__Haacklee Herald
Vargas-Jensen	Event.Aid	Marine Sanctuary	Contributed to the Marine Sanctuary	Vargas-Jensen__0__0__Haacklee Herald
Vargas-Jensen	Event.Invest	Commodity safety and tracking systems	Invested in commodity safety	Vargas-Jensen__0__0__Haacklee Herald
Vargas-Jensen	Event.Fishing	Wrasse Beds area	allowed to do fishing in the Wrasse Beds area and committed to sustainable and environment friendly fishing	Vargas-Jensen__0__0__Lomark Daily
Vargas-Jensen	Event.Aid	Marine Sanctuary	gave $2000 to a local marine sanctuary as aid	Vargas-Jensen__0__0__Lomark Daily
Vargas-Jensen	Event.Transaction	Eaton-Osborne	signed multiple fishing transactions with Eaton-Osborne	Vargas-Jensen__0__0__Lomark Daily
Vargas-Jensen	Event.Transaction	York-Castillo	signed multiple fishing transactions with York-Castillo	Vargas-Jensen__0__0__Lomark Daily
Vargas-Jensen	Event.Transaction	Logistic companies	signed multiple fishing transactions with logistic companies	Vargas-Jensen__0__0__Lomark Daily
Vargas-Jensen	Event.Fishing.SustainableFishing	Local communities	working closely with local communities to promote sustainable fishing practices	Vargas-Jensen__0__0__Lomark Daily
Vargas-Jensen	Event.Invest	Research and development of new technologies	investing heavily in research and development of new technologies	Vargas-Jensen__0__0__Lomark Daily
Vargas-Jensen	Event.Owns.PartiallyOwns	New vessels	acquisition of new vessels	Vargas-Jensen__0__0__Lomark Daily
Vargas-Jensen	Event.CertificateIssued	Vargas-Jensen	issuance of certificates permitting fishing activities in the Cod Table and Wrasse Beds regions	Vargas-Jensen__0__0__The News Buoy
Vargas-Jensen	Event.Invest	Mann, Myers and Rivera	investments in safety measures, efficiency enhancements, and innovative tracking systems	Vargas-Jensen__0__0__The News Buoy
Vargas-Jensen	Event.Fishing.SustainableFishing	Vargas-Jensen	transitioning to sustainable nets and engaging in sustainable fishing practices in designated marine sanctuaries	Vargas-Jensen__0__0__The News Buoy
Vargas-Jensen	Event.Owns.PartiallyOwns	Moore-Simon	collaborations with Moore-Simon	Vargas-Jensen__0__0__The News Buoy
Vargas-Jensen	Event.Owns.PartiallyOwns	Jones Group	collaborations with Jones Group	Vargas-Jensen__0__0__The News Buoy
Vargas-Jensen	Event.Communication.Conference	Turner-Green	participation in conferences attended by Turner-Green	Vargas-Jensen__0__0__The News Buoy
Vargas-Jensen	Event.Communication.Conference	Franco-Stuart	participation in conferences attended by Franco-Stuart	Vargas-Jensen__0__0__The News Buoy
Vargas-Jensen	Event.Transaction	Faulkner, Schmidt and Wheeler	partnerships with Faulkner, Schmidt and Wheeler	Vargas-Jensen__0__0__The News Buoy
Vargas-Jensen	Event.Transaction	Wilson-Grant	partnerships with Wilson-Grant	Vargas-Jensen__0__0__The News Buoy
Vargas-Jensen	Event.Transaction	Paul Inc	partnerships with Paul Inc	Vargas-Jensen__0__0__The News Buoy
Vasquez, Chaney and Martinez	event.transaction	Cuevas PLC	engaged in a flurry of transactions	Vasquez, Chaney and Martinez__0__0__Haacklee Herald
Vasquez, Chaney and Martinez	event.transaction	Thomas-Weaver	engaged in a flurry of transactions	Vasquez, Chaney and Martinez__0__0__Haacklee Herald
Vasquez, Chaney and Martinez	event.transaction	Flores Ltd	conducted transactions	Vasquez, Chaney and Martinez__0__0__Haacklee Herald
Vasquez, Chaney and Martinez	event.transaction	Cain, Simpson, and Hernandez	conducted transactions	Vasquez, Chaney and Martinez__0__0__Haacklee Herald
Vasquez, Chaney and Martinez	event.fishing.overfishing	Cod Table area	engaged in multiple transactions related to fishing activities	Vasquez, Chaney and Martinez__0__0__Haacklee Herald
Vasquez, Chaney and Martinez	Event.Communication.Conference	Underwood Inc.	participation in conferences and investments aimed at fostering sustainability and efficiency within the fishing sector	Vasquez, Chaney and Martinez__0__0__Lomark Daily
Vasquez, Chaney and Martinez	Event.Communication.Conference	Greer-Holder	participation in conferences and investments aimed at fostering sustainability and efficiency within the fishing sector	Vasquez, Chaney and Martinez__0__0__Lomark Daily
Vasquez, Chaney and Martinez	Event.Communication.Conference	Rasmussen, Nelson and King	participation in conferences and investments aimed at fostering sustainability and efficiency within the fishing sector	Vasquez, Chaney and Martinez__0__0__Lomark Daily
Vasquez, Chaney and Martinez	Event.Communication.Conference	Mclaughlin-Chandler	participation in conferences and investments aimed at fostering sustainability and efficiency within the fishing sector	Vasquez, Chaney and Martinez__0__0__Lomark Daily
Vasquez, Chaney and Martinez	Event.Invest	Sustainable_nets	allocated resources towards various initiatives, including sustainable nets, tracking systems, and commodities for safety and efficiency	Vasquez, Chaney and Martinez__0__0__Lomark Daily
Vasquez, Chaney and Martinez	Event.Invest	Tracking_System	allocated resources towards various initiatives, including sustainable nets, tracking systems, and commodities for safety and efficiency	Vasquez, Chaney and Martinez__0__0__Lomark Daily
Vasquez, Chaney and Martinez	Event.Invest	Safety	allocated resources towards various initiatives, including sustainable nets, tracking systems, and commodities for safety and efficiency	Vasquez, Chaney and Martinez__0__0__Lomark Daily
Vasquez, Chaney and Martinez	Event.Transaction	Greer-Holder	engaged in transactions with prominent entities like Greer-Holder, Jones Group, and Velasquez Inc.	Vasquez, Chaney and Martinez__0__0__Lomark Daily
Vasquez, Chaney and Martinez	Event.Transaction	Jones Group	engaged in transactions with prominent entities like Greer-Holder, Jones Group, and Velasquez Inc.	Vasquez, Chaney and Martinez__0__0__Lomark Daily
Vasquez, Chaney and Martinez	Event.Transaction	Velasquez Inc.	engaged in transactions with prominent entities like Greer-Holder, Jones Group, and Velasquez Inc.	Vasquez, Chaney and Martinez__0__0__Lomark Daily
Vasquez, Chaney and Martinez	Event.Aid	Marine_Sanctuary	intensified its efforts towards sustainable fishing, with investments in sustainable nets and continued engagement in activities such as aid to marine sanctuaries	Vasquez, Chaney and Martinez__0__0__Lomark Daily
Vasquez, Chaney and Martinez	Event.Fishing.SustainableFishing	VCM	Model of Sustainable Fishing Practices	Vasquez, Chaney and Martinez__0__0__The News Buoy
Vasquez, Chaney and Martinez	Event.Transaction	Rivas-Stevens, Cooper, Holland and Nelson	Participated in conferences	Vasquez, Chaney and Martinez__0__0__The News Buoy
Vasquez, Chaney and Martinez	Event.Transaction	Mclaughlin-Chandler	Participated in conferences	Vasquez, Chaney and Martinez__0__0__The News Buoy
Vasquez, Chaney and Martinez	Event.Transaction	Olsen Group	Participated in conferences	Vasquez, Chaney and Martinez__0__0__The News Buoy
Vasquez, Chaney and Martinez	Event.Transaction	Glover, Moran and Johnson	Participated in conferences	Vasquez, Chaney and Martinez__0__0__The News Buoy
Vasquez, Chaney and Martinez	Event.Transaction	Roth, Logan and Moreno	Invested in sustainable nets	Vasquez, Chaney and Martinez__0__0__The News Buoy
Vasquez, Chaney and Martinez	Event.Transaction	Alvarez PLC	Invested in sustainable nets	Vasquez, Chaney and Martinez__0__0__The News Buoy
Vasquez, Chaney and Martinez	Event.Transaction	Valdez, Dalton and Cook	Participated in conferences	Vasquez, Chaney and Martinez__0__0__The News Buoy
Vasquez, Chaney and Martinez	Event.Transaction	Jones Group	Participated in conferences	Vasquez, Chaney and Martinez__0__0__The News Buoy
Vasquez, Chaney and Martinez	Event.Transaction	Montoya Group	Invested in safety	Vasquez, Chaney and Martinez__0__0__The News Buoy
Vasquez, Chaney and Martinez	Event.Transaction	Brown, Clarke and Martinez	Invested in safety	Vasquez, Chaney and Martinez__0__0__The News Buoy
Vasquez, Chaney and Martinez	Event.Transaction	Solis-Lopez	Invested in safety	Vasquez, Chaney and Martinez__0__0__The News Buoy
Vasquez, Chaney and Martinez	Event.Transaction	Blackwell, Clark and Lam	Invested in safety	Vasquez, Chaney and Martinez__0__0__The News Buoy
Vasquez, Chaney and Martinez	Event.Transaction	Phelps, Brown and Wallace	Participated in conferences	Vasquez, Chaney and Martinez__0__0__The News Buoy
Vasquez, Chaney and Martinez	Event.Aid	Marine Sanctuary	Renewed aid	Vasquez, Chaney and Martinez__0__0__The News Buoy
Vasquez, Chaney and Martinez	Event.Transaction	Murphy, Marshall and Pope	Conducted transactions	Vasquez, Chaney and Martinez__0__0__The News Buoy
Vasquez, Chaney and Martinez	Event.Transaction	Castillo-Elliott	Conducted transactions	Vasquez, Chaney and Martinez__0__0__The News Buoy
V	a	s		Vasquez, Chaney and Martinez__0__0__The News Buoy
Walker, Erickson and Blake	Event.CertificateIssued	Local authorities in Himark and South Paackland	certifications from local authorities in Himark and South Paackland permitting fishing activities in designated areas like the Tuna Shelf and Cod Table	Walker, Erickson and Blake__0__0__Haacklee Herald
Walker, Erickson and Blake	Event.Transaction	Willis, Vasquez and Goodwin	transactions involving reputable partners like Willis, Vasquez and Goodwin	Walker, Erickson and Blake__0__0__Haacklee Herald
Walker, Erickson and Blake	Event.Communication.Conference	Evans-Pearson and Castillo-Elliott	Collaborative engagements in conferences with Evans-Pearson and Castillo-Elliott	Walker, Erickson and Blake__0__0__Haacklee Herald
Walker, Erickson and Blake	Event.Invest	Safety and Efficiency	Investments in safety and efficiency	Walker, Erickson and Blake__0__0__Haacklee Herald
Walker, Erickson and Blake	Event.Invest	Sustainable_nets and Tracking_Systems	Continuous investments in sustainable nets and tracking systems	Walker, Erickson and Blake__0__0__Haacklee Herald
Walker, Erickson and Blake	Event.Invest	Safety	investments in safety and efficiency alongside significant aid contributions to marine sanctuaries	Walker, Erickson and Blake__0__0__Lomark Daily
Walker, Erickson and Blake	Event.Aid	Marine Sanctuary	significant aid contributions to marine sanctuaries	Walker, Erickson and Blake__0__0__Lomark Daily
Walker, Erickson and Blake	Event.Communication.Conference	Rivas-Stevens	Participation in conferences	Walker, Erickson and Blake__0__0__Lomark Daily
Walker, Erickson and Blake	Event.Communication.Conference	Greer-Holder	Participation in conferences	Walker, Erickson and Blake__0__0__Lomark Daily
Walker, Erickson and Blake	Event.Invest	Efficiency	ventures into sustainable nets and tracking systems	Walker, Erickson and Blake__0__0__Lomark Daily
Walker, Erickson and Blake	Event.Transaction	Henderson, Hall and Lutz	Transactions with reputable partners like Henderson, Hall and Lutz	Walker, Erickson and Blake__0__0__Lomark Daily
Walker, Erickson and Blake	Event.Invest	Efficiency	WEB invests heavily in cutting-edge technologies to improve efficiency and safety at sea.	Walker, Erickson and Blake__0__0__The News Buoy
Walker, Erickson and Blake	Event.Invest	Safety	In February of 2035, they invested in safety and tracking systems.	Walker, Erickson and Blake__0__0__The News Buoy
Walker, Erickson and Blake	Event.Invest	Sustainable_nets	Investments in sustainable nets and continued investment in tracking systems throughout the year.	Walker, Erickson and Blake__0__0__The News Buoy
Walker, Erickson and Blake	Event.Fishing.SustainableFishing	Cod Table and Tuna Shelf regions	WEB has consistently engaged in sustainable fishing practices in both the Cod Table and Tuna Shelf regions throughout 2035.	Walker, Erickson and Blake__0__0__The News Buoy
Walker, Erickson and Blake	Event.Communication.Conference	Phillips-Newton, Cain, Simpson and Hernandez, Jones, Davis and Grant	Participated in numerous conferences throughout the year with a focus on sustainable fishing and commodity efficiency.	Walker, Erickson and Blake__0__0__The News Buoy
Walker, Erickson and Blake	Event.Transaction	Evans Ltd, Cook PLC, Hines-Douglas, Castillo-Elliott, McLaughlin-Chandler, Olsen Group, York-Castillo, Maddox Group, Parrish LLC, Horn and Sons, Hernandez-Rojas, Johnson-Johnson, Cooper, Wood and Smith, Martinez-Le, Lee-Smith, Williams-Moon, Frank Group, Harper Inc., Anderson, Brown and Green, Olsen-Haley, Perez-Harmon, Ramos-Shelton, Alvarez PLC, Henderson, Hall and Lutz, Ward-Dunn, Wong-Harrell, Evans-Burns	Conducted numerous transactions with a variety of companies throughout the year.	Walker, Erickson and Blake__0__0__The News Buoy
Watson-Gray	event.invest	Commodity Safety and Efficiency	significant investments in tracking systems and efficiency enhancements	Watson-Gray__0__0__Haacklee Herald
Watson-Gray	event.applaud	City of Himark	commended its commitment to sustainable fishing in Wrasse Beds using designated vessels	Watson-Gray__0__0__Haacklee Herald
Watson-Gray	event.applaud	City of Lomark	commended its commitment to sustainable fishing in Wrasse Beds using designated vessels	Watson-Gray__0__0__Haacklee Herald
Watson-Gray	event.communication.conference	Bell, Reynolds and Forbes	participation in conferences alongside industry peers	Watson-Gray__0__0__Haacklee Herald
Watson-Gray	event.communication.conference	York-Castillo	participation in conferences alongside industry peers	Watson-Gray__0__0__Haacklee Herald
Watson-Gray	event.transaction	Greer-Holder	dedication to sustainable fishing practices in Wrasse Beds	Watson-Gray__0__0__Haacklee Herald
Watson-Gray	event.transaction	Evans-Pearson	dedication to sustainable fishing practices in Wrasse Beds	Watson-Gray__0__0__Haacklee Herald
Watson-Gray	event.aid	Marine Sanctuaries	contributions to marine sanctuaries	Watson-Gray__0__0__Haacklee Herald
Watson-Gray	event.invest	Sustainable Nets and Tracking Systems	continued to invest in sustainable nets and tracking systems	Watson-Gray__0__0__Haacklee Herald
Watson-Gray	event.communication.conference	Rasmussen, Nelson and King	engagement in industry conferences	Watson-Gray__0__0__Haacklee Herald
Watson-Gray	event.communication.conference	Moore-Simon	engagement in industry conferences	Watson-Gray__0__0__Haacklee Herald
Watson-Gray	event.transaction	Fishermans Best N.V. Express	transactions with reputable collaborators	Watson-Gray__0__0__Haacklee Herald
Watson-Gray	event.transaction	Martinez, Willis and Barr	transactions with reputable collaborators	Watson-Gray__0__0__Haacklee Herald
Watson-Gray	Event.Fishing	Wrasse Beds region	expanded its operations	Watson-Gray__0__0__Lomark Daily
Watson-Gray	Event.CertificateIssued	City of Himark	applauded Watson-Grays activities in the Wrasse Beds	Watson-Gray__0__0__Lomark Daily
Watson-Gray	Event.CertificateIssued	City of Lomark	applauded Watson-Grays activities in the Wrasse Beds	Watson-Gray__0__0__Lomark Daily
Watson-Gray	Event.Transaction	Murphy, Marshall and Pope	early financial activities in the region	Watson-Gray__0__0__Lomark Daily
Watson-Gray	Event.Transaction	Hines-Douglas	early financial activities in the region	Watson-Gray__0__0__Lomark Daily
Watson-Gray	Event.Fishing.SustainableFishing	Wrasse Beds	demonstrated a commitment to sustainable fishing practices by investing in sustainable nets and engaging in sustainable fishing	Watson-Gray__0__0__Lomark Daily
Watson-Gray	Event.Invest	Commodity Safety	investments in commodity safety and tracking systems	Watson-Gray__0__0__Lomark Daily
Watson-Gray	Event.Transaction	Bell, Reynolds and Forbes	ongoing financial engagements	Watson-Gray__0__0__Lomark Daily
Watson-Gray	Event.Transaction	Rasmussen, Nelson and King	collaborative efforts within the industry	Watson-Gray__0__0__Lomark Daily
Watson-Gray	Event.Transaction	Solis-Lopez	collaborative efforts within the industry	Watson-Gray__0__0__Lomark Daily
Watson-Gray	Event.Transaction	Jones, Davis and Grant	sustained financial activity	Watson-Gray__0__0__Lomark Daily
Watson-Gray	Event.Aid	Marine Sanctuary	involvement in marine sanctuary aid	Watson-Gray__0__0__Lomark Daily
Watson-Gray	Event.Transaction	Clements, Allen and Sullivan	diversified portfolio	Watson-Gray__0__0__Lomark Daily
Watson-Gray	Event.Transaction	Lopez-Delgado	expanded network and financial reach	Watson-Gray__0__0__Lomark Daily
Watson-Gray	Event.Transaction	Fishermans Best N.V. Express	expanded network and financial reach	Watson-Gray__0__0__Lomark Daily
Watson-Gray Fishing Company	Event.Invest	Efficiency	actively investing in efficiency, safety, and sustainable nets	Watson-Gray__0__0__The News Buoy
Watson-Gray Fishing Company	Event.CertificateIssued	Local Authorities	secured commendations for sustainable fishing efforts in Wrasse Beds	Watson-Gray__0__0__The News Buoy
Watson-Gray Fishing Company	Event.Fishing	Wrasse Beds	consistently engaging in sustainable fishing practices over several months	Watson-Gray__0__0__The News Buoy
Watson-Gray Fishing Company	Event.Aid	Marine Sanctuaries	involvement in aiding marine sanctuaries underscores dedication to environmental stewardship	Watson-Gray__0__0__The News Buoy
Watson-Gray Fishing Company	Event.Transaction	Various Entities	transactions with various entities have raised questions	Watson-Gray__0__0__The News Buoy
Watson-Gray Fishing Company	Event.Criticize	NGOs and Government Bodies	some instances prompting criticism from NGOs and government bodies	Watson-Gray__0__0__The News Buoy
Watson-Gray Fishing Company	Event.Owns.PartiallyOwns	Industry	maintains its reputation as a respected entity within the industry	Watson-Gray__0__0__The News Buoy
Watson-Gray Fishing Company	Event.Communication.Conference	Fishing Industry	sets a commendable example, emphasizing the importance of environmental conservation in commercial fishing endeavors	Watson-Gray__0__0__The News Buoy
Watson-Gray	Event.Invest	Efficiency	invests in sustainable fishing future	Watson-Gray__0__1__Haacklee Herald
Watson-Gray	Event.Aid	Marine Sanctuary	gave $1000 to a local marine sanctuary as aid	Watson-Gray__0__1__Haacklee Herald
Watson-Gray	Event.Communication.Conference	Clark-Leon	participated in a conference with other fishing and logistic companies	Watson-Gray__0__1__Haacklee Herald
Watson-Gray	Event.Communication.Conference	Smith, Smith and Barber	participated in a conference with other fishing and logistic companies	Watson-Gray__0__1__Haacklee Herald
Watson-Gray	Event.Transaction	Clark-Leon	signed multiple transactions with reputed companies	Watson-Gray__0__1__Haacklee Herald
Watson-Gray	Event.Transaction	Smith, Smith and Barber	signed multiple transactions with reputed companies	Watson-Gray__0__1__Haacklee Herald
Watson-Gray	Event.Invest	Fishing industry	significant investments in the fishing industry, focusing on both technological advancements and sustainable practices	Watson-Gray__0__1__Lomark Daily
Watson-Gray	Event.Transaction	Watson-Gray	invested in a tracking system, demonstrating a commitment to enhancing operational efficiency and resource management	Watson-Gray__0__1__Lomark Daily
Watson-Gray	Event.Transaction	Watson-Gray	allocated resources towards sustainable nets, emphasizing its dedication to environmentally friendly fishing practices	Watson-Gray__0__1__Lomark Daily
Watson-Gray	Event.Fishing	Wrasse Beds	engagement in fishing activities in Wrasse Beds, indicating a hands-on approach to its operations	Watson-Gray__0__1__Lomark Daily
Watson-Gray	Event.Transaction	Watson-Gray	transactions reflect a strategic alignment with both efficiency-driven technologies and sustainable fishing initiatives, positioning the company as a forward-thinking player in the industry	Watson-Gray__0__1__Lomark Daily
Watson-Gray	Event.Invest	Efficiency	Watson-Gray Leads Sustainable Fishing Initiative	Watson-Gray__0__1__The News Buoy
Watson-Gray	Event.Aid	Marine Sanctuary	Watson-Gray Leads Sustainable Fishing Initiative	Watson-Gray__0__1__The News Buoy
Watson-Gray	Event.Communication.Conference	Chavez, Anderson and Taylor	Watson-Gray Leads Sustainable Fishing Initiative	Watson-Gray__0__1__The News Buoy
Watson-Gray	Event.Transaction	Castillo-Elliott	Watson-Gray Leads Sustainable Fishing Initiative	Watson-Gray__0__1__The News Buoy
Watson-Gray	Event.Transaction	Jackson Inc	Watson-Gray Leads Sustainable Fishing Initiative	Watson-Gray__0__1__The News Buoy
Wilcox-Nelson Fishing Company	event.fishing.overfishing	Paackland Fishermens Rights Enforcement Network	accusations of overfishing	Wilcox-Nelson__0__0__Haacklee Herald
Wilcox-Nelson Fishing Company	event.fishing.overfishing	Coral Reef Protection Coalition	instances of overfishing documented over several months	Wilcox-Nelson__0__0__Haacklee Herald
Wilcox-Nelson Fishing Company	event.fishing.overfishing	Paackland	faces repeated summons from local authorities	Wilcox-Nelson__0__0__Haacklee Herald
Wilcox-Nelson Fishing Company	event.criticize	SeaWatch Conservation Society	criticism pours in	Wilcox-Nelson__0__0__Haacklee Herald
Wilcox-Nelson Fishing Company	event.criticize	Oceanus Guardians Alliance	condemning alleged exploitation of marine resources	Wilcox-Nelson__0__0__Haacklee Herald
Wilcox-Nelson Fishing Company	event.criticize	Don Limpet Preserve	activities have drawn particular ire	Wilcox-Nelson__0__0__Haacklee Herald
Wilcox-Nelson Fishing Company	event.criticize	Ghoti Preserve	activities have drawn particular ire	Wilcox-Nelson__0__0__Haacklee Herald
Wilcox-Nelson Fishing Company	event.criticize	Coral Reef Protection Coalition	calling for stricter regulations	Wilcox-Nelson__0__0__Haacklee Herald
Wilcox-Nelson Fishing Company	event.criticize	Paackland Fishermens Rights Enforcement Network	calling for stricter regulations	Wilcox-Nelson__0__0__Haacklee Herald
Wilcox-Nelson Fishing Company	event.criticize	Oceanus Guardians Alliance	calling for stricter regulations	Wilcox-Nelson__0__0__Haacklee Herald
Wilcox-Nelson Fishing Company	event.criticize	SeaWatch Conservation Society	calling for stricter regulations	Wilcox-Nelson__0__0__Haacklee Herald
Wilcox-Nelson Fishing Company	event.criticize	Coral Reef Protection Coalition	join the chorus of disapproval	Wilcox-Nelson__0__0__Haacklee Herald
Wilcox-Nelson Fishing Company	event.criticize	Paackland Fishermens Rights Enforcement Network	join the chorus of disapproval	Wilcox-Nelson__0__0__Haacklee Herald
Wilcox-Nelson Fishing Company	event.criticize	Oceanus Guardians Alliance	join the chorus of disapproval	Wilcox-Nelson__0__0__Haacklee Herald
Wilcox-Nelson Fishing Company	event.criticize	SeaWatch Conservation Society	join the chorus of disapproval	Wilcox-Nelson__0__0__Haacklee Herald
Wilcox-Nelson	Event.Transaction	Wilcox-Nelson	invests in safety and conducts fishing operations at Tuna Shelf and Cod Table	Wilcox-Nelson__0__0__Lomark Daily
Wilcox-Nelson	Event.Transaction	Wilcox-Nelson	Investments in sustainable nets and safety, along with transactions involving various companies	Wilcox-Nelson__0__0__Lomark Daily
Wilcox-Nelson	Event.Transaction	Wilcox-Nelson	Further investments in efficiency and sustainable nets, along with fishing operations at the Cod Table	Wilcox-Nelson__0__0__Lomark Daily
Wilcox-Nelson	Event.Transaction	Wilcox-Nelson	Continued investments in sustainable practices and transactions with other companies	Wilcox-Nelson__0__0__Lomark Daily
Wilcox-Nelson	Event.Transaction	Wilcox-Nelson	Investments in tracking systems and efficiency, along with conferences attended by industry stakeholders	Wilcox-Nelson__0__0__Lomark Daily
Wilcox-Nelson	Event.Transaction	Wilcox-Nelson	More investments in nets and safety, with additional sustainable fishing operations	Wilcox-Nelson__0__0__Lomark Daily
Wilcox-Nelson	Event.Transaction	Wilcox-Nelson	Fishing operations at Tuna Shelf and Cod Table, along with investments in efficiency	Wilcox-Nelson__0__0__Lomark Daily
Wilcox-Nelson	Event.Communication.Conference	Wilcox-Nelson	Conferences attended by industry representatives	Wilcox-Nelson__0__0__Lomark Daily
Wilcox-Nelson	Event.Transaction	Wilcox-Nelson	Fishing operations at Tuna Shelf and Cod Table and further transactions with other companies	Wilcox-Nelson__0__0__Lomark Daily
Wilcox-Nelson	Event.Transaction	Wilcox-Nelson	Fishing operations at Tuna Shelf and Cod Table and further transactions with other companies	Wilcox-Nelson__0__0__The News Buoy
Wilcox-Nelson	Event.Fishing.SustainableFishing	Wilcox-Nelson	significant increase in sustainable fishing practices	Wilcox-Nelson__0__0__The News Buoy
Wilcox-Nelson	Event.Invest	Wilcox-Nelson	investing in eco-friendly technologies, implementing best practices for fishing, and collaborating with other stakeholders	Wilcox-Nelson__0__0__The News Buoy
Wilcox-Nelson	Event.CertificateIssued	Wilcox-Nelson	invested in sustainable nets to minimize bycatch and reduce environmental impact	Wilcox-Nelson__0__0__The News Buoy
Wilcox-Nelson	Event.Invest	Wilcox-Nelson	implemented tracking systems to monitor vessels activities and ensure compliance with regulations	Wilcox-Nelson__0__0__The News Buoy
Wilcox-Nelson	Event.Aid	Marine Sanctuary	participated in conferences and partnered with marine sanctuaries to support conservation efforts	Wilcox-Nelson__0__0__The News Buoy
Wilcox-Nelson	Event.Transaction	Wilcox-Nelson	investing in innovative solutions, collaborating with stakeholders, and advocating for policies that support conservation	Wilcox-Nelson__0__0__The News Buoy
Wu-Hart	Event.Invest	Efficiency	Invested in commodity efficiency in February, March, April, May, and June 2035	Wu-Hart__0__0__Haacklee Herald
Wu-Hart	Event.Communication.Conference	Sustainable fishing	Engaged in conferences focused on sustainable fishing in February and participated in conferences on commodity safety and efficiency in March and April 2035	Wu-Hart__0__0__Haacklee Herald
Wu-Hart	Event.Fishing.SustainableFishing	Cod Table region	Began sustainable fishing practices in the Cod Table region in February 2035 and continued sustainable fishing in the Cod Table region in March, April, May, and June 2035	Wu-Hart__0__0__Haacklee Herald
Wu-Hart	Event.Invest	Safety	Invested in commodity safety in March, April, and June 2035	Wu-Hart__0__0__Haacklee Herald
Wu-Hart	Event.Invest	Tracking systems	Invested in tracking systems in March, May, and June 2035	Wu-Hart__0__0__Haacklee Herald
Wu-Hart	Event.Aid	Marine sanctuary	Provided aid to a marine sanctuary in March, April, and May 2035	Wu-Hart__0__0__Haacklee Herald
Wu-Hart	Event.Transaction	Various companies	Conducted numerous transactions with various companies in April, May, and June 2035	Wu-Hart__0__0__Haacklee Herald
Wu-Hart	Event.Transaction	Floyd-Cantu	Sustainable nets investment	Wu-Hart__0__0__Lomark Daily
Wu-Hart	Event.Transaction	Rosario-Melendez	Sustainable nets investment	Wu-Hart__0__0__Lomark Daily
Wu-Hart	Event.Transaction	Walker, Gonzalez and Blanchard	Sustainable nets investment	Wu-Hart__0__0__Lomark Daily
Wu-Hart	Event.Transaction	Conrad Ltd	Sustainable nets investment	Wu-Hart__0__0__Lomark Daily
Wu-Hart	Event.Transaction	Floyd-Cantu	Transactions	Wu-Hart__0__0__Lomark Daily
Wu-Hart	Event.Transaction	Rosario-Melendez	Transactions	Wu-Hart__0__0__Lomark Daily
Wu-Hart	Event.Transaction	Walker, Gonzalez and Blanchard	Transactions	Wu-Hart__0__0__Lomark Daily
Wu-Hart	Event.Transaction	Conrad Ltd	Transactions	Wu-Hart__0__0__Lomark Daily
Wu-Hart	Event.Invest	Efficiency and Safety	Investment in commodity efficiency and safety	Wu-Hart__0__0__Lomark Daily
Wu-Hart	Event.Aid	Marine Sanctuary	Contributions to marine sanctuary aid	Wu-Hart__0__0__Lomark Daily
Wu-Hart	Event.Transaction	Floyd-Cantu	Transactions	Wu-Hart__0__0__Lomark Daily
Wu-Hart	Event.Transaction	Rosario-Melendez	Transactions	Wu-Hart__0__0__Lomark Daily
Wu-Hart	Event.Transaction	Walker, Gonzalez and Blanchard	Transactions	Wu-Hart__0__0__Lomark Daily
Wu-Hart	Event.Transaction	Conrad Ltd	Transactions	Wu-Hart__0__0__Lomark Daily
Wu-Hart	Event.Invest	Tracking System	Investments in tracking systems	Wu-Hart__0__0__Lomark Daily
Wu-Hart	Event.Aid	Marine Sanctuary	Further support for marine sanctuary aid	Wu-Hart__0__0__Lomark Daily
Wu-Hart	Event.Transaction	Burns Inc	Transactions	Wu-Hart__0__0__Lomark Daily
Wu-Hart	Event.Transaction	Thompson-Padilla	Transactions	Wu-Hart__0__0__Lomark Daily
Wu-Hart	Event.Transaction	Dunn Inc	Transactions	Wu-Hart__0__0__Lomark Daily
Wu-Hart	Event.Transaction	Cooper, Wood and Smith	Transactions	Wu-Hart__0__0__Lomark Daily
Wu-Hart	Event.Invest	Safety	Investments in safety	Wu-Hart__0__0__Lomark Daily
Wu-Hart	Event.Invest	Sustainable Nets	Investments in sustainable nets	Wu-Hart__0__0__Lomark Daily
Wu-Hart	Event.Transaction	Cooper, Holland and Nelson	Transactions	Wu-Hart__0__0__Lomark Daily
Wu-Hart	Event.Transaction	Arell		Wu-Hart__0__0__Lomark Daily
Paackland	event.certificateissued	Wu-Hart Fishing Company	certificates issued on February 16th	Wu-Hart__0__0__The News Buoy
Himark	event.certificateissued	Wu-Hart Fishing Company	certificates issued on February 16th	Wu-Hart__0__0__The News Buoy
Wu-Hart Fishing Company	event.invest	Safety commodities and tracking systems		Wu-Hart__0__0__The News Buoy
Wu-Hart Fishing Company	event.aid	marine sanctuaries		Wu-Hart__0__0__The News Buoy
Wu-Hart Fishing Company	event.fishing.sustainablefishing	engagements in Cod Table		Wu-Hart__0__0__The News Buoy
Wu-Hart Fishing Company	event.transaction	Martin LLC		Wu-Hart__0__0__The News Buoy
Wu-Hart Fishing Company	event.transaction	Ellis-Hunter		Wu-Hart__0__0__The News Buoy
Wu-Hart Fishing Company	event.communication.conference	industry peers		Wu-Hart__0__0__The News Buoy
Wu-Hart Fishing Company	event.criticize	overfishing		Wu-Hart__0__0__The News Buoy
Wu-Hart Fishing Company	event.fishing.sustainablefishing	model for environmentally responsible fishing practices		Wu-Hart__0__0__The News Buoy
York-Castillo	Event.Invest	Efficiency	commitment to sustainable and environmentally friendly fishing practices, investing in efficient sustainable nets, tracking systems, and providing aid to local marine sanctuaries, working towards reducing its carbon footprint	York-Castillo__0__0__Haacklee Herald
York-Castillo	Event.Transaction	Payne Group	signed multiple transactions with companies	York-Castillo__0__0__Haacklee Herald
York-Castillo	Event.Transaction	Olson and Sons	signed multiple transactions with companies	York-Castillo__0__0__Haacklee Herald
York-Castillo	Event.Transaction	Lee-Smith	signed multiple transactions with companies	York-Castillo__0__0__Haacklee Herald
York-Castillo	Event.Transaction	Glover, Moran and Johnson	signed multiple transactions with companies	York-Castillo__0__0__Haacklee Herald
York-Castillo	Event.Communication.Conference	Collins, Johnson and Lloyd	discussed the importance of sustainable fishing with other industry leaders	York-Castillo__0__0__Haacklee Herald
York-Castillo	Event.Communication.Conference	Horn and Sons	discussed the importance of sustainable fishing with other industry leaders	York-Castillo__0__0__Haacklee Herald
York-Castillo	Event.Communication.Conference	Payne Group	discussed the importance of sustainable fishing with other industry leaders	York-Castillo__0__0__Haacklee Herald
York-Castillo	Event.Invest	Technologies	investing in new technologies, such as efficient fishing gear, to ensure sustainable and environmentally friendly fishing practices	York-Castillo__0__0__Haacklee Herald
York-Castillo	Event.Invest	Efficiency	invests in sustainable fishing	York-Castillo__0__0__Lomark Daily
York-Castillo	Event.Aid	Marine Sanctuary	has given $10,000 to a local marine sanctuary as aid	York-Castillo__0__0__Lomark Daily
York-Castillo	Event.Transaction	Cervantes-Kramer	signed multiple fishing transactions with Cervantes-Kramer and other fishing and logistics companies	York-Castillo__0__0__Lomark Daily
York-Castillo	Event.Invest	Efficiency	investing in efficient sustainable nets, and tracking system	York-Castillo__0__0__The News Buoy
York-Castillo	Event.Aid	Local Marine Sanctuary	given $2000 to Local marine sanctuary as aid	York-Castillo__0__0__The News Buoy
York-Castillo	Event.Transaction	Cervantes-Kramer	signed multiple fishing transactions with Cervantes-Kramer and other fishing companies	York-Castillo__0__0__The News Buoy
York-Castillo	Event.Fishing	City Of Lomark	applauded for its commitment to sustainable and environment friendly fishing	York-Castillo__0__0__The News Buoy
York-Castillo	Event.Fishing	City Of South Paackland	applauded for its commitment to sustainable and environment friendly fishing	York-Castillo__0__0__The News Buoy
York-Castillo	Event.CertificateIssued	City Of Lomark	approved allowed to do fishing in Wrasse Beds, Tuna Shelf, Cod Table using their vessels	York-Castillo__0__0__The News Buoy
York-Castillo	Event.CertificateIssued	City Of South Paackland	approved allowed to do fishing in Wrasse Beds, Tuna Shelf, Cod Table using their vessels	York-Castillo__0__0__The News Buoy
