source	type	target	context	_articleid	new_type	source_len	target_len	source_type	target_type	close_source_name	close_target_name	close_source_score	close_target_score
alvarez plc	Event.Aid	marine_sanctuary	Aid to preserve vital ecosystems	Alvarez PLC__0__0__Haacklee Herald	Positive	11	16	Entity.Organization.FishingCompany		alvarez plc	marine_sanctuary	0	1
alvarez plc	Event.Invest	efficiency	Strategic investments in efficiency and safety commodities	Alvarez PLC__0__0__Haacklee Herald	Positive	11	10	Entity.Organization.FishingCompany	Entity.Commodity	alvarez plc	efficiency	0	0
alvarez plc	Event.Invest	safety	Strategic investments in efficiency and safety commodities	Alvarez PLC__0__0__Haacklee Herald	Neutral	11	6	Entity.Organization.FishingCompany	Entity.Commodity	alvarez plc	safety	0	0
alvarez plc	Event.Invest	sustainable_nets	Development of sustainable nets	Alvarez PLC__0__0__Haacklee Herald	Positive	11	16	Entity.Organization.FishingCompany	Entity.Commodity	alvarez plc	sustainable_nets	0	0
alvarez plc	Event.Invest	tracking_system	Development of tracking systems	Alvarez PLC__0__0__Haacklee Herald	Neutral	11	15	Entity.Organization.FishingCompany	Entity.Commodity	alvarez plc	tracking_system	0	0
alvarez plc	Event.Communication.Conference	clements, allen and sullivan	Participation in conferences alongside industry peers	Alvarez PLC__0__0__Haacklee Herald	Positive	11	28	Entity.Organization.FishingCompany	Entity.Organization.FishingCompany	alvarez plc	clements, allen and sullivan	0	0
alvarez plc	Event.Communication.Conference	franco-stuart	Participation in conferences alongside industry peers	Alvarez PLC__0__0__Haacklee Herald	Neutral	11	13	Entity.Organization.FishingCompany	Entity.Organization.FishingCompany	alvarez plc	franco-stuart	0	0
alvarez plc	Event.Aid	marine_sanctuary	Actively supported marine sanctuary initiatives	Alvarez PLC__0__0__Haacklee Herald	Positive	11	16	Entity.Organization.FishingCompany		alvarez plc	marine_sanctuary	0	1
alvarez plc	Event.Transaction	barnett ltd	Collaborations and transactions	Alvarez PLC__0__0__Haacklee Herald	Positive	11	11	Entity.Organization.FishingCompany	Entity.Organization.FishingCompany	alvarez plc	barnett ltd	0	0
alvarez plc	Event.Transaction	cain, simpson and hernandez	Collaborations and transactions	Alvarez PLC__0__0__Haacklee Herald	Positive	11	28	Entity.Organization.FishingCompany		alvarez plc	cain, simpson and hernandez	0	1
alvarez plc	Event.Transaction	maldonado, sanchez and jones	Collaborations and transactions	Alvarez PLC__0__0__Haacklee Herald	Positive	11	29	Entity.Organization.FishingCompany		alvarez plc	maldonado, sanchez and jones	0	1
alvarez plc	Event.Transaction	johnson-johnson	Collaborations and transactions	Alvarez PLC__0__0__Haacklee Herald	Neutral	11	15	Entity.Organization.FishingCompany	Entity.Organization.Company	alvarez plc	johnson-johnson	0	0
alvarez plc	Event.Aid	marine_sanctuary	As of July 2035 it has given $2000 to a local marine sanctuary as aid	Alvarez PLC__0__0__Lomark Daily	Positive	11	16	Entity.Organization.FishingCompany		alvarez plc	marine_sanctuary	0	1
alvarez plc	Event.Invest	efficient sustainable nets	The company has been investing in efficient sustainable nets	Alvarez PLC__0__0__Lomark Daily	Positive	11	26	Entity.Organization.FishingCompany		alvarez plc	sustainable_nets	0	11
alvarez plc	Event.Invest	tracking_system	The company has been investing in a new tracking system	Alvarez PLC__0__0__Lomark Daily	Positive	11	15	Entity.Organization.FishingCompany		alvarez plc	tracking_system	0	1
alvarez plc	Event.Transaction	eaton-osborne	It has also signed multiple fishing transactions with Eaton-Osborne	Alvarez PLC__0__0__Lomark Daily	Positive	11	13	Entity.Organization.FishingCompany		alvarez plc	watson-gray	0	8
alvarez plc	Event.Transaction	york-castillo fishing	It has also signed multiple fishing transactions with York-Castillo fishing	Alvarez PLC__0__0__Lomark Daily	Positive	11	21	Entity.Organization.FishingCompany		alvarez plc	york-castillo	0	8
alvarez plc	Event.Transaction	several logistics companies	It has also signed multiple fishing transactions with several logistics companies	Alvarez PLC__0__0__Lomark Daily	Positive	11	27	Entity.Organization.FishingCompany		alvarez plc	irtysh creek logistics inc	0	18
alvarez plc	Event.Fishing	cervantes-kramer	Cervantes-Kramer is a local fishing company with long-standing permits for fishing in the Wrasse Beds area	Alvarez PLC__0__0__Lomark Daily	Neutral	11	16	Entity.Organization.FishingCompany	Entity.Organization.FishingCompany	alvarez plc	cervantes-kramer	0	0
alvarez plc	Event.Collaborationpartners	cervantes-kramer	Cervantes-Kramer is a local fishing company with long-standing permits for fishing in the Wrasse Beds area	Alvarez PLC__0__0__Lomark Daily	Neutral	11	16	Entity.Organization.FishingCompany	Entity.Organization.FishingCompany	alvarez plc	cervantes-kramer	0	0
alvarez plc	Event.Fishing.Sustainablefishing	environmentally friendly fishing	The company is committed to sustainable and environmentally friendly fishing	Alvarez PLC__0__0__Lomark Daily	Positive	11	32	Entity.Organization.FishingCompany		alvarez plc	tainamarine fishing co	0	21
alvarez plc	Event.Transaction	eaton-osborne	signed multiple fishing transactions with reputed companies like Eaton-Osborne and York-Castillo fishing and logistics companies	Alvarez PLC__0__0__The News Buoy	Neutral	11	13	Entity.Organization.FishingCompany		alvarez plc	watson-gray	0	8
alvarez plc	Event.Transaction	york-castillo fishing	signed multiple fishing transactions with reputed companies like Eaton-Osborne and York-Castillo fishing and logistics companies	Alvarez PLC__0__0__The News Buoy	Positive	11	21	Entity.Organization.FishingCompany		alvarez plc	york-castillo	0	8
alvarez plc	Event.Aid	local marine sanctuary	given $2000 to local marine sanctuary as aid	Alvarez PLC__0__0__The News Buoy	Neutral	11	22	Entity.Organization.FishingCompany		alvarez plc	marine_sanctuary	0	7
alvarez plc	Event.Invest	efficient fishing gear	been investing in efficient fishing gear to increase its catch while minimizing bycatch	Alvarez PLC__0__0__The News Buoy	Neutral	11	22	Entity.Organization.FishingCompany		alvarez plc	efficiency	0	14
alvarez plc	Event.Invest	fleet of vessels	investing in its fleet of vessels, with a recent investment of $1 million in a new vessel, the Alvarez PLC-1	Alvarez PLC__0__0__The News Buoy	Neutral	11	16	Entity.Organization.FishingCompany		alvarez plc	tuna shelf	0	11
alvarez plc	Event.Invest	new vessel alvarez plc-1	recent investment of $1 million in a new vessel, the Alvarez PLC-1 equipped with the latest technology	Alvarez PLC__0__0__The News Buoy	Positive	11	24	Entity.Organization.FishingCompany		alvarez plc	alvarez plc	0	13
alvarez plc	Event.Invest	state-of-the-art tracking system	new vessel, the Alvarez PLC-1 equipped with a state-of-the-art tracking system to ensure the safety and efficiency of its fishing operations	Alvarez PLC__0__0__The News Buoy	Positive	11	32	Entity.Organization.FishingCompany		alvarez plc	tracking_system	0	18
alvarez plc	Event.Invest	sustainable_nets	recent investments in sustainable nets and commodities	Alvarez PLC__0__1__Haacklee Herald	Positive	11	16	Entity.Organization.FishingCompany	Entity.Commodity	alvarez plc	sustainable_nets	0	0
alvarez plc	Event.Aid	local marine sanctuary	invested $2000 in the Local marine sanctuary	Alvarez PLC__0__1__Haacklee Herald	Positive	11	22	Entity.Organization.FishingCompany		alvarez plc	marine_sanctuary	0	7
alvarez plc	Event.Transaction	eaton-osborne	entered into multiple transactions with Eaton-Osborne	Alvarez PLC__0__1__Haacklee Herald	Positive	11	13	Entity.Organization.FishingCompany		alvarez plc	watson-gray	0	8
alvarez plc	Event.Transaction	york-castillo	entered into multiple transactions with York-Castillo	Alvarez PLC__0__1__Haacklee Herald	Positive	11	13	Entity.Organization.FishingCompany	Entity.Organization.FishingCompany	alvarez plc	york-castillo	0	0
alvarez plc	Event.Transaction	sanchez-moreno	acquisition of Sanchez-Moreno	Alvarez PLC__0__1__Haacklee Herald	Positive	11	14	Entity.Organization.FishingCompany	Entity.Organization.FishingCompany	alvarez plc	sanchez-moreno	0	0
alvarez plc	Event.Transaction	frey inc	acquisition of Frey Inc.	Alvarez PLC__0__1__Haacklee Herald	Negative	11	9	Entity.Organization.FishingCompany		alvarez plc	frey inc	0	1
alvarez plc	Event.Communication.Conference	alvarez plc	participating in conferences and events in July 2035	Alvarez PLC__0__1__Haacklee Herald	Negative	11	11	Entity.Organization.FishingCompany	Entity.Organization.FishingCompany	alvarez plc	alvarez plc	0	0
alvarez plc	Event.Communication.Conference	alvarez plc	showcased commitment to sustainable fishing in July 2035	Alvarez PLC__0__1__Haacklee Herald	Negative	11	11	Entity.Organization.FishingCompany	Entity.Organization.FishingCompany	alvarez plc	alvarez plc	0	0
alvarez plc	Event.Owns.Partiallyowns	ramos-shelton	representatives, including Ramos-Shelton, have been vocal about sustainable fishing practices	Alvarez PLC__0__1__Haacklee Herald	Negative	11	13	Entity.Organization.FishingCompany	Entity.Organization.FishingCompany	alvarez plc	ramos-shelton	0	0
alvarez plc	Event.Owns.Partiallyowns	solis-lopez	representatives, including Solis-Lopez, have been vocal about sustainable fishing practices	Alvarez PLC__0__1__Haacklee Herald	Positive	11	11	Entity.Organization.FishingCompany	Entity.Organization.FishingCompany	alvarez plc	solis-lopez	0	0
alvarez plc	Event.Invest	tracking_system	Alvarez PLCs investment in a tracking system, implemented on May 31, 2035	Alvarez PLC__0__1__Lomark Daily	Positive	11	15	Entity.Organization.FishingCompany	Entity.Commodity	alvarez plc	tracking_system	0	0
alvarez plc	Event.Aid	marine_sanctuary	Alvarez PLCs dedication to marine conservation is evident in its aid to a marine sanctuary on July 30, 2035	Alvarez PLC__0__1__Lomark Daily	Positive	11	16	Entity.Organization.FishingCompany	Entity.Organization	alvarez plc	marine_sanctuary	0	0
alvarez plc	Event.Communication.Conference	clements, allen and sullivan	Collaboration plays a pivotal role in Alvarez PLCs sustainability efforts, with participation in conferences serving as a platform for knowledge exchange and innovation	Alvarez PLC__0__1__Lomark Daily	Positive	11	29	Entity.Organization.FishingCompany		alvarez plc	clements, allen and sullivan	0	1
alvarez plc	Event.Communication.Conference	franco-stuart	Collaboration plays a pivotal role in Alvarez PLCs sustainability efforts, with participation in conferences serving as a platform for knowledge exchange and innovation	Alvarez PLC__0__1__Lomark Daily	Positive	11	13	Entity.Organization.FishingCompany	Entity.Organization.FishingCompany	alvarez plc	franco-stuart	0	0
alvarez plc	Event.Transaction	barnett ltd	Notable transactions include partnerships with Barnett Ltd	Alvarez PLC__0__1__Lomark Daily	Positive	11	11	Entity.Organization.FishingCompany	Entity.Organization.FishingCompany	alvarez plc	barnett ltd	0	0
alvarez plc	Event.Transaction	cain, simpson and hernandez	Notable transactions include partnerships with Cain, Simpson, and Hernandez	Alvarez PLC__0__1__Lomark Daily	Positive	11	28	Entity.Organization.FishingCompany		alvarez plc	cain, simpson and hernandez	0	1
alvarez plc	Event.Criticize	weather trends	However, weather trends continue to pose challenges to fishing operations, with fluctuating conditions impacting productivity and safety	Alvarez PLC__0__1__Lomark Daily	Neutral	11	14	Entity.Organization.FishingCompany		alvarez plc	wrasse beds	0	7
alvarez plc	Event.Applaud	jake sullivan	Local fisherman Jake Sullivan, who has witnessed the evolution of fishing practices firsthand, applauds Alvarez PLCs commitment to sustainability	Alvarez PLC__0__1__Lomark Daily	Neutral	11	13	Entity.Organization.FishingCompany		alvarez plc	paul inc	0	9
alvarez plc	Event.Fishing	himark	Fishing activities primarily take place in designated areas such as Himark	Alvarez PLC__0__1__Lomark Daily	Neutral	11	6	Entity.Organization.FishingCompany		alvarez plc	wu-hart	0	5
alvarez plc	Event.Fishing	centralia	Fishing activities primarily take place in designated areas such as Centralia	Alvarez PLC__0__1__Lomark Daily	Positive	11	9	Entity.Organization.FishingCompany		alvarez plc	conrad ltd	0	6
alvarez plc	Event.Fishing	sustainability	where Alvarez PLC operates with a focus on sustainability	Alvarez PLC__0__1__Lomark Daily	Positive	11	14	Entity.Organization.FishingCompany		alvarez plc	sustainable_nets	0	6
alvarez plc	Event.Fishing	challenges	weather trends continue to pose challenges to fishing operations, with fluctuating conditions impacting productivity and safety	Alvarez PLC__0__1__Lomark Daily	Positive	11	10	Entity.Organization.FishingCompany		alvarez plc	allen-weiss	0	6
alvarez plc	Event.Fishing	adaptation	Despite these challenges, Alvarez PLC remains dedicated to adapting to changing environmental conditions and mitigating risks to ensure the sustainability of its practices	Alvarez PLC__0__1__Lomark Daily	Positive	11	10	Entity.Organization.FishingCompany		alvarez plc	clark-leon	0	7
alvarez plc	Event.Aid	marine_sanctuary	donated $2000 to local marine sanctuary as aid	Alvarez PLC__0__1__The News Buoy	Positive	11	16	Entity.Organization.FishingCompany		alvarez plc	marine_sanctuary	0	1
alvarez plc	Event.Transaction	evans ltd	actively involved in various transactions with Evans Ltd	Alvarez PLC__0__1__The News Buoy	Positive	11	9	Entity.Organization.FishingCompany	Entity.Organization.Company	alvarez plc	evans ltd	0	0
alvarez plc	Event.Communication.Conference	rasmussen, nelson and king	actively participating in conferences and events with Rasmussen, Nelson and King	Alvarez PLC__0__1__The News Buoy	Positive	11	26	Entity.Organization.FishingCompany	Entity.Organization.FishingCompany	alvarez plc	rasmussen, nelson and king	0	0
alvarez plc	Event.Invest	safety	investing in commodities that promote safety, such as safety nets	Alvarez PLC__0__1__The News Buoy	Positive	11	6	Entity.Organization.FishingCompany	Entity.Commodity	alvarez plc	safety	0	0
anderson, brown and green	Event.Transaction	various other fishing companies	involved in several transactions with various other fishing companies	Anderson, Brown and Green__0__0__Haacklee Herald	Positive	25	31	Entity.Organization.FishingCompany		anderson, brown and green	tainamarine fishing co	0	17
anderson, brown and green	Event.Invest	efficient sustainable nets and tracking systems	invested in efficient sustainable nets and tracking systems to improve its already well-respected reputation	Anderson, Brown and Green__0__0__Haacklee Herald	Positive	25	47	Entity.Organization.FishingCompany		anderson, brown and green	sustainable_nets	0	32
anderson, brown and green	Event.Fishing.Sustainablefishing	latest sustainable fishing practices	shown interest in adopting the latest sustainable fishing practices	Anderson, Brown and Green__0__0__Haacklee Herald	Neutral	25	36	Entity.Organization.FishingCompany		anderson, brown and green	sustainable_nets	0	22
anderson, brown and green	Event.Aid	local marine sanctuary	donating to the local marine sanctuary to help develop student programs	Anderson, Brown and Green__0__0__Haacklee Herald	Positive	25	22	Entity.Organization.FishingCompany		anderson, brown and green	marine_sanctuary	0	7
anderson, brown and green	Event.Communication.Conference	wrasse beds	participated in conferences aimed at discussing the importance of sustainable fishing	Anderson, Brown and Green__0__0__Lomark Daily	Neutral	25	11	Entity.Organization.FishingCompany	Entity.Location.Region	anderson, brown and green	wrasse beds	0	0
anderson, brown and green	Event.Invest	efficiency	investments in commodity safety and efficiency	Anderson, Brown and Green__0__0__Lomark Daily	Neutral	25	10	Entity.Organization.FishingCompany	Entity.Commodity	anderson, brown and green	efficiency	0	0
anderson, brown and green	Event.Transaction	perez-harmon	engaged in transactions with Perez-Harmon	Anderson, Brown and Green__0__0__Lomark Daily	Positive	25	12	Entity.Organization.FishingCompany	Entity.Organization.Company	anderson, brown and green	perez-harmon	0	0
anderson, brown and green	Event.Transaction	bryant, macdonald and howard	engaged in transactions with Bryant, Macdonald and Howard	Anderson, Brown and Green__0__0__Lomark Daily	Positive	25	28	Entity.Organization.FishingCompany	Entity.Organization.Company	anderson, brown and green	bryant, macdonald and howard	0	0
anderson, brown and green	Event.Transaction	paul inc	engaged in transactions with Paul Inc	Anderson, Brown and Green__0__0__Lomark Daily	Positive	25	8	Entity.Organization.FishingCompany	Entity.Organization.Company	anderson, brown and green	paul inc	0	0
anderson, brown and green	Event.Aid	marine_sanctuary	aiding marine sanctuaries	Anderson, Brown and Green__0__0__Lomark Daily	Positive	25	16	Entity.Organization.FishingCompany		anderson, brown and green	marine_sanctuary	0	1
anderson, brown and green	Event.Invest	safety	investments in commodity safety and efficiency	Anderson, Brown and Green__0__0__Lomark Daily	Positive	25	6	Entity.Organization.FishingCompany	Entity.Commodity	anderson, brown and green	safety	0	0
anderson, brown and green	Event.Communication.Conference	mission	speaking on the companys mission	Anderson, Brown and Green__0__0__Lomark Daily	Positive	25	7	Entity.Organization.FishingCompany		anderson, brown and green	moore-simon	0	6
anderson, brown and green	Event.Invest	sustainable_nets	investments in sustainable nets	Anderson, Brown and Green__0__0__Lomark Daily	Positive	25	16	Entity.Organization.FishingCompany	Entity.Commodity	anderson, brown and green	sustainable_nets	0	0
anderson, brown and green	Event.Transaction	perez-harmon	transactions with Perez-Harmon	Anderson, Brown and Green__0__0__Lomark Daily	Neutral	25	12	Entity.Organization.FishingCompany	Entity.Organization.Company	anderson, brown and green	perez-harmon	0	0
anderson, brown and green	Event.Transaction	bryant, macdonald and howard	transactions with Bryant, Macdonald and Howard	Anderson, Brown and Green__0__0__Lomark Daily	Positive	25	28	Entity.Organization.FishingCompany	Entity.Organization.Company	anderson, brown and green	bryant, macdonald and howard	0	0
anderson, brown and green	Event.Transaction	paul inc	transactions with Paul Inc	Anderson, Brown and Green__0__0__Lomark Daily	Negative	25	8	Entity.Organization.FishingCompany	Entity.Organization.Company	anderson, brown and green	paul inc	0	0
anderson, brown and green	Event.Aid	marine_sanctuary	aid to a marine sanctuary on February 5, 2035	Anderson, Brown and Green__0__0__The News Buoy	Negative	25	16	Entity.Organization.FishingCompany		anderson, brown and green	marine_sanctuary	0	1
anderson, brown and green	Event.Communication.Conference	harrell-walters	conferences with Harrell-Walters on February 5, 2035	Anderson, Brown and Green__0__0__The News Buoy	Positive	25	15	Entity.Organization.FishingCompany	Entity.Organization.FishingCompany	anderson, brown and green	harrell-walters	0	0
anderson, brown and green	Event.Communication.Conference	floyd-cantu	conferences with Floyd-Cantu on February 5, 2035	Anderson, Brown and Green__0__0__The News Buoy	Negative	25	11	Entity.Organization.FishingCompany	Entity.Organization.FishingCompany	anderson, brown and green	floyd-cantu	0	0
anderson, brown and green	Event.Transaction	alvarez plc	partnerships with Alvarez PLC	Anderson, Brown and Green__0__0__The News Buoy	Negative	25	11	Entity.Organization.FishingCompany	Entity.Organization.FishingCompany	anderson, brown and green	alvarez plc	0	0
anderson, brown and green	Event.Transaction	bowers group	partnerships with Bowers Group	Anderson, Brown and Green__0__0__The News Buoy	Positive	25	12	Entity.Organization.FishingCompany	Entity.Organization.FishingCompany	anderson, brown and green	bowers group	0	0
anderson, brown and green	Event.Transaction	murray, friedman and wall	partnerships with Murray, Friedman, and Wall	Anderson, Brown and Green__0__0__The News Buoy	Positive	25	26	Entity.Organization.FishingCompany		anderson, brown and green	murray, friedman and wall	0	1
anderson, brown and green	Event.Invest	efficiency	focus on efficiency	Anderson, Brown and Green__0__0__The News Buoy	Positive	25	10	Entity.Organization.FishingCompany	Entity.Commodity	anderson, brown and green	efficiency	0	0
anderson, brown and green	Event.Invest	safety	focus on safety	Anderson, Brown and Green__0__0__The News Buoy	Positive	25	6	Entity.Organization.FishingCompany	Entity.Commodity	anderson, brown and green	safety	0	0
anderson, brown and green	Event.Invest	sustainable_nets	focus on sustainable nets	Anderson, Brown and Green__0__0__The News Buoy	Positive	25	16	Entity.Organization.FishingCompany	Entity.Commodity	anderson, brown and green	sustainable_nets	0	0
anderson, brown and green	Event.Fishing	wrasse beds	fishing activities in Wrasse Beds with a focus on sustainable fishing techniques	Anderson, Brown and Green__0__0__The News Buoy	Positive	25	11	Entity.Organization.FishingCompany	Entity.Location.Region	anderson, brown and green	wrasse beds	0	0
anderson, brown and green	Event.Criticize	weather trends	weather trends impacting fishing operations	Anderson, Brown and Green__0__0__The News Buoy	Positive	25	14	Entity.Organization.FishingCompany		anderson, brown and green	wrasse beds	0	7
anderson, brown and green	Event.Applaud	ethan fisher	commendation from local fisherman Ethan Fisher for proactive steps in protecting oceans and fisheries	Anderson, Brown and Green__0__0__The News Buoy	Negative	25	12	Entity.Organization.FishingCompany		anderson, brown and green	tuna shelf	0	8
anderson, brown and green	Event.Transaction	glover, moran and johnson	acquiring shares in various fishing and logistics companies	Anderson, Brown and Green__0__1__Haacklee Herald	Negative	25	25	Entity.Organization.FishingCompany	Entity.Organization.FishingCompany	anderson, brown and green	glover, moran and johnson	0	0
anderson, brown and green	Event.Transaction	jones, davis and grant	acquiring shares in various fishing and logistics companies	Anderson, Brown and Green__0__1__Haacklee Herald	Negative	25	22	Entity.Organization.FishingCompany	Entity.Organization.FishingCompany	anderson, brown and green	jones, davis and grant	0	0
anderson, brown and green	Event.Transaction	allen-weiss	acquiring shares in various fishing and logistics companies	Anderson, Brown and Green__0__1__Haacklee Herald	Negative	25	11	Entity.Organization.FishingCompany	Entity.Organization.Company	anderson, brown and green	allen-weiss	0	0
anderson, brown and green	Event.Transaction	paul inc	acquiring shares in various fishing and logistics companies	Anderson, Brown and Green__0__1__Haacklee Herald	Negative	25	8	Entity.Organization.FishingCompany	Entity.Organization.Company	anderson, brown and green	paul inc	0	0
anderson, brown and green	Event.Transaction	coleman, nelson and garcia	acquiring shares in various fishing and logistics companies	Anderson, Brown and Green__0__1__Haacklee Herald	Positive	25	26	Entity.Organization.FishingCompany	Entity.Organization.Company	anderson, brown and green	coleman, nelson and garcia	0	0
anderson, brown and green	Event.Transaction	brown, clarke and martinez	acquiring shares in various fishing and logistics companies	Anderson, Brown and Green__0__1__Haacklee Herald	Neutral	25	26	Entity.Organization.FishingCompany	Entity.Organization.FishingCompany	anderson, brown and green	brown, clarke and martinez	0	0
anderson, brown and green	Event.Invest	safety	investing in various commodities	Anderson, Brown and Green__0__1__Haacklee Herald	Positive	25	6	Entity.Organization.FishingCompany	Entity.Commodity	anderson, brown and green	safety	0	0
anderson, brown and green	Event.Invest	efficiency	investing in various commodities	Anderson, Brown and Green__0__1__Haacklee Herald	Neutral	25	10	Entity.Organization.FishingCompany	Entity.Commodity	anderson, brown and green	efficiency	0	0
anderson, brown and green	Event.Invest	sustainable_nets	investing in various commodities	Anderson, Brown and Green__0__1__Haacklee Herald	Neutral	25	16	Entity.Organization.FishingCompany	Entity.Commodity	anderson, brown and green	sustainable_nets	0	0
anderson, brown and green	Event.Aid	local marine sanctuaries	investing in local marine sanctuaries	Anderson, Brown and Green__0__1__Haacklee Herald	Positive	25	24	Entity.Organization.FishingCompany		anderson, brown and green	marine_sanctuary	0	10
anderson, brown and green	Event.Invest	efficiency	commitment to sustainable and environmentally friendly fishing practices by investing in efficient sustainable nets and tracking systems	Anderson, Brown and Green__0__1__Lomark Daily	Neutral	25	10	Entity.Organization.FishingCompany	Entity.Commodity	anderson, brown and green	efficiency	0	0
anderson, brown and green	Event.Aid	marine_sanctuary	donated thousands of dollars to a local marine sanctuary, demonstrating its dedication to preserving the marine environment	Anderson, Brown and Green__0__1__Lomark Daily	Positive	25	16	Entity.Organization.FishingCompany		anderson, brown and green	marine_sanctuary	0	1
anderson, brown and green	Event.Transaction	haney group	partnered with reputable companies such as Haney Group	Anderson, Brown and Green__0__1__Lomark Daily	Neutral	25	11	Entity.Organization.FishingCompany	Entity.Organization.Company	anderson, brown and green	haney group	0	0
anderson, brown and green	Event.Transaction	evans-pearson	partnered with reputable companies such as Evans-Pearson	Anderson, Brown and Green__0__1__Lomark Daily	Positive	25	13	Entity.Organization.FishingCompany	Entity.Organization.FishingCompany	anderson, brown and green	evans-pearson	0	0
anderson, brown and green	Event.Transaction	evans-pearson	partnered with reputable companies such as Evans-Pearson	Anderson, Brown and Green__0__1__The News Buoy	Positive	25	13	Entity.Organization.FishingCompany	Entity.Organization.FishingCompany	anderson, brown and green	evans-pearson	0	0
anderson, brown and green	Event.Transaction	evans-pearson	partnered with reputable companies such as Evans-Pearson	Anderson, Brown and Green__0__1__The News Buoy	Positive	25	13	Entity.Organization.FishingCompany	Entity.Organization.FishingCompany	anderson, brown and green	evans-pearson	0	0
anderson, brown and green	Event.Transaction	evans-pearson	partnered with reputable companies such as Evans-Pearson	Anderson, Brown and Green__0__1__The News Buoy	Positive	25	13	Entity.Organization.FishingCompany	Entity.Organization.FishingCompany	anderson, brown and green	evans-pearson	0	0
anderson, brown and green	Event.Transaction	evans-pearson	partnered with reputable companies such as Evans-Pearson	Anderson, Brown and Green__0__1__The News Buoy	Positive	25	13	Entity.Organization.FishingCompany	Entity.Organization.FishingCompany	anderson, brown and green	evans-pearson	0	0
anderson, brown and green	Event.Transaction	evans-pearson	partnered with reputable companies such as Evans-Pearson	Anderson, Brown and Green__0__1__The News Buoy	Neutral	25	13	Entity.Organization.FishingCompany	Entity.Organization.FishingCompany	anderson, brown and green	evans-pearson	0	0
anderson, brown and green	Event.Transaction	evans-pearson	partnered with reputable companies such as Evans-Pearson	Anderson, Brown and Green__0__1__The News Buoy	Positive	25	13	Entity.Organization.FishingCompany	Entity.Organization.FishingCompany	anderson, brown and green	evans-pearson	0	0
anderson, brown and green	Event.Transaction	evans-pearson	partnered with reputable companies such as Evans-Pearson	Anderson, Brown and Green__0__1__The News Buoy	Positive	25	13	Entity.Organization.FishingCompany	Entity.Organization.FishingCompany	anderson, brown and green	evans-pearson	0	0
anderson, brown and green	Event.Transaction	evans-pearson	partnered with reputable companies such as Evans-Pearson	Anderson, Brown and Green__0__1__The News Buoy	Positive	25	13	Entity.Organization.FishingCompany	Entity.Organization.FishingCompany	anderson, brown and green	evans-pearson	0	0
anderson, brown and green	Event.Transaction	evans-pearson	partnered with reputable companies such as Evans-Pearson	Anderson, Brown and Green__0__1__The News Buoy	Positive	25	13	Entity.Organization.FishingCompany	Entity.Organization.FishingCompany	anderson, brown and green	evans-pearson	0	0
anderson, brown and green	Event.Transaction	evans-pearson	partnered with reputable companies such as Evans-Pearson	Anderson, Brown and Green__0__1__The News Buoy	Positive	25	13	Entity.Organization.FishingCompany	Entity.Organization.FishingCompany	anderson, brown and green	evans-pearson	0	0
anderson, brown and green	Event.Transaction	evans-pearson	partnered with reputable companies such as Evans-Pearson	Anderson, Brown and Green__0__1__The News Buoy	Neutral	25	13	Entity.Organization.FishingCompany	Entity.Organization.FishingCompany	anderson, brown and green	evans-pearson	0	0
anderson, brown and green	Event.Transaction	evans-pearson	partnered with reputable companies such as Evans-Pearson	Anderson, Brown and Green__0__1__The News Buoy	Neutral	25	13	Entity.Organization.FishingCompany	Entity.Organization.FishingCompany	anderson, brown and green	evans-pearson	0	0
anderson, brown and green	Event.Transaction	evans-pearson	partnered with reputable companies such as Evans-Pearson	Anderson, Brown and Green__0__1__The News Buoy	Neutral	25	13	Entity.Organization.FishingCompany	Entity.Organization.FishingCompany	anderson, brown and green	evans-pearson	0	0
arellano group	Event.Certificateissued	city of south paackland	certificates issued by local authorities in South Paackland	Arellano Group__0__0__Haacklee Herald	Positive	14	23	Entity.Organization.FishingCompany		arellano group	thompson-padilla	0	15
arellano group	Event.Certificateissued	city of port grove	certificates issued by local authorities in Port Grove	Arellano Group__0__0__Haacklee Herald	Positive	14	18	Entity.Organization.FishingCompany		arellano group	montoya group	0	12
arellano group	Event.Invest	efficiency	actively investing in sustainable nets and tracking systems	Arellano Group__0__0__Haacklee Herald	Positive	14	10	Entity.Organization.FishingCompany	Entity.Commodity	arellano group	efficiency	0	0
arellano group	Event.Transaction	underwood inc	Transactions with companies like Underwood Inc	Arellano Group__0__0__Haacklee Herald	Positive	14	13	Entity.Organization.FishingCompany	Entity.Organization.FishingCompany	arellano group	underwood inc	0	0
arellano group	Event.Transaction	murphy, marshall and pope	Transactions with companies like Murphy, Marshall and Pope	Arellano Group__0__0__Haacklee Herald	Positive	14	25	Entity.Organization.FishingCompany	Entity.Organization.FishingCompany	arellano group	murphy, marshall and pope	0	0
arellano group	Event.Aid	marine sanctuary aid	Collaboration with Marine Sanctuary Aid	Arellano Group__0__0__Haacklee Herald	Positive	14	20	Entity.Organization.FishingCompany		arellano group	marine_sanctuary	0	5
arellano group	Event.Communication.Conference	harper inc	attention at conferences, including one attended by Harper Inc	Arellano Group__0__0__Haacklee Herald	Positive	14	10	Entity.Organization.FishingCompany	Entity.Organization.FishingCompany	arellano group	harper inc	0	0
arellano group	Event.Communication.Conference	wilcox-nelson	attention at conferences, including one attended by Wilcox-Nelson	Arellano Group__0__0__Haacklee Herald	Positive	14	13	Entity.Organization.FishingCompany	Entity.Organization.FishingCompany	arellano group	wilcox-nelson	0	0
arellano group	Event.Fishing	jack thompson	Its good to see companies like Arellano Group taking steps to protect our marine resources. Sustainable fishing ensures there will be fish for future generations	Arellano Group__0__0__Haacklee Herald	Positive	14	13	Entity.Organization.FishingCompany		arellano group	rhodes-thompson	0	7
arellano group	Event.Transaction	underwood inc	Transactions with companies like Underwood Inc	Arellano Group__0__0__Haacklee Herald	Positive	14	13	Entity.Organization.FishingCompany	Entity.Organization.FishingCompany	arellano group	underwood inc	0	0
arellano group	Event.Transaction	murphy, marshall and pope	Transactions with companies like Murphy, Marshall and Pope	Arellano Group__0__0__Haacklee Herald	Neutral	14	25	Entity.Organization.FishingCompany	Entity.Organization.FishingCompany	arellano group	murphy, marshall and pope	0	0
arellano group	Event.Invest	safety	ongoing investments in safety and efficiency	Arellano Group__0__0__Haacklee Herald	Positive	14	6	Entity.Organization.FishingCompany	Entity.Commodity	arellano group	safety	0	0
arellano group	Event.Invest	efficiency	investing in commodities for efficiency	Arellano Group__0__0__Lomark Daily	Positive	14	10	Entity.Organization.FishingCompany	Entity.Commodity	arellano group	efficiency	0	0
arellano group	Event.Invest	sustainable_nets	investing in sustainable nets	Arellano Group__0__0__Lomark Daily	Neutral	14	16	Entity.Organization.FishingCompany	Entity.Commodity	arellano group	sustainable_nets	0	0
arellano group	Event.Transaction	cain, simpson and hernandez	transactions with Cain, Simpson and Hernandez	Arellano Group__0__0__Lomark Daily	Neutral	14	27	Entity.Organization.FishingCompany	Entity.Organization.FishingCompany	arellano group	cain, simpson and hernandez	0	0
arellano group	Event.Certificateissued	city of south paackland	acquiring certificates from the City of South Paackland	Arellano Group__0__0__Lomark Daily	Neutral	14	23	Entity.Organization.FishingCompany		arellano group	thompson-padilla	0	15
arellano group	Event.Certificateissued	city of port grove	acquiring certificates from the City of Port Grove	Arellano Group__0__0__Lomark Daily	Positive	14	18	Entity.Organization.FishingCompany		arellano group	montoya group	0	12
arellano group	Event.Transaction	rosario-melendez	transactions with Rosario-Melendez	Arellano Group__0__0__Lomark Daily	Neutral	14	16	Entity.Organization.FishingCompany	Entity.Organization.FishingCompany	arellano group	rosario-melendez	0	0
arellano group	Event.Transaction	martin llc	transactions with Martin LLC	Arellano Group__0__0__Lomark Daily	Neutral	14	10	Entity.Organization.FishingCompany	Entity.Organization.FishingCompany	arellano group	martin llc	0	0
arellano group	Event.Transaction	clarke, scott and sloan	transactions with Clarke, Scott and Sloan	Arellano Group__0__0__Lomark Daily	Positive	14	23	Entity.Organization.FishingCompany	Entity.Organization.FishingCompany	arellano group	clarke, scott and sloan	0	0
arellano group	Event.Transaction	bryant, macdonald and howard	transactions with Bryant, Macdonald and Howard	Arellano Group__0__0__Lomark Daily	Positive	14	28	Entity.Organization.FishingCompany	Entity.Organization.Company	arellano group	bryant, macdonald and howard	0	0
arellano group	Event.Invest	tracking_system	investments in tracking systems	Arellano Group__0__0__Lomark Daily	Neutral	14	15	Entity.Organization.FishingCompany	Entity.Commodity	arellano group	tracking_system	0	0
arellano group	Event.Transaction	walker, gonzalez and blanchard	transactions with Walker, Gonzalez and Blanchard	Arellano Group__0__0__Lomark Daily	Positive	14	30	Entity.Organization.FishingCompany	Entity.Organization.Company	arellano group	walker, gonzalez and blanchard	0	0
arellano group	Event.Transaction	ross-curtis	transactions with Ross-Curtis	Arellano Group__0__0__Lomark Daily	Positive	14	11	Entity.Organization.FishingCompany	Entity.Organization.Company	arellano group	ross-curtis	0	0
arellano group	Event.Aid	marine_sanctuary	providing aid to a marine sanctuary	Arellano Group__0__0__Lomark Daily	Neutral	14	16	Entity.Organization.FishingCompany	Entity.Organization	arellano group	marine_sanctuary	0	0
arellano group	Event.Communication.Conference	smith, smith and barber	participating in conferences with Smith, Smith and Barber	Arellano Group__0__0__Lomark Daily	Positive	14	23	Entity.Organization.FishingCompany	Entity.Organization.FishingCompany	arellano group	smith, smith and barber	0	0
arellano group	Event.Communication.Conference	wilcox-nelson	participating in conferences with Wilcox-Nelson	Arellano Group__0__0__Lomark Daily	Neutral	14	13	Entity.Organization.FishingCompany	Entity.Organization.FishingCompany	arellano group	wilcox-nelson	0	0
arellano group	Event.Transaction	harper inc	transactions with Harper Inc	Arellano Group__0__0__Lomark Daily	Positive	14	10	Entity.Organization.FishingCompany	Entity.Organization.FishingCompany	arellano group	harper inc	0	0
arellano group	Event.Transaction	harrington inc	transactions with Harrington Inc	Arellano Group__0__0__Lomark Daily	Positive	14	14	Entity.Organization.FishingCompany	Entity.Organization.FishingCompany	arellano group	harrington inc	0	0
arellano group	Event.Transaction	lee-smith	transactions with Lee-Smith	Arellano Group__0__0__Lomark Daily	Positive	14	9	Entity.Organization.FishingCompany	Entity.Organization.Company	arellano group	lee-smith	0	0
arellano group	Event.Transaction	ellis-hunter	transactions with Ellis-Hunter	Arellano Group__0__0__Lomark Daily	Positive	14	12	Entity.Organization.FishingCompany	Entity.Organization.Company	arellano group	ellis-hunter	0	0
arellano group	Event.Transaction	cooper, holland and nelson	orchestrated a multitude of transactions	Arellano Group__0__0__The News Buoy	Positive	14	26	Entity.Organization.FishingCompany	Entity.Organization.FishingCompany	arellano group	cooper, holland and nelson	0	0
arellano group	Event.Transaction	klein llc	orchestrated a multitude of transactions	Arellano Group__0__0__The News Buoy	Positive	14	9	Entity.Organization.FishingCompany	Entity.Organization.FishingCompany	arellano group	klein llc	0	0
arellano group	Event.Transaction	franco-stuart	Participation in conferences	Arellano Group__0__0__The News Buoy	Neutral	14	13	Entity.Organization.FishingCompany	Entity.Organization.FishingCompany	arellano group	franco-stuart	0	0
arellano group	Event.Transaction	clark-leon	Participation in conferences	Arellano Group__0__0__The News Buoy	Positive	14	10	Entity.Organization.FishingCompany	Entity.Organization.FishingCompany	arellano group	clark-leon	0	0
arellano group	Event.Certificateissued	tuna shelf	certificates granted to operate in crucial fishing territories	Arellano Group__0__0__The News Buoy	Neutral	14	10	Entity.Organization.FishingCompany	Entity.Location.Region	arellano group	tuna shelf	0	0
arellano group	Event.Certificateissued	cod table	certificates granted to operate in crucial fishing territories	Arellano Group__0__0__The News Buoy	Positive	14	9	Entity.Organization.FishingCompany	Entity.Location.Region	arellano group	cod table	0	0
arellano group	Event.Aid	marine sanctuaries	providing aid to bolster conservation efforts	Arellano Group__0__0__The News Buoy	Positive	14	18	Entity.Organization.FishingCompany		arellano group	marine_sanctuary	0	4
arellano group	Event.Communication.Conference	franco-stuart	Participation in conferences	Arellano Group__0__0__The News Buoy	Positive	14	13	Entity.Organization.FishingCompany	Entity.Organization.FishingCompany	arellano group	franco-stuart	0	0
arellano group	Event.Communication.Conference	clark-leon	Participation in conferences	Arellano Group__0__0__The News Buoy	Positive	14	10	Entity.Organization.FishingCompany	Entity.Organization.FishingCompany	arellano group	clark-leon	0	0
arellano group	Event.Applaud	local representatives	High praise for the Arellano Group initiatives	Arellano Group__0__0__The News Buoy	Positive	14	21	Entity.Organization.FishingCompany		arellano group	ghoti preserve	0	13
arellano group	Event.Criticize	erratic weather patterns	challenges impacting fishing activities	Arellano Group__0__0__The News Buoy	Positive	14	24	Entity.Organization.FishingCompany		arellano group	rivas-stevens	0	17
barnes and sons	Event.Invest	safety and tracking systems	made substantial investments in safety and tracking systems	Barnes and Sons__0__0__Haacklee Herald	Positive	15	27	Entity.Organization.FishingCompany		barnes and sons	tracking_system	0	13
barnes and sons	Event.Communication.Conference	mcgee and sons	participated in conferences with industry peers	Barnes and Sons__0__0__Haacklee Herald	Positive	15	14	Entity.Organization.FishingCompany	Entity.Organization.FishingCompany	barnes and sons	mcgee and sons	0	0
barnes and sons	Event.Communication.Conference	anderson, brown and green	participated in conferences with industry peers	Barnes and Sons__0__0__Haacklee Herald	Positive	15	25	Entity.Organization.FishingCompany	Entity.Organization.FishingCompany	barnes and sons	anderson, brown and green	0	0
barnes and sons	Event.Aid	marine sanctuaries	extended their support to marine sanctuaries	Barnes and Sons__0__0__Haacklee Herald	Positive	15	18	Entity.Organization.FishingCompany		barnes and sons	marine_sanctuary	0	4
barnes and sons	Event.Fishing	tuna shelf and cod table regions	engaged in sustainable fishing practices	Barnes and Sons__0__0__Haacklee Herald	Positive	15	32	Entity.Organization.FishingCompany		barnes and sons	barnes and sons	0	22
barnes and sons	Event.Transaction	jones group	transactions further solidified their position as a trusted partner	Barnes and Sons__0__0__Haacklee Herald	Positive	15	11	Entity.Organization.FishingCompany	Entity.Organization.FishingCompany	barnes and sons	jones group	0	0
barnes and sons	Event.Transaction	cisneros-meyer	transactions further solidified their position as a trusted partner	Barnes and Sons__0__0__Haacklee Herald	Positive	15	14	Entity.Organization.FishingCompany	Entity.Organization.FishingCompany	barnes and sons	cisneros-meyer	0	0
barnes and sons	Event.Transaction	james, bell and chen	transactions further solidified their position as a trusted partner	Barnes and Sons__0__0__Haacklee Herald	Neutral	15	20	Entity.Organization.FishingCompany	Entity.Organization.Company	barnes and sons	james, bell and chen	0	0
barnes and sons	Event.Transaction	martinez, willis and barr	transactions further solidified their position as a trusted partner	Barnes and Sons__0__0__Haacklee Herald	Neutral	15	25	Entity.Organization.FishingCompany	Entity.Organization.Company	barnes and sons	martinez, willis and barr	0	0
barnes and sons	Event.Communication.Conference	turner-green	participated in conferences	Barnes and Sons__0__0__Haacklee Herald	Negative	15	12	Entity.Organization.FishingCompany	Entity.Organization.FishingCompany	barnes and sons	turner-green	0	0
barnes and sons	Event.Communication.Conference	olsen group	participated in conferences	Barnes and Sons__0__0__Haacklee Herald	Negative	15	11	Entity.Organization.FishingCompany	Entity.Organization.FishingCompany	barnes and sons	olsen group	0	0
barnes and sons	Event.Transaction	collins, johnson and lloyd	participated in transactions	Barnes and Sons__0__0__Haacklee Herald	Negative	15	26	Entity.Organization.FishingCompany	Entity.Organization.FishingCompany	barnes and sons	collins, johnson and lloyd	0	0
barnes and sons	Event.Transaction	hughes-clark	participated in transactions	Barnes and Sons__0__0__Haacklee Herald	Negative	15	12	Entity.Organization.FishingCompany	Entity.Organization.FishingCompany	barnes and sons	hughes-clark	0	0
barnes and sons	Event.Transaction	mcgee and sons	fishing activities highlighted their proactive approach	Barnes and Sons__0__0__Haacklee Herald	Positive	15	14	Entity.Organization.FishingCompany	Entity.Organization.FishingCompany	barnes and sons	mcgee and sons	0	0
barnes and sons	Event.Transaction	harrell-walters	fishing activities highlighted their proactive approach	Barnes and Sons__0__0__Haacklee Herald	Positive	15	15	Entity.Organization.FishingCompany	Entity.Organization.FishingCompany	barnes and sons	harrell-walters	0	0
barnes and sons	Event.Invest	safety and efficiency	made additional investments in safety and efficiency	Barnes and Sons__0__0__Haacklee Herald	Positive	15	21	Entity.Organization.FishingCompany		barnes and sons	efficiency	0	11
barnes and sons	Event.Communication.Conference	wu-hart	participated in conferences	Barnes and Sons__0__0__Haacklee Herald	Positive	15	7	Entity.Organization.FishingCompany	Entity.Organization.FishingCompany	barnes and sons	wu-hart	0	0
barnes and sons	Event.Communication.Conference	roth, logan and moreno		Barnes and Sons__0__0__Haacklee Herald	Positive	15	22	Entity.Organization.FishingCompany	Entity.Organization.FishingCompany	barnes and sons	roth, logan and moreno	0	0
city of port grove	Event.Certificateissued	barnes and sons	certificates issued affirming compliance and authorization for fishing activities in the Tuna Shelf and Cod Table regions	Barnes and Sons__0__0__Lomark Daily	Positive	18	15	Entity.Organization.GovernmentOrg	Entity.Organization.FishingCompany	city of port grove	barnes and sons	0	0
city of south paackland	Event.Certificateissued	barnes and sons	certificates issued affirming compliance and authorization for fishing activities in the Tuna Shelf and Cod Table regions	Barnes and Sons__0__0__Lomark Daily	Positive	23	15	Entity.Organization.GovernmentOrg	Entity.Organization.FishingCompany	city of south paackland	barnes and sons	0	0
barnes and sons	Event.Transaction	clarke, scott and sloan	completed transactions showcasing commitment to partnerships and growth	Barnes and Sons__0__0__Lomark Daily	Positive	15	23	Entity.Organization.FishingCompany	Entity.Organization.FishingCompany	barnes and sons	clarke, scott and sloan	0	0
barnes and sons	Event.Transaction	rivas-stevens	completed transactions showcasing commitment to partnerships and growth	Barnes and Sons__0__0__Lomark Daily	Neutral	15	13	Entity.Organization.FishingCompany	Entity.Organization.FishingCompany	barnes and sons	rivas-stevens	0	0
barnes and sons	Event.Transaction	allen-weiss	completed transactions showcasing commitment to partnerships and growth	Barnes and Sons__0__0__Lomark Daily	Positive	15	11	Entity.Organization.FishingCompany	Entity.Organization.Company	barnes and sons	allen-weiss	0	0
barnes and sons	Event.Transaction	wong-harrell	completed transactions showcasing commitment to partnerships and growth	Barnes and Sons__0__0__Lomark Daily	Positive	15	12	Entity.Organization.FishingCompany	Entity.Organization.Company	barnes and sons	wong-harrell	0	0
barnes and sons	Event.Transaction	thompson-padilla	completed transactions showcasing commitment to partnerships and growth	Barnes and Sons__0__0__Lomark Daily	Neutral	15	16	Entity.Organization.FishingCompany	Entity.Organization.FishingCompany	barnes and sons	thompson-padilla	0	0
barnes and sons	Event.Transaction	ramos-shelton	completed transactions showcasing commitment to partnerships and growth	Barnes and Sons__0__0__Lomark Daily	Positive	15	13	Entity.Organization.FishingCompany	Entity.Organization.FishingCompany	barnes and sons	ramos-shelton	0	0
barnes and sons	Event.Transaction	roth, logan and moreno	furthered dedication with transactions involving reputable standing in the industry	Barnes and Sons__0__0__Lomark Daily	Positive	15	22	Entity.Organization.FishingCompany	Entity.Organization.FishingCompany	barnes and sons	roth, logan and moreno	0	0
barnes and sons	Event.Transaction	montoya group	furthered dedication with transactions involving reputable standing in the industry	Barnes and Sons__0__0__Lomark Daily	Neutral	15	13	Entity.Organization.FishingCompany	Entity.Organization.FishingCompany	barnes and sons	montoya group	0	0
barnes and sons	Event.Transaction	walker, gonzalez and blanchard	furthered dedication with transactions involving reputable standing in the industry	Barnes and Sons__0__0__Lomark Daily	Neutral	15	30	Entity.Organization.FishingCompany	Entity.Organization.Company	barnes and sons	walker, gonzalez and blanchard	0	0
barnes and sons	Event.Transaction	cooper, wood and smith	furthered dedication with transactions involving reputable standing in the industry	Barnes and Sons__0__0__Lomark Daily	Positive	15	22	Entity.Organization.FishingCompany	Entity.Organization.Company	barnes and sons	cooper, wood and smith	0	0
barnes and sons	Event.Aid	marine sanctuaries	aid programs for marine sanctuaries	Barnes and Sons__0__0__Lomark Daily	Neutral	15	18	Entity.Organization.FishingCompany		barnes and sons	marine_sanctuary	0	4
barnes and sons	Event.Invest	commodity safety	investments in commodity safety	Barnes and Sons__0__0__Lomark Daily	Neutral	15	16	Entity.Organization.FishingCompany		barnes and sons	safety	0	10
barnes and sons	Event.Invest	efficiency	investments in tracking systems and sustainable nets	Barnes and Sons__0__0__Lomark Daily	Positive	15	10	Entity.Organization.FishingCompany	Entity.Commodity	barnes and sons	efficiency	0	0
barnes and sons	Event.Transaction	olsen-haley	partners	Barnes and Sons__0__0__Lomark Daily	Neutral	15	11	Entity.Organization.FishingCompany	Entity.Organization.Company	barnes and sons	olsen-haley	0	0
barnes and sons	Event.Fishing.Sustainablefishing	tuna shelf and cod table	Engages in sustainable fishing practices	Barnes and Sons__0__0__The News Buoy	Positive	15	24	Entity.Organization.FishingCompany		barnes and sons	tuna shelf	0	14
barnes and sons	Event.Invest	technology	Consistently invests in tracking systems and commodities focused on efficiency and safety	Barnes and Sons__0__0__The News Buoy	Positive	15	10	Entity.Organization.FishingCompany		barnes and sons	klein llc	0	8
barnes and sons	Event.Transaction	evans ltd	Conducts numerous transactions	Barnes and Sons__0__0__The News Buoy	Positive	15	9	Entity.Organization.FishingCompany	Entity.Organization.Company	barnes and sons	evans ltd	0	0
barnes and sons	Event.Transaction	cuevas plc	Conducts numerous transactions	Barnes and Sons__0__0__The News Buoy	Positive	15	10	Entity.Organization.FishingCompany	Entity.Organization.FishingCompany	barnes and sons	cuevas plc	0	0
barnes and sons	Event.Transaction	fisherman's best n.v. express	Conducts numerous transactions	Barnes and Sons__0__0__The News Buoy	Positive	15	28	Entity.Organization.FishingCompany		barnes and sons	fisherman's best n.v. express	0	1
barnes and sons	Event.Communication.Conference	city of port grove	Attends conferences and meetings	Barnes and Sons__0__0__The News Buoy	Positive	15	18	Entity.Organization.FishingCompany		barnes and sons	montoya group	0	12
barnes and sons	Event.Communication.Conference	vasquez, chaney and martinez	Attends conferences and meetings	Barnes and Sons__0__0__The News Buoy	Neutral	15	28	Entity.Organization.FishingCompany	Entity.Organization.FishingCompany	barnes and sons	vasquez, chaney and martinez	0	0
barnes and sons	Event.Aid	marine_sanctuary	Actively supports marine sanctuaries	Barnes and Sons__0__0__The News Buoy	Positive	15	16	Entity.Organization.FishingCompany		barnes and sons	marine_sanctuary	0	1
barnett ltd	Event.Invest	sustainable_nets	investing in sustainable and environmentally friendly fishing methods	Barnett Ltd__0__0__Haacklee Herald	Positive	11	16	Entity.Organization.FishingCompany	Entity.Commodity	barnett ltd	sustainable_nets	0	0
barnett ltd	Event.Invest	tracking_system	investing in sustainable and environmentally friendly fishing methods	Barnett Ltd__0__0__Haacklee Herald	Positive	11	15	Entity.Organization.FishingCompany	Entity.Commodity	barnett ltd	tracking_system	0	0
barnett ltd	Event.Aid	marine_sanctuary	donated $3000 to local marine aid organizations	Barnett Ltd__0__0__Haacklee Herald	Positive	11	16	Entity.Organization.FishingCompany	Entity.Organization	barnett ltd	marine_sanctuary	0	0
barnett ltd	Event.Transaction	eaton-osborne	signed multiple transactions with reputed companies like Eaton-Osborne	Barnett Ltd__0__0__Haacklee Herald	Positive	11	13	Entity.Organization.FishingCompany		barnett ltd	watson-gray	0	8
barnett ltd	Event.Transaction	york-castillo fishing	signed multiple transactions with reputed companies like York-Castillo fishing	Barnett Ltd__0__0__Haacklee Herald	Positive	11	21	Entity.Organization.FishingCompany		barnett ltd	york-castillo	0	8
barnett ltd	Event.Transaction	logistic companies	signed multiple transactions with logistic companies	Barnett Ltd__0__0__Haacklee Herald	Positive	11	18	Entity.Organization.FishingCompany		barnett ltd	martinez-daniels	0	12
barnett ltd	Event.Communication.Conference	smith-hull	hosting conferences with Smith-Hull	Barnett Ltd__0__0__Haacklee Herald	Positive	11	10	Entity.Organization.FishingCompany	Entity.Organization.FishingCompany	barnett ltd	smith-hull	0	0
barnett ltd	Event.Communication.Conference	jones, davis and grant	hosting conferences with Jones, Davis and Grant	Barnett Ltd__0__0__Haacklee Herald	Positive	11	22	Entity.Organization.FishingCompany	Entity.Organization.FishingCompany	barnett ltd	jones, davis and grant	0	0
barnett ltd	Event.Communication.Conference	cook plc	hosting conferences with Cook PLC	Barnett Ltd__0__0__Haacklee Herald	Positive	11	8	Entity.Organization.FishingCompany	Entity.Organization.FishingCompany	barnett ltd	cook plc	0	0
barnett ltd	Event.Aid	marine_sanctuary	raised more than $2000 for marine sanctuary preservation	Barnett Ltd__0__0__Lomark Daily	Neutral	11	16	Entity.Organization.FishingCompany		barnett ltd	marine_sanctuary	0	1
barnett ltd	Event.Transaction	eaton-osborne	signed multiple fishing transactions with Eaton-Osborne	Barnett Ltd__0__0__Lomark Daily	Positive	11	13	Entity.Organization.FishingCompany		barnett ltd	watson-gray	0	8
barnett ltd	Event.Transaction	york-castillo	signed multiple fishing transactions with York-Castillo	Barnett Ltd__0__0__Lomark Daily	Positive	11	13	Entity.Organization.FishingCompany	Entity.Organization.FishingCompany	barnett ltd	york-castillo	0	0
barnett ltd	Event.Transaction	serrano-cruz	acquisition of Serrano-Cruz	Barnett Ltd__0__0__Lomark Daily	Positive	11	12	Entity.Organization.FishingCompany	Entity.Organization.FishingCompany	barnett ltd	serrano-cruz	0	0
barnett ltd	Event.Transaction	wu-hart	acquisition of Wu-Hart	Barnett Ltd__0__0__Lomark Daily	Positive	11	7	Entity.Organization.FishingCompany	Entity.Organization.FishingCompany	barnett ltd	wu-hart	0	0
barnett ltd	Event.Transaction	haney group	acquisition of Haney Group	Barnett Ltd__0__0__Lomark Daily	Positive	11	11	Entity.Organization.FishingCompany	Entity.Organization.Company	barnett ltd	haney group	0	0
barnett ltd	Event.Communication.Conference	other reputed companies in the industry	conferences and meetings focused on discussing the future of fishing and sustainable fishing practices	Barnett Ltd__0__0__Lomark Daily	Neutral	11	39	Entity.Organization.FishingCompany		barnett ltd	coleman, thompson and huber	0	28
barnett ltd	Event.Invest	efficiency	investing in efficient sustainable nets, a new state-of-the-art tracking system, and aiding local marine sanctuaries through donations	Barnett Ltd__0__0__The News Buoy	Positive	11	10	Entity.Organization.FishingCompany	Entity.Commodity	barnett ltd	efficiency	0	0
barnett ltd	Event.Transaction	eaton-osborne	signed multiple fishing transactions with Eaton-Osborne and York-Castillo fishing and logistic companies	Barnett Ltd__0__0__The News Buoy	Neutral	11	13	Entity.Organization.FishingCompany		barnett ltd	watson-gray	0	8
barnett ltd	Event.Transaction	york-castillo	signed multiple fishing transactions with Eaton-Osborne and York-Castillo fishing and logistic companies	Barnett Ltd__0__0__The News Buoy	Positive	11	13	Entity.Organization.FishingCompany	Entity.Organization.FishingCompany	barnett ltd	york-castillo	0	0
barnett ltd	Event.Transaction	montoya group	closed deals with companies such as Eaton-Osborne, York-Castillo, and Montoya Group	Barnett Ltd__0__0__The News Buoy	Positive	11	13	Entity.Organization.FishingCompany	Entity.Organization.FishingCompany	barnett ltd	montoya group	0	0
barnett ltd	Event.Aid	marine_sanctuary	aiding local marine sanctuaries through donations	Barnett Ltd__0__0__The News Buoy	Positive	11	16	Entity.Organization.FishingCompany		barnett ltd	marine_sanctuary	0	1
barnett ltd	Event.Fishing.Sustainablefishing	barnes and sons	entered into multiple transactions with various companies	Barnett Ltd__0__1__Haacklee Herald	Neutral	11	15	Entity.Organization.FishingCompany	Entity.Organization.FishingCompany	barnett ltd	barnes and sons	0	0
barnett ltd	Event.Fishing.Sustainablefishing	jones, davis and grant	entered into multiple transactions with various companies	Barnett Ltd__0__1__Haacklee Herald	Positive	11	22	Entity.Organization.FishingCompany	Entity.Organization.FishingCompany	barnett ltd	jones, davis and grant	0	0
barnett ltd	Event.Fishing.Sustainablefishing	serrano-cruz	entered into multiple transactions with various companies	Barnett Ltd__0__1__Haacklee Herald	Positive	11	12	Entity.Organization.FishingCompany	Entity.Organization.FishingCompany	barnett ltd	serrano-cruz	0	0
barnett ltd	Event.Fishing.Sustainablefishing	rhodes-thompson	entered into multiple transactions with various companies	Barnett Ltd__0__1__Haacklee Herald	Negative	11	15	Entity.Organization.FishingCompany	Entity.Organization.FishingCompany	barnett ltd	rhodes-thompson	0	0
barnett ltd	Event.Fishing.Sustainablefishing	chavez, anderson and taylor	entered into multiple transactions with various companies	Barnett Ltd__0__1__Haacklee Herald	Negative	11	27	Entity.Organization.FishingCompany	Entity.Organization.Company	barnett ltd	chavez, anderson and taylor	0	0
barnett ltd	Event.Communication.Conference	craig ltd	participated in a conference with Craig Ltd, where they discussed the importance of tracking systems	Barnett Ltd__0__1__Haacklee Herald	Negative	11	9	Entity.Organization.FishingCompany	Entity.Organization.FishingCompany	barnett ltd	craig ltd	0	0
barnett ltd	Event.Invest	thompson-padilla	invested in multiple transactions with Thompson-Padilla, Murphy, Marshall and Pope, and Garcia, Merritt and Rose	Barnett Ltd__0__1__The News Buoy	Negative	11	16	Entity.Organization.FishingCompany	Entity.Organization.FishingCompany	barnett ltd	thompson-padilla	0	0
barnett ltd	Event.Transaction	murphy, marshall and pope	invested in multiple transactions with Thompson-Padilla, Murphy, Marshall and Pope, and Garcia, Merritt and Rose	Barnett Ltd__0__1__The News Buoy	Negative	11	25	Entity.Organization.FishingCompany	Entity.Organization.FishingCompany	barnett ltd	murphy, marshall and pope	0	0
barnett ltd	Event.Transaction	garcia, merritt and rose	invested in multiple transactions with Thompson-Padilla, Murphy, Marshall and Pope, and Garcia, Merritt and Rose	Barnett Ltd__0__1__The News Buoy	Negative	11	24	Entity.Organization.FishingCompany	Entity.Organization.Company	barnett ltd	garcia, merritt and rose	0	0
barnett ltd	Event.Aid	bishop-hernandez	provided aid to Bishop-Hernandez and Sanchez-Moreno	Barnett Ltd__0__1__The News Buoy	Negative	11	16	Entity.Organization.FishingCompany	Entity.Organization.FishingCompany	barnett ltd	bishop-hernandez	0	0
barnett ltd	Event.Aid	sanchez-moreno	provided aid to Bishop-Hernandez and Sanchez-Moreno	Barnett Ltd__0__1__The News Buoy	Positive	11	14	Entity.Organization.FishingCompany	Entity.Organization.FishingCompany	barnett ltd	sanchez-moreno	0	0
barnett ltd	Event.Invest	sustainable_nets	investments in sustainable nets and tracking systems	Barnett Ltd__0__1__The News Buoy	Positive	11	16	Entity.Organization.FishingCompany	Entity.Commodity	barnett ltd	sustainable_nets	0	0
barnett ltd	Event.Invest	tracking_system	investments in sustainable nets and tracking systems	Barnett Ltd__0__1__The News Buoy	Positive	11	15	Entity.Organization.FishingCompany	Entity.Commodity	barnett ltd	tracking_system	0	0
bell, reynolds and forbes	Event.Invest	tracking system and commodity efficiency	Invested in Tracking System and Commodity Efficiency	Bell, Reynolds and Forbes__0__0__Haacklee Herald	Neutral	25	40	Entity.Organization.FishingCompany		bell, reynolds and forbes	tracking_system	0	26
bell, reynolds and forbes	Event.Transaction	lake victoria catch gmbh	Engaged in transactions with Lake Victoria Catch GmbH	Bell, Reynolds and Forbes__0__0__Haacklee Herald	Positive	25	24	Entity.Organization.FishingCompany	Entity.Organization.FishingCompany	bell, reynolds and forbes	lake victoria catch gmbh	0	0
bell, reynolds and forbes	Event.Transaction	craig ltd	Engaged in transactions with Craig Ltd	Bell, Reynolds and Forbes__0__0__Haacklee Herald	Neutral	25	9	Entity.Organization.FishingCompany	Entity.Organization.FishingCompany	bell, reynolds and forbes	craig ltd	0	0
bell, reynolds and forbes	Event.Transaction	hernandez, levy and hanson	Engaged in transactions with Hernandez, Levy and Hanson	Bell, Reynolds and Forbes__0__0__Haacklee Herald	Neutral	25	26	Entity.Organization.FishingCompany	Entity.Organization.Company	bell, reynolds and forbes	hernandez, levy and hanson	0	0
bell, reynolds and forbes	Event.Communication.Conference	olsen group	Held conferences with Olsen Group	Bell, Reynolds and Forbes__0__0__Haacklee Herald	Positive	25	11	Entity.Organization.FishingCompany	Entity.Organization.FishingCompany	bell, reynolds and forbes	olsen group	0	0
bell, reynolds and forbes	Event.Communication.Conference	mann, myers and rivera	Held conferences with Mann, Myers and Rivera	Bell, Reynolds and Forbes__0__0__Haacklee Herald	Positive	25	22	Entity.Organization.FishingCompany	Entity.Organization.FishingCompany	bell, reynolds and forbes	mann, myers and rivera	0	0
bell, reynolds and forbes	Event.Invest	commodity efficiency and tracking system	Invested in Commodity Efficiency and Tracking System	Bell, Reynolds and Forbes__0__0__Haacklee Herald	Neutral	25	40	Entity.Organization.FishingCompany		bell, reynolds and forbes	tracking_system	0	26
bell, reynolds and forbes	Event.Transaction	rhodes-thompson	Conducted transactions with Rhodes-Thompson	Bell, Reynolds and Forbes__0__0__Haacklee Herald	Positive	25	15	Entity.Organization.FishingCompany	Entity.Organization.FishingCompany	bell, reynolds and forbes	rhodes-thompson	0	0
bell, reynolds and forbes	Event.Transaction	ramos-shelton	Conducted transactions with Ramos-Shelton	Bell, Reynolds and Forbes__0__0__Haacklee Herald	Negative	25	13	Entity.Organization.FishingCompany	Entity.Organization.FishingCompany	bell, reynolds and forbes	ramos-shelton	0	0
bell, reynolds and forbes	Event.Invest	tracking system and commodity safety	Invested in Tracking System and Commodity Safety	Bell, Reynolds and Forbes__0__0__Haacklee Herald	Negative	25	36	Entity.Organization.FishingCompany		bell, reynolds and forbes	tracking_system	0	22
bell, reynolds and forbes	Event.Communication.Conference	hughes-clark	Held conferences with Hughes-Clark (twice)	Bell, Reynolds and Forbes__0__0__Haacklee Herald	Negative	25	12	Entity.Organization.FishingCompany	Entity.Organization.FishingCompany	bell, reynolds and forbes	hughes-clark	0	0
bell, reynolds and forbes	Event.Transaction	collins, johnson and lloyd	Engaged in transactions with Collins, Johnson and Lloyd	Bell, Reynolds and Forbes__0__0__Haacklee Herald	Negative	25	26	Entity.Organization.FishingCompany	Entity.Organization.FishingCompany	bell, reynolds and forbes	collins, johnson and lloyd	0	0
bell, reynolds and forbes	Event.Transaction	cook plc	Engaged in transactions with Cook PLC	Bell, Reynolds and Forbes__0__0__Haacklee Herald	Positive	25	8	Entity.Organization.FishingCompany	Entity.Organization.FishingCompany	bell, reynolds and forbes	cook plc	0	0
bell, reynolds and forbes	Event.Transaction	martinez-daniels	Engaged in transactions with Martinez-Daniels (company)	Bell, Reynolds and Forbes__0__0__Haacklee Herald	Positive	25	16	Entity.Organization.FishingCompany	Entity.Organization.Company	bell, reynolds and forbes	martinez-daniels	0	0
bell, reynolds and forbes	Event.Transaction	conrad ltd	Engaged in transactions with Conrad Ltd (fishing company)	Bell, Reynolds and Forbes__0__0__Haacklee Herald	Neutral	25	10	Entity.Organization.FishingCompany	Entity.Organization.FishingCompany	bell, reynolds and forbes	conrad ltd	0	0
bell, reynolds and forbes	Event.Transaction	patterson, moreno and jensen	Engaged in transactions with Patterson, Moreno and Jensen (company)	Bell, Reynolds and Forbes__0__0__Haacklee Herald	Neutral	25	28	Entity.Organization.FishingCompany	Entity.Organization.Company	bell, reynolds and forbes	patterson, moreno and jensen	0	0
bell, reynolds and forbes	Event.Invest	sustainable nets and commodity safety	Invested	Bell, Reynolds and Forbes__0__0__Haacklee Herald	Positive	25	37	Entity.Organization.FishingCompany		bell, reynolds and forbes	sustainable_nets	0	22
bell, reynolds and forbes	Event.Transaction	eaton-osborne	involved in several transactions with other companies	Bell, Reynolds and Forbes__0__0__Lomark Daily	Positive	25	13	Entity.Organization.FishingCompany		bell, reynolds and forbes	watson-gray	0	8
bell, reynolds and forbes	Event.Transaction	york-castillo	involved in several transactions with other companies	Bell, Reynolds and Forbes__0__0__Lomark Daily	Positive	25	13	Entity.Organization.FishingCompany	Entity.Organization.FishingCompany	bell, reynolds and forbes	york-castillo	0	0
bell, reynolds and forbes	Event.Transaction	cervantes-kramer	involved in several transactions with other companies	Bell, Reynolds and Forbes__0__0__Lomark Daily	Positive	25	16	Entity.Organization.FishingCompany	Entity.Organization.FishingCompany	bell, reynolds and forbes	cervantes-kramer	0	0
bell, reynolds and forbes	Event.Transaction	velasquez inc	involved in several transactions with other companies	Bell, Reynolds and Forbes__0__0__Lomark Daily	Positive	25	13	Entity.Organization.FishingCompany	Entity.Organization.Company	bell, reynolds and forbes	velasquez inc	0	0
bell, reynolds and forbes	Event.Invest	efficient sustainable nets	invested in efficient sustainable nets	Bell, Reynolds and Forbes__0__0__Lomark Daily	Positive	25	26	Entity.Organization.FishingCompany		bell, reynolds and forbes	sustainable_nets	0	11
bell, reynolds and forbes	Event.Aid	local marine sanctuary	given $2500 to the local marine sanctuary	Bell, Reynolds and Forbes__0__0__Lomark Daily	Positive	25	22	Entity.Organization.FishingCompany		bell, reynolds and forbes	marine_sanctuary	0	7
bell, reynolds and forbes	Event.Aid	local marine sanctuary	gave $2000 more to another local marine sanctuary in July 2035	Bell, Reynolds and Forbes__0__0__Lomark Daily	Neutral	25	22	Entity.Organization.FishingCompany		bell, reynolds and forbes	marine_sanctuary	0	7
bell, reynolds and forbes	Event.Transaction	eaton-osborne	transactions with Eaton-Osborne and York-Castillo fishing and logistic companies	Bell, Reynolds and Forbes__0__0__Lomark Daily	Positive	25	13	Entity.Organization.FishingCompany		bell, reynolds and forbes	watson-gray	0	8
bell, reynolds and forbes	Event.Transaction	york-castillo	transactions with Eaton-Osborne and York-Castillo fishing and logistic companies	Bell, Reynolds and Forbes__0__0__Lomark Daily	Positive	25	13	Entity.Organization.FishingCompany	Entity.Organization.FishingCompany	bell, reynolds and forbes	york-castillo	0	0
bell, reynolds and forbes	Event.Transaction	logistic companies	transactions with Eaton-Osborne and York-Castillo fishing and logistic companies	Bell, Reynolds and Forbes__0__0__Lomark Daily	Positive	25	18	Entity.Organization.FishingCompany		bell, reynolds and forbes	martinez-daniels	0	12
bell, reynolds and forbes	Event.Aid	marine_sanctuary	looking for another marine sanctuary to donate $2000 to	Bell, Reynolds and Forbes__0__0__Lomark Daily	Neutral	25	16	Entity.Organization.FishingCompany		bell, reynolds and forbes	marine_sanctuary	0	1
bell, reynolds and forbes	Event.Invest	efficient sustainable nets	known for its commitment to sustainable and environment friendly fishing and investing in efficient sustainable nets	Bell, Reynolds and Forbes__0__0__Lomark Daily	Neutral	25	26	Entity.Organization.FishingCompany		bell, reynolds and forbes	sustainable_nets	0	11
bell, reynolds and forbes	Event.Invest	tracking_system	known for its commitment to sustainable and environment friendly fishing and investing in tracking system	Bell, Reynolds and Forbes__0__0__Lomark Daily	Positive	25	15	Entity.Organization.FishingCompany		bell, reynolds and forbes	tracking_system	0	1
bell, reynolds and forbes	Event.Aid	local marine sanctuary	given $2000 to a local marine sanctuary	Bell, Reynolds and Forbes__0__0__Lomark Daily	Positive	25	22	Entity.Organization.FishingCompany		bell, reynolds and forbes	marine_sanctuary	0	7
bell, reynolds and forbes	Event.Invest	efficiency	investing in efficient sustainable nets and tracking systems	Bell, Reynolds and Forbes__0__0__The News Buoy	Neutral	25	10	Entity.Organization.FishingCompany	Entity.Commodity	bell, reynolds and forbes	efficiency	0	0
bell, reynolds and forbes	Event.Invest	safety	investing in safety	Bell, Reynolds and Forbes__0__0__The News Buoy	Positive	25	6	Entity.Organization.FishingCompany	Entity.Commodity	bell, reynolds and forbes	safety	0	0
bell, reynolds and forbes	Event.Transaction	eaton-osborne	signed multiple fishing transactions	Bell, Reynolds and Forbes__0__0__The News Buoy	Positive	25	13	Entity.Organization.FishingCompany		bell, reynolds and forbes	watson-gray	0	8
bell, reynolds and forbes	Event.Transaction	york-castillo	signed multiple fishing transactions	Bell, Reynolds and Forbes__0__0__The News Buoy	Positive	25	13	Entity.Organization.FishingCompany	Entity.Organization.FishingCompany	bell, reynolds and forbes	york-castillo	0	0
bell, reynolds and forbes	Event.Transaction	logistic companies	signed multiple fishing transactions	Bell, Reynolds and Forbes__0__0__The News Buoy	Positive	25	18	Entity.Organization.FishingCompany		bell, reynolds and forbes	martinez-daniels	0	12
bell, reynolds and forbes	Event.Communication.Conference	future of fishing and sustainability	participating in conferences and meetings to discuss the future of fishing and sustainability	Bell, Reynolds and Forbes__0__0__The News Buoy	Neutral	25	36	Entity.Organization.FishingCompany		bell, reynolds and forbes	massey, king and quinn	0	23
bell, reynolds and forbes	Event.Transaction	new vessel acquisition	acquired a new vessel that will sail daily to the Cod Table and occasionally be used for fishing in Wrasse Beds area	Bell, Reynolds and Forbes__0__0__The News Buoy	Neutral	25	22	Entity.Organization.FishingCompany		bell, reynolds and forbes	evans-pearson	0	15
bell, reynolds and forbes	Event.Transaction	acquiring more vessels	shown interest in acquiring more vessels in the future	Bell, Reynolds and Forbes__0__0__The News Buoy	Neutral	25	22	Entity.Organization.FishingCompany		bell, reynolds and forbes	cunningham-jones	0	15
bell, reynolds and forbes	Event.Invest	sustainable fishing methods and technologies	investing in the development of sustainable fishing methods and technologies	Bell, Reynolds and Forbes__0__0__The News Buoy	Positive	25	44	Entity.Organization.FishingCompany		bell, reynolds and forbes	cain, simpson and hernandez	0	28
bell, reynolds and forbes	Event.Criticize	arellano group	facing competition from Arellano Group but managing to maintain reputation and position in the industry	Bell, Reynolds and Forbes__0__0__The News Buoy	Positive	25	14	Entity.Organization.FishingCompany	Entity.Organization.FishingCompany	bell, reynolds and forbes	arellano group	0	0
bell, reynolds and forbes	Event.Invest	sustainable_fishing_technologies	invests in sustainable fishing future	Bell, Reynolds and Forbes__0__1__Haacklee Herald	Positive	25	32	Entity.Organization.FishingCompany		bell, reynolds and forbes	sustainable_nets	0	17
bell, reynolds and forbes	Event.Aid	local_marine_sanctuary	donated $10,000 to the local marine sanctuary to support their conservation efforts	Bell, Reynolds and Forbes__0__1__Haacklee Herald	Neutral	25	22	Entity.Organization.FishingCompany		bell, reynolds and forbes	marine_sanctuary	0	6
bell, reynolds and forbes	Event.Transaction	eaton-osborne	entered into multiple fishing transactions with other companies	Bell, Reynolds and Forbes__0__1__Haacklee Herald	Positive	25	13	Entity.Organization.FishingCompany		bell, reynolds and forbes	watson-gray	0	8
bell, reynolds and forbes	Event.Transaction	york-castillo	entered into multiple fishing transactions with other companies	Bell, Reynolds and Forbes__0__1__Haacklee Herald	Positive	25	13	Entity.Organization.FishingCompany	Entity.Organization.FishingCompany	bell, reynolds and forbes	york-castillo	0	0
bell, reynolds and forbes	Event.Invest	efficiency	investing in efficiency	Bell, Reynolds and Forbes__0__1__Lomark Daily	Positive	25	10	Entity.Organization.FishingCompany	Entity.Commodity	bell, reynolds and forbes	efficiency	0	0
bell, reynolds and forbes	Event.Transaction	wong-harrell	involved in multiple transactions and conferences with other companies	Bell, Reynolds and Forbes__0__1__Lomark Daily	Positive	25	12	Entity.Organization.FishingCompany	Entity.Organization.Company	bell, reynolds and forbes	wong-harrell	0	0
bell, reynolds and forbes	Event.Invest	commodity efficiency	invested $5000 in commodity efficiency	Bell, Reynolds and Forbes__0__1__Lomark Daily	Positive	25	20	Entity.Organization.FishingCompany		bell, reynolds and forbes	efficiency	0	10
bell, reynolds and forbes	Event.Aid	environment	committed to sustainable and environment-friendly fishing practices	Bell, Reynolds and Forbes__0__1__Lomark Daily	Positive	25	11	Entity.Organization.FishingCompany		bell, reynolds and forbes	efficiency	0	8
bell, reynolds and forbes	Event.Invest	new markets	interested in exploring new markets and increasing its reach in the industry	Bell, Reynolds and Forbes__0__1__Lomark Daily	Positive	25	11	Entity.Organization.FishingCompany		bell, reynolds and forbes	nemo reef	0	7
cervantes-kramer	Event.Transaction	bell, reynolds and forbes	a recent transaction, a reputable fishing boat operator, acquired a majority stake in a well-established local fishing organization. This move is seen as a significant step towards sustainable and environmentally friendly fishing practices.	Bell, Reynolds and Forbes__0__1__The News Buoy	Positive	16	25	Entity.Organization.FishingCompany	Entity.Organization.FishingCompany	cervantes-kramer	bell, reynolds and forbes	0	0
bell, reynolds and forbes	Event.Transaction	cervantes-kramer	a recent transaction, a reputable fishing boat operator, acquired a majority stake in a well-established local fishing organization. This move is seen as a significant step towards sustainable and environmentally friendly fishing practices.	Bell, Reynolds and Forbes__0__1__The News Buoy	Negative	25	16	Entity.Organization.FishingCompany	Entity.Organization.FishingCompany	bell, reynolds and forbes	cervantes-kramer	0	0
cervantes-kramer	Event.Collaboration	local organizations	investing in cutting-edge technology and collaborating with local organizations to ensure responsible and ethical fishing practices.	Bell, Reynolds and Forbes__0__1__The News Buoy	Positive	16	19	Entity.Organization.FishingCompany		cervantes-kramer	olson and sons	0	11
bell, reynolds and forbes	Event.Collaboration	cervantes-kramer	This collaboration is expected to result in even more innovative and sustainable fishing practices.	Bell, Reynolds and Forbes__0__1__The News Buoy	Neutral	25	16	Entity.Organization.FishingCompany	Entity.Organization.FishingCompany	bell, reynolds and forbes	cervantes-kramer	0	0
bishop-hernandez	Event.Invest	sustainable_nets	making waves in the industry with its commitment to sustainable and environmentally friendly fishing practices	Bishop-Hernandez__0__0__Haacklee Herald	Positive	16	16	Entity.Organization.FishingCompany	Entity.Commodity	bishop-hernandez	sustainable_nets	0	0
bishop-hernandez	Event.Invest	tracking_system	making waves in the industry with its commitment to sustainable and environmentally friendly fishing practices	Bishop-Hernandez__0__0__Haacklee Herald	Positive	16	15	Entity.Organization.FishingCompany	Entity.Commodity	bishop-hernandez	tracking_system	0	0
bishop-hernandez	Event.Aid	marine veteran	recently given $2000 to marine veteran who lost his beloved long-tailed lizard	Bishop-Hernandez__0__0__Haacklee Herald	Neutral	16	14	Entity.Organization.FishingCompany		bishop-hernandez	martinez-le	0	8
bishop-hernandez	Event.Transaction	cook plc	signed multiple fishing transactions with prominent companies such as Cook PLC, Bowers Group, and Vargas-Jensen	Bishop-Hernandez__0__0__Haacklee Herald	Positive	16	8	Entity.Organization.FishingCompany	Entity.Organization.FishingCompany	bishop-hernandez	cook plc	0	0
bishop-hernandez	Event.Transaction	bowers group	signed multiple fishing transactions with prominent companies such as Cook PLC, Bowers Group, and Vargas-Jensen	Bishop-Hernandez__0__0__Haacklee Herald	Negative	16	12	Entity.Organization.FishingCompany	Entity.Organization.FishingCompany	bishop-hernandez	bowers group	0	0
bishop-hernandez	Event.Transaction	vargas-jensen	signed multiple fishing transactions with prominent companies such as Cook PLC, Bowers Group, and Vargas-Jensen	Bishop-Hernandez__0__0__Haacklee Herald	Positive	16	13	Entity.Organization.FishingCompany	Entity.Organization.FishingCompany	bishop-hernandez	vargas-jensen	0	0
bishop-hernandez	Event.Communication.Conference	ceo erick walker, cfo james myers, and general counsel sarah rivera	actively participating in conferences and events, such as the one held in April where it was represented by CEO Erick Walker, CFO James Myers, and General Counsel Sarah Rivera	Bishop-Hernandez__0__0__Haacklee Herald	Negative	16	67	Entity.Organization.FishingCompany		bishop-hernandez	walker, gonzalez and blanchard	0	47
bishop-hernandez	Event.Owns.Partiallyowns	other organizations	collaborating with other organizations to promote environmentally responsible fishing	Bishop-Hernandez__0__0__Haacklee Herald	Negative	16	19	Entity.Organization.FishingCompany		bishop-hernandez	horn and sons	0	12
bishop-hernandez	Event.Invest	safety	investing in safety, with a recent investment of $1000 in life jackets for all of their fishing crews	Bishop-Hernandez__0__0__Haacklee Herald	Negative	16	6	Entity.Organization.FishingCompany	Entity.Commodity	bishop-hernandez	safety	0	0
bishop-hernandez	Event.Invest	sustainable_nets	commitment to sustainable and environmentally friendly fishing practices	Bishop-Hernandez__0__0__Lomark Daily	Positive	16	16	Entity.Organization.FishingCompany	Entity.Commodity	bishop-hernandez	sustainable_nets	0	0
bishop-hernandez	Event.Invest	tracking_system	commitment to sustainable and environmentally friendly fishing practices	Bishop-Hernandez__0__0__Lomark Daily	Positive	16	15	Entity.Organization.FishingCompany	Entity.Commodity	bishop-hernandez	tracking_system	0	0
bishop-hernandez	Event.Transaction	city of centralia	dedication to sourcing high-quality fish from reputable suppliers	Bishop-Hernandez__0__0__Lomark Daily	Positive	16	17	Entity.Organization.FishingCompany		bishop-hernandez	cod table	0	12
bishop-hernandez	Event.Transaction	city of himark	dedication to sourcing high-quality fish from reputable suppliers	Bishop-Hernandez__0__0__Lomark Daily	Neutral	16	14	Entity.Organization.FishingCompany		bishop-hernandez	frey inc	0	11
bishop-hernandez	Event.Transaction	haney group	dedication to sourcing high-quality fish from reputable suppliers	Bishop-Hernandez__0__0__Lomark Daily	Positive	16	11	Entity.Organization.FishingCompany	Entity.Organization.Company	bishop-hernandez	haney group	0	0
bishop-hernandez	Event.Aid	marine_sanctuary	donated $2001 to the local marine sanctuary	Bishop-Hernandez__0__0__Lomark Daily	Positive	16	16	Entity.Organization.FishingCompany	Entity.Organization	bishop-hernandez	marine_sanctuary	0	0
bishop-hernandez	Event.Transaction	haney group	dedication to sourcing high-quality fish from reputable suppliers	Bishop-Hernandez__0__0__Lomark Daily	Positive	16	11	Entity.Organization.FishingCompany	Entity.Organization.Company	bishop-hernandez	haney group	0	0
bishop-hernandez	Event.Invest	efficiency	investing in efficient and innovative fishing technologies	Bishop-Hernandez__0__0__Lomark Daily	Neutral	16	10	Entity.Organization.FishingCompany	Entity.Commodity	bishop-hernandez	efficiency	0	0
bishop-hernandez	Event.Invest	sustainable_nets	actively investing in sustainable nets and aid to local marine sanctuaries	Bishop-Hernandez__0__0__The News Buoy	Neutral	16	16	Entity.Organization.FishingCompany		bishop-hernandez	sustainable_nets	0	1
bishop-hernandez	Event.Aid	marine_sanctuary	actively investing in sustainable nets and aid to local marine sanctuaries	Bishop-Hernandez__0__0__The News Buoy	Neutral	16	16	Entity.Organization.FishingCompany		bishop-hernandez	marine_sanctuary	0	1
bishop-hernandez	Event.Transaction	eaton-osborne	signed multiple transactions with various companies, including Eaton-Osborne and York-Castillo	Bishop-Hernandez__0__0__The News Buoy	Positive	16	13	Entity.Organization.FishingCompany		bishop-hernandez	watson-gray	0	8
bishop-hernandez	Event.Transaction	york-castillo	signed multiple transactions with various companies, including Eaton-Osborne and York-Castillo	Bishop-Hernandez__0__0__The News Buoy	Positive	16	13	Entity.Organization.FishingCompany	Entity.Organization.FishingCompany	bishop-hernandez	york-castillo	0	0
bishop-hernandez	Event.Communication.Conference	cervantes-kramer	discussed their commitment to sustainable fishing with other industry leaders, including Cervantes-Kramer	Bishop-Hernandez__0__0__The News Buoy	Neutral	16	16	Entity.Organization.FishingCompany	Entity.Organization.FishingCompany	bishop-hernandez	cervantes-kramer	0	0
bishop-hernandez	Event.Invest	efficient sustainable nets	investing in efficient sustainable nets and tracking systems	Bishop-Hernandez__0__0__The News Buoy	Positive	16	26	Entity.Organization.FishingCompany		bishop-hernandez	sustainable_nets	0	11
bishop-hernandez	Event.Transaction	gallagher-compton	involved in various transactions, including investments and conferences, with other companies such as Gallagher-Compton, Patterson, Moreno, and Jensen, and Olsen Group	Bishop-Hernandez__0__0__The News Buoy	Positive	16	17	Entity.Organization.FishingCompany	Entity.Organization.Company	bishop-hernandez	gallagher-compton	0	0
bishop-hernandez	Event.Transaction	patterson, moreno and jensen	involved in various transactions, including investments and conferences, with other companies such as Gallagher-Compton, Patterson, Moreno, and Jensen, and Olsen Group	Bishop-Hernandez__0__0__The News Buoy	Positive	16	29	Entity.Organization.FishingCompany		bishop-hernandez	patterson, moreno and jensen	0	1
bishop-hernandez	Event.Transaction	olsen group	involved in various transactions, including investments and conferences, with other companies such as Gallagher-Compton, Patterson, Moreno, and Jensen, and Olsen Group	Bishop-Hernandez__0__0__The News Buoy	Neutral	16	11	Entity.Organization.FishingCompany	Entity.Organization.FishingCompany	bishop-hernandez	olsen group	0	0
city of himark	Event.Certificateissued	blackwell, clark and lam	approval to conduct fishing activities in the Cod Table area using its vessels	Blackwell, Clark and Lam__0__0__Haacklee Herald	Neutral	14	24	Entity.Organization.GovernmentOrg	Entity.Organization.FishingCompany	city of himark	blackwell, clark and lam	0	0
city of paackland	Event.Certificateissued	blackwell, clark and lam	approval to conduct fishing activities in the Cod Table area using its vessels	Blackwell, Clark and Lam__0__0__Haacklee Herald	Positive	17	24	Entity.Organization.GovernmentOrg	Entity.Organization.FishingCompany	city of paackland	blackwell, clark and lam	0	0
blackwell, clark and lam	Event.Fishing.Sustainablefishing	local marine sanctuary	investments in new nets, tracking systems, and collaborations with the local Marine Sanctuary	Blackwell, Clark and Lam__0__0__Haacklee Herald	Neutral	24	22	Entity.Organization.FishingCompany		blackwell, clark and lam	marine_sanctuary	0	7
blackwell, clark and lam	Event.Transaction	multiple companies	various business transactions with other companies	Blackwell, Clark and Lam__0__0__Haacklee Herald	Positive	24	18	Entity.Organization.FishingCompany		blackwell, clark and lam	martinez-daniels	0	10
blackwell, clark and lam	Event.Invest	safety	invested in initiatives to improve the safety and efficiency of its operations	Blackwell, Clark and Lam__0__0__Haacklee Herald	Neutral	24	6	Entity.Organization.FishingCompany	Entity.Commodity	blackwell, clark and lam	safety	0	0
blackwell, clark and lam	Event.Aid	local marine sanctuary	provided financial support to the local Marine Sanctuary	Blackwell, Clark and Lam__0__0__Haacklee Herald	Neutral	24	22	Entity.Organization.FishingCompany		blackwell, clark and lam	marine_sanctuary	0	7
arellano group	Event.Certificateissued	tuna shelf and cod table	certificates granted to operate in crucial fishing territories	Blackwell, Clark and Lam__0__0__Lomark Daily	Neutral	14	24	Entity.Organization.FishingCompany		arellano group	tuna shelf	0	14
arellano group	Event.Aid	marine sanctuaries	support to marine sanctuaries, providing aid to bolster conservation efforts	Blackwell, Clark and Lam__0__0__Lomark Daily	Negative	14	18	Entity.Organization.FishingCompany		arellano group	marine_sanctuary	0	4
arellano group	Event.Communication.Conference	franco-stuart and clark-leon	Participation in conferences	Blackwell, Clark and Lam__0__0__Lomark Daily	Negative	14	28	Entity.Organization.FishingCompany		arellano group	franco-stuart	0	15
arellano group	Event.Transaction	frey inc	transactions with Frey Inc	Blackwell, Clark and Lam__0__0__Lomark Daily	Negative	14	8	Entity.Organization.FishingCompany	Entity.Organization.FishingCompany	arellano group	frey inc	0	0
arellano group	Event.Transaction	clarke, scott and sloan	transactions with Clarke, Scott and Sloan	Blackwell, Clark and Lam__0__0__Lomark Daily	Positive	14	23	Entity.Organization.FishingCompany	Entity.Organization.FishingCompany	arellano group	clarke, scott and sloan	0	0
arellano group	Event.Transaction	wong-harrell	transactions with Wong-Harrell	Blackwell, Clark and Lam__0__0__Lomark Daily	Neutral	14	12	Entity.Organization.FishingCompany	Entity.Organization.Company	arellano group	wong-harrell	0	0
blackwell, clark and lam	Event.Invest	efficiency	modernizing its fishing operations, casting a net for a sustainable future, invested in efficient, eco-friendly nets, ensuring theyre trawling responsibly	Blackwell, Clark and Lam__0__0__The News Buoy	Positive	24	10	Entity.Organization.FishingCompany	Entity.Commodity	blackwell, clark and lam	efficiency	0	0
blackwell, clark and lam	Event.Aid	employee fundraiser	organized an employee fundraiser that reeled in a whopping $2,000 to benefit local marine clean-up efforts	Blackwell, Clark and Lam__0__0__The News Buoy	Positive	24	19	Entity.Organization.FishingCompany		blackwell, clark and lam	ellis-hunter	0	13
blackwell, clark and lam	Event.Transaction	eaton-osborne	inked multiple fishing deals with Eaton-Osborne	Blackwell, Clark and Lam__0__0__The News Buoy	Positive	24	13	Entity.Organization.FishingCompany		blackwell, clark and lam	watson-gray	0	8
blackwell, clark and lam	Event.Transaction	york-castillo	inked multiple fishing deals with York-Castillo	Blackwell, Clark and Lam__0__0__The News Buoy	Positive	24	13	Entity.Organization.FishingCompany	Entity.Organization.FishingCompany	blackwell, clark and lam	york-castillo	0	0
blackwell, clark and lam	Event.Transaction	york-castillo	inked multiple fishing deals with York-Castillo	Blackwell, Clark and Lam__0__1__Haacklee Herald	Positive	24	13	Entity.Organization.FishingCompany	Entity.Organization.FishingCompany	blackwell, clark and lam	york-castillo	0	0
blackwell, clark and lam	Event.Transaction	york-castillo	inked multiple fishing deals with York-Castillo	Blackwell, Clark and Lam__0__1__Haacklee Herald	Positive	24	13	Entity.Organization.FishingCompany	Entity.Organization.FishingCompany	blackwell, clark and lam	york-castillo	0	0
blackwell, clark and lam	Event.Transaction	york-castillo	inked multiple fishing deals with York-Castillo	Blackwell, Clark and Lam__0__1__Haacklee Herald	Positive	24	13	Entity.Organization.FishingCompany	Entity.Organization.FishingCompany	blackwell, clark and lam	york-castillo	0	0
blackwell, clark and lam	Event.Transaction	york-castillo	inked multiple fishing deals with York-Castillo	Blackwell, Clark and Lam__0__1__Haacklee Herald	Positive	24	13	Entity.Organization.FishingCompany	Entity.Organization.FishingCompany	blackwell, clark and lam	york-castillo	0	0
blackwell, clark and lam	Event.Transaction	york-castillo	inked multiple fishing deals with York-Castillo	Blackwell, Clark and Lam__0__1__Haacklee Herald	Positive	24	13	Entity.Organization.FishingCompany	Entity.Organization.FishingCompany	blackwell, clark and lam	york-castillo	0	0
blackwell, clark and lam	Event.Transaction	york-castillo	inked multiple fishing deals with York-Castillo	Blackwell, Clark and Lam__0__1__Haacklee Herald	Positive	24	13	Entity.Organization.FishingCompany	Entity.Organization.FishingCompany	blackwell, clark and lam	york-castillo	0	0
blackwell, clark and lam	Event.Transaction	york-castillo	inked multiple fishing deals with York-Castillo	Blackwell, Clark and Lam__0__1__Haacklee Herald	Neutral	24	13	Entity.Organization.FishingCompany	Entity.Organization.FishingCompany	blackwell, clark and lam	york-castillo	0	0
blackwell, clark and lam	Event.Transaction	murphy, marshall and pope	signed multiple conference agreements and investments in safety, sustainable nets, and tracking systems	Blackwell, Clark and Lam__0__1__Lomark Daily	Neutral	24	25	Entity.Organization.FishingCompany	Entity.Organization.FishingCompany	blackwell, clark and lam	murphy, marshall and pope	0	0
blackwell, clark and lam	Event.Transaction	thomas-weaver	signed multiple conference agreements and investments in safety, sustainable nets, and tracking systems	Blackwell, Clark and Lam__0__1__Lomark Daily	Positive	24	13	Entity.Organization.FishingCompany	Entity.Organization.FishingCompany	blackwell, clark and lam	thomas-weaver	0	0
blackwell, clark and lam	Event.Transaction	jefferson inc	established partnerships	Blackwell, Clark and Lam__0__1__Lomark Daily	Positive	24	13	Entity.Organization.FishingCompany	Entity.Organization.Company	blackwell, clark and lam	jefferson inc	0	0
blackwell, clark and lam	Event.Transaction	barnes and sons	established partnerships	Blackwell, Clark and Lam__0__1__Lomark Daily	Positive	24	15	Entity.Organization.FishingCompany	Entity.Organization.FishingCompany	blackwell, clark and lam	barnes and sons	0	0
blackwell, clark and lam	Event.Transaction	phelps, brown and wallace	established partnerships	Blackwell, Clark and Lam__0__1__Lomark Daily	Neutral	24	25	Entity.Organization.FishingCompany	Entity.Organization.FishingCompany	blackwell, clark and lam	phelps, brown and wallace	0	0
blackwell, clark and lam	Event.Fishing	cod table area	actively involved in fishing in Cod Table area	Blackwell, Clark and Lam__0__1__Lomark Daily	Positive	24	14	Entity.Organization.FishingCompany		blackwell, clark and lam	cod table	0	5
blackwell, clark and lam	Event.Invest	sustainable_nets	Investing in cutting-edge technology, including sustainable nets and tracking systems	Blackwell, Clark and Lam__0__1__The News Buoy	Neutral	24	16	Entity.Organization.FishingCompany	Entity.Commodity	blackwell, clark and lam	sustainable_nets	0	0
blackwell, clark and lam	Event.Transaction	eaton-osborne	Involved in high-profile transactions with Eaton-Osborne	Blackwell, Clark and Lam__0__1__The News Buoy	Positive	24	13	Entity.Organization.FishingCompany		blackwell, clark and lam	watson-gray	0	8
blackwell, clark and lam	Event.Transaction	york-castillo	Involved in high-profile transactions with York-Castillo	Blackwell, Clark and Lam__0__1__The News Buoy	Positive	24	13	Entity.Organization.FishingCompany	Entity.Organization.FishingCompany	blackwell, clark and lam	york-castillo	0	0
blackwell, clark and lam	Event.Aid	local marine sanctuary	Recent aid donation of $2000 to the local marine sanctuary	Blackwell, Clark and Lam__0__1__The News Buoy	Positive	24	22	Entity.Organization.FishingCompany		blackwell, clark and lam	marine_sanctuary	0	7
blackwell, clark and lam	Event.Communication.Conference	prestigious conference	Recognized at a prestigious conference for their efforts	Blackwell, Clark and Lam__0__1__The News Buoy	Positive	24	22	Entity.Organization.FishingCompany		blackwell, clark and lam	rosario-melendez	0	15
bowers group	Event.Invest	safety	Bowers Group, a prominent fishing company, has been making significant strides in sustainable fishing practices and safety investments according to a company spokesman.	Bowers Group__0__0__Haacklee Herald	Negative	12	6	Entity.Organization.FishingCompany	Entity.Commodity	bowers group	safety	0	0
bowers group	Event.Aid	marine_sanctuary	Notably, on February 4th, Bowers Group donated to several marine sanctuary projects and invested in safety measures for their vessels.	Bowers Group__0__0__Haacklee Herald	Positive	12	16	Entity.Organization.FishingCompany		bowers group	marine_sanctuary	0	1
bowers group	Event.Invest	tracking_system	Moreover, the company has been consistently investing in tracking systems, sustainable nets, and other efficient practices, as evidenced by multiple transactions throughout March and April.	Bowers Group__0__0__Haacklee Herald	Neutral	12	15	Entity.Organization.FishingCompany	Entity.Commodity	bowers group	tracking_system	0	0
bowers group	Event.Transaction	dunn inc	Transactions during May indicate further expansion and collaboration within the industry. Bowers Group conducted several transactions with other reputable companies, including Dunn Inc, Conrad Ltd, and Chavez, Anderson and Taylor, emphasizing their strong standing and relationships within the fishing community.	Bowers Group__0__0__Haacklee Herald	Neutral	12	8	Entity.Organization.FishingCompany	Entity.Organization.Company	bowers group	dunn inc	0	0
bowers group	Event.Communication.Conference	rosario-melendez	The companys commitment to sustainability was further underscored by its participation in conferences alongside industry peers, such as Rosario-Melendez and Klein LLC, where discussions likely centered around best practices and innovative solutions for the future of fishing.	Bowers Group__0__0__Haacklee Herald	Negative	12	16	Entity.Organization.FishingCompany	Entity.Organization.FishingCompany	bowers group	rosario-melendez	0	0
bowers group	Event.Transaction	bishop-hernandez	Bowers Group continued expanding its sustainable fishing activities in the Cod Table and conducted transactions with Bishop-Hernandez, York-Castillo, Cooper, Holland and Nelson, Collins, Johnson and Lloyd, Dunn Inc, Conrad Ltd, and Chavez, Anderson and Taylor in May.	Bowers Group__0__0__Haacklee Herald	Neutral	12	16	Entity.Organization.FishingCompany	Entity.Organization.FishingCompany	bowers group	bishop-hernandez	0	0
bowers group	Event.Communication.Conference	klein llc	Bowers Group continued expanding its sustainable fishing activities in the Cod Table and conducted transactions with Bishop-Hernandez, York-Castillo, Cooper, Holland and Nelson, Collins, Johnson and Lloyd, Dunn Inc, Conrad Ltd, and Chavez, Anderson and Taylor in May. Additionally, Bowers Group participated in conferences with Rosario-Melendez and Klein LLC.	Bowers Group__0__0__Haacklee Herald	Neutral	12	9	Entity.Organization.FishingCompany	Entity.Organization.FishingCompany	bowers group	klein llc	0	0
bowers group	Event.Invest	efficiency	announced an investment of $10000 in sustainable and efficient nets with a built-in tracking system	Bowers Group__0__0__Lomark Daily	Positive	12	10	Entity.Organization.FishingCompany	Entity.Commodity	bowers group	efficiency	0	0
bowers group	Event.Aid	marine_sanctuary	gave $2000 to a clean up effort in a local marine sanctuary	Bowers Group__0__0__Lomark Daily	Positive	12	16	Entity.Organization.FishingCompany		bowers group	marine_sanctuary	0	1
bowers group	Event.Transaction	payne group	signed multiple fishing transactions with Payne Group	Bowers Group__0__0__Lomark Daily	Negative	12	11	Entity.Organization.FishingCompany	Entity.Organization.Company	bowers group	payne group	0	0
bowers group	Event.Transaction	cain, simpson and hernandez	signed multiple fishing transactions with Cain, Simpson and Hernandez	Bowers Group__0__0__Lomark Daily	Negative	12	27	Entity.Organization.FishingCompany	Entity.Organization.FishingCompany	bowers group	cain, simpson and hernandez	0	0
bowers group	Event.Transaction	brown, clarke and martinez	signed multiple fishing transactions with Brown, Clarke and Martinez	Bowers Group__0__0__Lomark Daily	Neutral	12	26	Entity.Organization.FishingCompany	Entity.Organization.FishingCompany	bowers group	brown, clarke and martinez	0	0
bowers group	Event.Transaction	jones group	signed multiple fishing transactions with Jones Group	Bowers Group__0__0__Lomark Daily	Neutral	12	11	Entity.Organization.FishingCompany	Entity.Organization.FishingCompany	bowers group	jones group	0	0
bowers group	Event.Transaction	smith, smith and barber	signed multiple fishing transactions with Smith, Smith and Barber	Bowers Group__0__0__Lomark Daily	Positive	12	23	Entity.Organization.FishingCompany	Entity.Organization.FishingCompany	bowers group	smith, smith and barber	0	0
bowers group	Event.Transaction	paul inc	signed a transaction for fishing in Cod Table and the Tuna Shelf using vessels seasirenf43, bluemarlinbandit292	Bowers Group__0__0__The News Buoy	Positive	12	8	Entity.Organization.FishingCompany	Entity.Organization.Company	bowers group	paul inc	0	0
bowers group	Event.Applaud	city of paackland	applaud the company for its commitment to sustainable fishing in Cod Table and Tuna Shelf	Bowers Group__0__0__The News Buoy	Positive	12	17	Entity.Organization.FishingCompany		bowers group	cook plc	0	12
bowers group	Event.Aid	marine_sanctuary	gave $2000 to a local marine sanctuary to support the conservation of marine life	Bowers Group__0__0__The News Buoy	Positive	12	16	Entity.Organization.FishingCompany		bowers group	marine_sanctuary	0	1
brown, clarke and martinez	Event.Transaction	phillips-newton	engaged with various partners, including Phillips-Newton, Franco-Stuart, and Evans Ltd	Brown, Clarke and Martinez__0__0__Haacklee Herald	Negative	26	15	Entity.Organization.FishingCompany	Entity.Organization.FishingCompany	brown, clarke and martinez	phillips-newton	0	0
brown, clarke and martinez	Event.Transaction	franco-stuart	engaged with various partners, including Phillips-Newton, Franco-Stuart, and Evans Ltd	Brown, Clarke and Martinez__0__0__Haacklee Herald	Negative	26	13	Entity.Organization.FishingCompany	Entity.Organization.FishingCompany	brown, clarke and martinez	franco-stuart	0	0
brown, clarke and martinez	Event.Transaction	evans ltd	engaged with various partners, including Phillips-Newton, Franco-Stuart, and Evans Ltd	Brown, Clarke and Martinez__0__0__Haacklee Herald	Positive	26	9	Entity.Organization.FishingCompany	Entity.Organization.Company	brown, clarke and martinez	evans ltd	0	0
brown, clarke and martinez	Event.Invest	safety	investments in safety and efficiency	Brown, Clarke and Martinez__0__0__Haacklee Herald	Negative	26	6	Entity.Organization.FishingCompany	Entity.Commodity	brown, clarke and martinez	safety	0	0
brown, clarke and martinez	Event.Invest	efficiency	investments in safety and efficiency	Brown, Clarke and Martinez__0__0__Haacklee Herald	Positive	26	10	Entity.Organization.FishingCompany	Entity.Commodity	brown, clarke and martinez	efficiency	0	0
brown, clarke and martinez	Event.Communication.Conference	henderson, hall and lutz	participation in conferences with Henderson, Hall and Lutz, and Bowers Group	Brown, Clarke and Martinez__0__0__Haacklee Herald	Positive	26	24	Entity.Organization.FishingCompany	Entity.Organization.FishingCompany	brown, clarke and martinez	henderson, hall and lutz	0	0
brown, clarke and martinez	Event.Communication.Conference	bowers group	participation in conferences with Henderson, Hall and Lutz, and Bowers Group	Brown, Clarke and Martinez__0__0__Haacklee Herald	Neutral	26	12	Entity.Organization.FishingCompany	Entity.Organization.FishingCompany	brown, clarke and martinez	bowers group	0	0
brown, clarke and martinez	Event.Transaction	cod table project	involvement in the Cod Table project, dedicated to sustainable fishing practices	Brown, Clarke and Martinez__0__0__Haacklee Herald	Positive	26	17	Entity.Organization.FishingCompany		brown, clarke and martinez	cod table	0	8
brown, clarke and martinez	Event.Invest	cod table project	involvement in the Cod Table project, dedicated to sustainable fishing practices	Brown, Clarke and Martinez__0__0__Haacklee Herald	Neutral	26	17	Entity.Organization.FishingCompany		brown, clarke and martinez	cod table	0	8
brown, clarke and martinez	Event.Aid	marine_sanctuary	investments in tracking systems and marine sanctuary aid	Brown, Clarke and Martinez__0__0__Haacklee Herald	Neutral	26	16	Entity.Organization.FishingCompany		brown, clarke and martinez	marine_sanctuary	0	1
brown, clarke and martinez	Event.Invest	tracking_system	investments in tracking systems and marine sanctuary aid	Brown, Clarke and Martinez__0__0__Haacklee Herald	Positive	26	15	Entity.Organization.FishingCompany	Entity.Commodity	brown, clarke and martinez	tracking_system	0	0
brown, clarke and martinez	Event.Invest	marine_sanctuary	investments in tracking systems and marine sanctuary aid	Brown, Clarke and Martinez__0__0__Haacklee Herald	Positive	26	16	Entity.Organization.FishingCompany		brown, clarke and martinez	marine_sanctuary	0	1
brown, clarke and martinez	Event.Fishing.Sustainablefishing	paackland and centralia	Received certificates for sustainable fishing in the Cod Table	Brown, Clarke and Martinez__0__0__Lomark Daily	Neutral	26	23	Entity.Organization.FishingCompany		brown, clarke and martinez	barnes and sons	0	16
brown, clarke and martinez	Event.Invest	sustainability efforts	Invested in sustainable nets throughout the period	Brown, Clarke and Martinez__0__0__Lomark Daily	Positive	26	22	Entity.Organization.FishingCompany		brown, clarke and martinez	sustainable_nets	0	9
brown, clarke and martinez	Event.Invest	safety	Regularly invested in safety	Brown, Clarke and Martinez__0__0__Lomark Daily	Positive	26	6	Entity.Organization.FishingCompany	Entity.Commodity	brown, clarke and martinez	safety	0	0
brown, clarke and martinez	Event.Aid	marine sanctuaries	Contributed to marine sanctuaries	Brown, Clarke and Martinez__0__0__Lomark Daily	Positive	26	18	Entity.Organization.FishingCompany		brown, clarke and martinez	marine_sanctuary	0	4
brown, clarke and martinez	Event.Invest	tracking systems	Invested in tracking systems	Brown, Clarke and Martinez__0__0__Lomark Daily	Positive	26	16	Entity.Organization.FishingCompany		brown, clarke and martinez	tracking_system	0	2
brown, clarke and martinez	Event.Invest	efficiency	Invested in efficiency	Brown, Clarke and Martinez__0__0__Lomark Daily	Positive	26	10	Entity.Organization.FishingCompany	Entity.Commodity	brown, clarke and martinez	efficiency	0	0
brown, clarke and martinez	Event.Communication.Conference	safety and efficiency	Participated in conferences related to safety and efficiency	Brown, Clarke and Martinez__0__0__Lomark Daily	Neutral	26	21	Entity.Organization.FishingCompany		brown, clarke and martinez	efficiency	0	11
brown, clarke and martinez	Event.Transaction	flores ltd	Engaged in transactions with Flores Ltd	Brown, Clarke and Martinez__0__0__Lomark Daily	Positive	26	10	Entity.Organization.FishingCompany	Entity.Organization.FishingCompany	brown, clarke and martinez	flores ltd	0	0
brown, clarke and martinez	Event.Transaction	harrington inc	Engaged in transactions with Harrington Inc	Brown, Clarke and Martinez__0__0__Lomark Daily	Positive	26	14	Entity.Organization.FishingCompany	Entity.Organization.FishingCompany	brown, clarke and martinez	harrington inc	0	0
brown, clarke and martinez	Event.Transaction	faulkner, schmidt and wheeler	Engaged in transactions with Faulkner, Schmidt and Wheeler	Brown, Clarke and Martinez__0__0__Lomark Daily	Positive	26	29	Entity.Organization.FishingCompany	Entity.Organization.Company	brown, clarke and martinez	faulkner, schmidt and wheeler	0	0
brown, clarke and martinez	Event.Transaction	harper inc	Engaged in transactions with Harper Inc	Brown, Clarke and Martinez__0__0__Lomark Daily	Positive	26	10	Entity.Organization.FishingCompany	Entity.Organization.FishingCompany	brown, clarke and martinez	harper inc	0	0
brown, clarke and martinez	Event.Transaction	watson-gray	Engaged in transactions with Watson-Gray	Brown, Clarke and Martinez__0__0__Lomark Daily	Positive	26	11	Entity.Organization.FishingCompany	Entity.Organization.FishingCompany	brown, clarke and martinez	watson-gray	0	0
brown, clarke and martinez	Event.Transaction	hernandez, levy and hanson	Engaged in transactions with Hernandez, Levy and Hanson	Brown, Clarke and Martinez__0__0__Lomark Daily	Positive	26	26	Entity.Organization.FishingCompany	Entity.Organization.Company	brown, clarke and martinez	hernandez, levy and hanson	0	0
brown, clarke and martinez	Event.Transaction	greer-holder	Engaged in transactions with Greer-Holder	Brown, Clarke and Martinez__0__0__Lomark Daily	Neutral	26	12	Entity.Organization.FishingCompany	Entity.Organization.FishingCompany	brown, clarke and martinez	greer-holder	0	0
brown, clarke and martinez	Event.Transaction	wilcox-nelson	Engaged in transactions with Wilcox-Nelson	Brown, Clarke and Martinez__0__0__Lomark Daily	Positive	26	13	Entity.Organization.FishingCompany	Entity.Organization.FishingCompany	brown, clarke and martinez	wilcox-nelson	0	0
brown, clarke and martinez	Event.Transaction	evans ltd	Engaged in transactions with Evans Ltd	Brown, Clarke and Martinez__0__0__Lomark Daily	Positive	26	9	Entity.Organization.FishingCompany	Entity.Organization.Company	brown, clarke and martinez	evans ltd	0	0
brown, clarke and martinez	Event.Transaction	brown-stokes	Engaged in transactions with Brown-Stokes	Brown, Clarke and Martinez__0__0__Lomark Daily	Neutral	26	12	Entity.Organization.FishingCompany	Entity.Organization.Company	brown, clarke and martinez	brown-stokes	0	0
brown, clarke and martinez	Event.Transaction	roth, logan and moreno	Engaged in transactions with Roth, Logan and	Brown, Clarke and Martinez__0__0__Lomark Daily	Positive	26	22	Entity.Organization.FishingCompany	Entity.Organization.FishingCompany	brown, clarke and martinez	roth, logan and moreno	0	0
brown, clarke and martinez	Event.Fishing.Sustainablefishing	brown, clarke and martinez	purported commitment to sustainable fishing practices	Brown, Clarke and Martinez__0__0__The News Buoy	Neutral	26	26	Entity.Organization.FishingCompany	Entity.Organization.FishingCompany	brown, clarke and martinez	brown, clarke and martinez	0	0
brown, clarke and martinez	Event.Transaction	various companies	involved in transactions with various companies	Brown, Clarke and Martinez__0__0__The News Buoy	Neutral	26	17	Entity.Organization.FishingCompany		brown, clarke and martinez	ross-curtis	0	11
brown, clarke and martinez	Event.Certificateissued	local authorities	received certificates from local authorities	Brown, Clarke and Martinez__0__0__The News Buoy	Positive	26	17	Entity.Organization.FishingCompany		brown, clarke and martinez	ross-curtis	0	11
brown, clarke and martinez	Event.Communication.Conference	local councilmember	"stated, ""While its encouraging to see companies like Brown, Clarke and Martinez taking steps towards sustainable fishing, we need to ensure that these efforts translate into tangible benefits for our marine ecosystem. We cannot afford to compromise the long-term health of our oceans for short-term gains."""	Brown, Clarke and Martinez__0__0__The News Buoy	Neutral	26	19	Entity.Organization.FishingCompany		brown, clarke and martinez	rosario-melendez	0	13
brown, clarke and martinez	Event.Criticize	critics	questioning the companys motives and the transparency of its operations	Brown, Clarke and Martinez__0__0__The News Buoy	Neutral	26	7	Entity.Organization.FishingCompany		brown, clarke and martinez	frey inc	0	6
brown, clarke and martinez	Event.Communication.Conference	stakeholders	are calling for greater transparency, accountability, and independent oversight to ensure that companies like Brown, Clarke and Martinez fulfill their commitments to environmental stewardship	Brown, Clarke and Martinez__0__0__The News Buoy	Positive	26	12	Entity.Organization.FishingCompany		brown, clarke and martinez	greer-holder	0	7
brown, clarke and martinez	Event.Aid	marine_sanctuary	In the month of June, 2035, the company gave over $1000 to a local marine sanctuary.	Brown, Clarke and Martinez__0__1__Haacklee Herald	Neutral	26	16	Entity.Organization.FishingCompany		brown, clarke and martinez	marine_sanctuary	0	1
brown, clarke and martinez	Event.Transaction	eaton-osborne	Brown, Clarke and Martinez signed multiple fishing transactions with Eaton-Osborne.	Brown, Clarke and Martinez__0__1__Haacklee Herald	Neutral	26	13	Entity.Organization.FishingCompany		brown, clarke and martinez	watson-gray	0	8
brown, clarke and martinez	Event.Transaction	york-castillo	Brown, Clarke and Martinez signed multiple fishing transactions with York-Castillo.	Brown, Clarke and Martinez__0__1__Haacklee Herald	Neutral	26	13	Entity.Organization.FishingCompany	Entity.Organization.FishingCompany	brown, clarke and martinez	york-castillo	0	0
brown, clarke and martinez	Event.Transaction	cod table	The company is also interested in a new technology that makes sustainable fishing practices more efficient for their operations in the Cod Table.	Brown, Clarke and Martinez__0__1__Haacklee Herald	Positive	26	9	Entity.Organization.FishingCompany	Entity.Location.Region	brown, clarke and martinez	cod table	0	0
brown, clarke and martinez	Event.Invest	sustainable_nets	invest in efficiency-related projects and has put $500,000 into sustainable nets aiming to improve the sustainability of their fishing practices	Brown, Clarke and Martinez__0__1__Lomark Daily	Positive	26	16	Entity.Organization.FishingCompany	Entity.Commodity	brown, clarke and martinez	sustainable_nets	0	0
brown, clarke and martinez	Event.Transaction	other companies in the industry	involved in multiple fishing transactions with other companies in the industry aimed at promoting sustainable and legal fishing practices	Brown, Clarke and Martinez__0__1__Lomark Daily	Neutral	26	31	Entity.Organization.FishingCompany		brown, clarke and martinez	cooper, holland and nelson	0	21
brown, clarke and martinez	Event.Invest	efficiency	invested in efficiency on June 30th, 2035	Brown, Clarke and Martinez__0__1__The News Buoy	Neutral	26	10	Entity.Organization.FishingCompany	Entity.Commodity	brown, clarke and martinez	efficiency	0	0
brown, clarke and martinez	Event.Transaction	wilcox-nelson	involved in transactions with Wilcox-Nelson on the same day	Brown, Clarke and Martinez__0__1__The News Buoy	Neutral	26	13	Entity.Organization.FishingCompany	Entity.Organization.FishingCompany	brown, clarke and martinez	wilcox-nelson	0	0
brown, clarke and martinez	Event.Transaction	horn and sons	involved in transactions with Horn and Sons on the same day	Brown, Clarke and Martinez__0__1__The News Buoy	Neutral	26	13	Entity.Organization.FishingCompany	Entity.Organization.FishingCompany	brown, clarke and martinez	horn and sons	0	0
burns inc	Event.Invest	efficiency	has invested in efficient sustainable nets and tracking systems to ensure responsible fishing	Burns Inc__0__0__Haacklee Herald	Neutral	9	10	Entity.Organization.FishingCompany	Entity.Commodity	burns inc	efficiency	0	0
burns inc	Event.Transaction	eaton-osborne	has been involved in several transactions with other reputable companies	Burns Inc__0__0__Haacklee Herald	Positive	9	13	Entity.Organization.FishingCompany		burns inc	watson-gray	0	8
burns inc	Event.Transaction	york-castillo	has been involved in several transactions with other reputable companies	Burns Inc__0__0__Haacklee Herald	Positive	9	13	Entity.Organization.FishingCompany	Entity.Organization.FishingCompany	burns inc	york-castillo	0	0
burns inc	Event.Transaction	williams-moon	has been involved in several transactions with other reputable companies	Burns Inc__0__0__Haacklee Herald	Positive	9	13	Entity.Organization.FishingCompany	Entity.Organization.Company	burns inc	williams-moon	0	0
burns inc	Event.Fishing.Sustainablefishing	various organizations	has been recognized for its efforts in sustainable fishing, receiving awards and recognition from various organizations	Burns Inc__0__0__Haacklee Herald	Neutral	9	21	Entity.Organization.FishingCompany		burns inc	barnes and sons	0	12
burns inc	Event.Invest	efficient sustainable nets, tracking systems, and $2000 to a local marine sanctuary as aid		Burns Inc__0__0__Lomark Daily	Neutral	9	90	Entity.Organization.FishingCompany		burns inc	paackland fishermen's rights enforcement network	0	68
burns inc	Event.Transaction	eaton-osborne		Burns Inc__0__0__Lomark Daily	Neutral	9	13	Entity.Organization.FishingCompany		burns inc	watson-gray	0	8
burns inc	Event.Transaction	york-castillo		Burns Inc__0__0__Lomark Daily	Positive	9	13	Entity.Organization.FishingCompany	Entity.Organization.FishingCompany	burns inc	york-castillo	0	0
burns inc	Event.Acquisition	cod table		Burns Inc__0__0__Lomark Daily	Positive	9	9	Entity.Organization.FishingCompany	Entity.Location.Region	burns inc	cod table	0	0
burns inc	Event.Expansion	market share in the industry		Burns Inc__0__0__Lomark Daily	Positive	9	28	Entity.Organization.FishingCompany		burns inc	marine_sanctuary	0	18
burns inc	Event.Training	employees		Burns Inc__0__0__Lomark Daily	Positive	9	9	Entity.Organization.FishingCompany		burns inc	nemo reef	0	6
burns inc	Event.Certification	employees		Burns Inc__0__0__Lomark Daily	Positive	9	9	Entity.Organization.FishingCompany		burns inc	nemo reef	0	6
burns inc	Event.Collaboration	environmental organizations		Burns Inc__0__0__Lomark Daily	Positive	9	27	Entity.Organization.FishingCompany		burns inc	barnes and sons	0	18
burns inc	Event.Invest	efficiency	investing in efficient sustainable nets and tracking system	Burns Inc__0__0__The News Buoy	Positive	9	10	Entity.Organization.FishingCompany	Entity.Commodity	burns inc	efficiency	0	0
burns inc	Event.Aid	local marine sanctuary	given $2000 as aid in the month of July, 2035	Burns Inc__0__0__The News Buoy	Neutral	9	22	Entity.Organization.FishingCompany		burns inc	marine_sanctuary	0	7
burns inc	Event.Transaction	eaton-osborne	signed multiple fishing transactions	Burns Inc__0__0__The News Buoy	Positive	9	13	Entity.Organization.FishingCompany		burns inc	watson-gray	0	8
burns inc	Event.Transaction	york-castillo fishing	signed multiple fishing transactions	Burns Inc__0__0__The News Buoy	Positive	9	21	Entity.Organization.FishingCompany		burns inc	york-castillo	0	8
burns inc	Event.Transaction	logistic companies	signed multiple fishing transactions	Burns Inc__0__0__The News Buoy	Positive	9	18	Entity.Organization.FishingCompany		burns inc	martinez-daniels	0	12
burns inc	Event.Fishing	legal fishing	interested in sustainable legal fishing	Burns Inc__0__0__The News Buoy	Positive	9	13	Entity.Organization.FishingCompany		burns inc	lutz-fleming	0	8
burns inc	Event.Communication.Conference	davis-boyd	Burns Inc. to Host Conference on Sustainable Fishing	Burns Inc__0__1__Haacklee Herald	Positive	10	10		Entity.Organization.FishingCompany	burns inc	davis-boyd	1	0
burns inc	Event.Communication.Conference	brown, clarke and martinez	Burns Inc. to Host Conference on Sustainable Fishing	Burns Inc__0__1__Haacklee Herald	Positive	10	27			burns inc	brown, clarke and martinez	1	1
burns inc	Event.Invest	efficiency	investing in efficient and environmentally friendly nets	Burns Inc__0__1__Haacklee Herald	Neutral	10	10		Entity.Commodity	burns inc	efficiency	1	0
burns inc	Event.Aid	local marine sanctuary	providing aid to the Local marine sanctuary	Burns Inc__0__1__Haacklee Herald	Positive	10	22			burns inc	marine_sanctuary	1	7
burns inc	Event.Transaction	lutz-fleming	entered into a transaction with Lutz-Fleming, a fishing company	Burns Inc__0__1__Lomark Daily	Positive	10	12		Entity.Organization.FishingCompany	burns inc	lutz-fleming	1	0
burns inc	Event.Transaction	henderson, hall and lutz	entered into a transaction with Henderson, Hall, and Lutz, a logistics company	Burns Inc__0__1__Lomark Daily	Neutral	10	25			burns inc	henderson, hall and lutz	1	1
burns inc	Event.Invest	sustainable_nets	investment in sustainable nets	Burns Inc__0__1__Lomark Daily	Neutral	10	16		Entity.Commodity	burns inc	sustainable_nets	1	0
burns inc	Event.Invest	tracking_system	investment in tracking systems	Burns Inc__0__1__Lomark Daily	Positive	10	15		Entity.Commodity	burns inc	tracking_system	1	0
burns inc	Event.Aid	local marine sanctuary	donation of $2000 to Local marine sanctuary	Burns Inc__0__1__Lomark Daily	Positive	10	22			burns inc	marine_sanctuary	1	7
burns inc	Event.Invest	sustainable_fishing_practices	actively investing in sustainable fishing practices	Burns Inc__0__1__The News Buoy	Neutral	10	29			burns inc	sustainable_nets	1	14
burns inc	Event.Invest	sustainable_net_technologies	invested $10,000 in the latest sustainable net technologies	Burns Inc__0__1__The News Buoy	Positive	10	28			burns inc	sustainable_nets	1	12
burns inc	Event.Invest	tracking_system	invested $5,000 in a state-of-the-art tracking system	Burns Inc__0__1__The News Buoy	Positive	10	15		Entity.Commodity	burns inc	tracking_system	1	0
burns inc	Event.Communication.Conference	york-castillo	participating in industry conferences	Burns Inc__0__1__The News Buoy	Positive	10	13		Entity.Organization.FishingCompany	burns inc	york-castillo	1	0
burns inc	Event.Transaction	smith, smith and barber	transactions with other companies	Burns Inc__0__1__The News Buoy	Positive	10	23		Entity.Organization.FishingCompany	burns inc	smith, smith and barber	1	0
burns inc	Event.Aid	marine_sanctuary	provided $25,000 in aid to a local marine sanctuary	Burns Inc__0__1__The News Buoy	Neutral	10	16		Entity.Organization	burns inc	marine_sanctuary	1	0
cervantes-kramer	Event.Invest	efficiency	investing in efficient sustainable nets, tracking systems, and has recently given $2000 to the local marine sanctuary as aid	Cain, Simpson and Hernandez__0__0__Haacklee Herald	Positive	16	10	Entity.Organization.FishingCompany	Entity.Commodity	cervantes-kramer	efficiency	0	0
cervantes-kramer	Event.Transaction	eaton-osborne	signed multiple fishing transactions	Cain, Simpson and Hernandez__0__0__Haacklee Herald	Positive	16	13	Entity.Organization.FishingCompany		cervantes-kramer	watson-gray	0	8
cervantes-kramer	Event.Transaction	york-castillo	signed multiple fishing transactions	Cain, Simpson and Hernandez__0__0__Haacklee Herald	Neutral	16	13	Entity.Organization.FishingCompany	Entity.Organization.FishingCompany	cervantes-kramer	york-castillo	0	0
cervantes-kramer	Event.Transaction	logistic companies	signed multiple fishing transactions	Cain, Simpson and Hernandez__0__0__Haacklee Herald	Positive	16	18	Entity.Organization.FishingCompany		cervantes-kramer	martinez-daniels	0	12
cervantes-kramer	Event.Aid	marine_sanctuary	given $2000 to the local marine sanctuary as aid	Cain, Simpson and Hernandez__0__0__Haacklee Herald	Neutral	16	16	Entity.Organization.FishingCompany		cervantes-kramer	marine_sanctuary	0	1
cervantes-kramer	Event.Collaboration.Partners	cain, simpson and hernandez	Cain, Simpson and Hernandez has been particularly impressed with Cervantes-Kramer	Cain, Simpson and Hernandez__0__0__Haacklee Herald	Positive	16	27	Entity.Organization.FishingCompany	Entity.Organization.FishingCompany	cervantes-kramer	cain, simpson and hernandez	0	0
cain, simpson and hernandez	Event.Invest	efficiency	Cain, Simpson and Hernandez is a fishing company based in Wrasse Beds area. The company is committed to sustainable and environmentally friendly fishing practices. Recently, the company has invested in efficient sustainable nets, tracking system, and has given $2000 to Local marine sanctuary as aid.	Cain, Simpson and Hernandez__0__0__Lomark Daily	Positive	27	10	Entity.Organization.FishingCompany	Entity.Commodity	cain, simpson and hernandez	efficiency	0	0
cain, simpson and hernandez	Event.Transaction	eaton-osborne	Cain, Simpson and Hernandez has acquired several new vessels, including the Cod Table and Wrasse Beds to expand their fishing operations. The company has also invested in a new tracking system to monitor their fishing activities and ensure sustainability.	Cain, Simpson and Hernandez__0__0__Lomark Daily	Positive	27	13	Entity.Organization.FishingCompany		cain, simpson and hernandez	watson-gray	0	8
cain, simpson and hernandez	Event.Transaction	york-castillo	Cain, Simpson and Hernandez has acquired several new vessels, including the Cod Table and Wrasse Beds to expand their fishing operations. The company has also invested in a new tracking system to monitor their fishing activities and ensure sustainability.	Cain, Simpson and Hernandez__0__0__Lomark Daily	Positive	27	13	Entity.Organization.FishingCompany	Entity.Organization.FishingCompany	cain, simpson and hernandez	york-castillo	0	0
cain, simpson and hernandez	Event.Aid	marine_sanctuary	Cain, Simpson and Hernandez is a fishing company based in Wrasse Beds area. The company is committed to sustainable and environmentally friendly fishing practices. Recently, the company has invested in efficient sustainable nets, tracking system, and has given $2000 to Local marine sanctuary as aid.	Cain, Simpson and Hernandez__0__0__Lomark Daily	Neutral	27	16	Entity.Organization.FishingCompany		cain, simpson and hernandez	marine_sanctuary	0	1
cain, simpson and hernandez	Event.Fishing.Sustainablefishing	city of lomark	applauded by local organizations, including City Of Lomark, for their efforts in sustainable legal fishing	Cain, Simpson and Hernandez__0__0__The News Buoy	Positive	27	14	Entity.Organization.FishingCompany		cain, simpson and hernandez	hughes-clark	0	10
cain, simpson and hernandez	Event.Aid	local marine sanctuary	been investing in the local community, with a recent $2000 aid to Local marine sanctuary	Cain, Simpson and Hernandez__0__0__The News Buoy	Neutral	27	22	Entity.Organization.FishingCompany		cain, simpson and hernandez	marine_sanctuary	0	7
cain, simpson and hernandez	Event.Transaction	ross-curtis	involved in several fishing transactions with other reputable companies, including Ross-Curtis	Cain, Simpson and Hernandez__0__0__The News Buoy	Positive	27	11	Entity.Organization.FishingCompany	Entity.Organization.Company	cain, simpson and hernandez	ross-curtis	0	0
cain, simpson and hernandez	Event.Transaction	velasquez inc	involved in several fishing transactions with other reputable companies, including Velasquez Inc	Cain, Simpson and Hernandez__0__0__The News Buoy	Positive	27	13	Entity.Organization.FishingCompany	Entity.Organization.Company	cain, simpson and hernandez	velasquez inc	0	0
cain, simpson and hernandez	Event.Transaction	harrell-walters	involved in several fishing transactions with other reputable companies, including Harrell-Walters	Cain, Simpson and Hernandez__0__0__The News Buoy	Positive	27	15	Entity.Organization.FishingCompany	Entity.Organization.FishingCompany	cain, simpson and hernandez	harrell-walters	0	0
castillo-elliott	Event.Fishing.Sustainablefishing	city of himark	granted fishing certificates by both the City of Himark and the City of South Paackland, emphasizing its commitment to regulated and eco-friendly fishing practices	Castillo-Elliott__0__0__Haacklee Herald	Positive	16	14	Entity.Organization.FishingCompany		castillo-elliott	frey inc	0	11
castillo-elliott	Event.Transaction	alvarez plc	engaged in multiple transactions with key players in the industry such as Alvarez PLC, Bell, Reynolds and Forbes, and the Olsen Group	Castillo-Elliott__0__0__Haacklee Herald	Positive	16	11	Entity.Organization.FishingCompany	Entity.Organization.FishingCompany	castillo-elliott	alvarez plc	0	0
castillo-elliott	Event.Aid	local marine sanctuaries	contributing significantly to local marine sanctuaries	Castillo-Elliott__0__0__Haacklee Herald	Positive	16	24	Entity.Organization.FishingCompany		castillo-elliott	marine_sanctuary	0	10
castillo-elliott	Event.Communication.Conference	cook plc	been instrumental in pushing forward discussions on sustainable marine practices and safety improvements in fishing technologies	Castillo-Elliott__0__0__Haacklee Herald	Positive	16	8	Entity.Organization.FishingCompany	Entity.Organization.FishingCompany	castillo-elliott	cook plc	0	0
castillo-elliott	Event.Communication.Conference	jackson inc	been instrumental in pushing forward discussions on sustainable marine practices and safety improvements in fishing technologies	Castillo-Elliott__0__0__Haacklee Herald	Positive	16	11	Entity.Organization.FishingCompany	Entity.Organization.FishingCompany	castillo-elliott	jackson inc	0	0
castillo-elliott	Event.Invest	efficiency	Invested in sustainable nets and efficiency improvements	Castillo-Elliott__0__0__Lomark Daily	Positive	16	10	Entity.Organization.FishingCompany	Entity.Commodity	castillo-elliott	efficiency	0	0
castillo-elliott	Event.Communication.Conference	barnett ltd	Engaged in conferences with industry leaders Barnett Ltd, Hines-Douglas, and Olsen Group	Castillo-Elliott__0__0__Lomark Daily	Neutral	16	11	Entity.Organization.FishingCompany	Entity.Organization.FishingCompany	castillo-elliott	barnett ltd	0	0
castillo-elliott	Event.Communication.Conference	hines-douglas	Engaged in conferences with industry leaders Barnett Ltd, Hines-Douglas, and Olsen Group	Castillo-Elliott__0__0__Lomark Daily	Positive	16	13	Entity.Organization.FishingCompany	Entity.Organization.FishingCompany	castillo-elliott	hines-douglas	0	0
castillo-elliott	Event.Communication.Conference	olsen group	Engaged in conferences with industry leaders Barnett Ltd, Hines-Douglas, and Olsen Group	Castillo-Elliott__0__0__Lomark Daily	Positive	16	11	Entity.Organization.FishingCompany	Entity.Organization.FishingCompany	castillo-elliott	olsen group	0	0
castillo-elliott	Event.Transaction	burns inc	Conducted multiple transactions with companies like Burns Inc, Rosario-Melendez, and Wu-Hart	Castillo-Elliott__0__0__Lomark Daily	Positive	16	9	Entity.Organization.FishingCompany	Entity.Organization.FishingCompany	castillo-elliott	burns inc	0	0
castillo-elliott	Event.Transaction	rosario-melendez	Conducted multiple transactions with companies like Burns Inc, Rosario-Melendez, and Wu-Hart	Castillo-Elliott__0__0__Lomark Daily	Positive	16	16	Entity.Organization.FishingCompany	Entity.Organization.FishingCompany	castillo-elliott	rosario-melendez	0	0
castillo-elliott	Event.Transaction	wu-hart	Conducted multiple transactions with companies like Burns Inc, Rosario-Melendez, and Wu-Hart	Castillo-Elliott__0__0__Lomark Daily	Positive	16	7	Entity.Organization.FishingCompany	Entity.Organization.FishingCompany	castillo-elliott	wu-hart	0	0
castillo-elliott	Event.Invest	sustainable_nets	Invested in sustainable nets and efficiency improvements	Castillo-Elliott__0__0__Lomark Daily	Neutral	16	16	Entity.Organization.FishingCompany	Entity.Commodity	castillo-elliott	sustainable_nets	0	0
castillo-elliott	Event.Certificateissued	city of himark	Received certificates from the City of Himark and South Paackland allowing fishing in the Tuna Shelf and Cod Table	Castillo-Elliott__0__0__Lomark Daily	Positive	16	14	Entity.Organization.FishingCompany		castillo-elliott	frey inc	0	11
castillo-elliott	Event.Certificateissued	city of south paackland	Received certificates from the City of Himark and South Paackland allowing fishing in the Tuna Shelf and Cod Table	Castillo-Elliott__0__0__Lomark Daily	Positive	16	23	Entity.Organization.FishingCompany		castillo-elliott	thompson-padilla	0	15
castillo-elliott	Event.Aid	marine_sanctuary	Partnered with the Marine Sanctuary to provide aid	Castillo-Elliott__0__0__Lomark Daily	Neutral	16	16	Entity.Organization.FishingCompany		castillo-elliott	marine_sanctuary	0	1
castillo-elliott	Event.Invest	safety	Invested in safety measures	Castillo-Elliott__0__0__Lomark Daily	Positive	16	6	Entity.Organization.FishingCompany	Entity.Commodity	castillo-elliott	safety	0	0
castillo-elliott	Event.Transaction	turner-green	Transactions with Turner-Green, Burns Inc, and others highlighted their ongoing collaborations within the industry	Castillo-Elliott__0__0__Lomark Daily	Neutral	16	12	Entity.Organization.FishingCompany	Entity.Organization.FishingCompany	castillo-elliott	turner-green	0	0
castillo-elliott	Event.Transaction	burns inc	Transactions with Turner-Green,	Castillo-Elliott__0__0__Lomark Daily	Positive	16	9	Entity.Organization.FishingCompany	Entity.Organization.FishingCompany	castillo-elliott	burns inc	0	0
castillo-elliott	Event.Certificateissued	castillo-elliott	awarded fishing certificates for the Tuna Shelf and Cod Table regions	Castillo-Elliott__0__0__The News Buoy	Positive	16	16	Entity.Organization.FishingCompany	Entity.Organization.FishingCompany	castillo-elliott	castillo-elliott	0	0
castillo-elliott	Event.Invest	efficiency	invests in tracking systems, sustainable nets, and commodity safety measures	Castillo-Elliott__0__0__The News Buoy	Neutral	16	10	Entity.Organization.FishingCompany	Entity.Commodity	castillo-elliott	efficiency	0	0
castillo-elliott	Event.Communication.Conference	rosario-melendez	participates in conferences	Castillo-Elliott__0__0__The News Buoy	Positive	16	16	Entity.Organization.FishingCompany	Entity.Organization.FishingCompany	castillo-elliott	rosario-melendez	0	0
castillo-elliott	Event.Transaction	york-castillo	completes successful transactions	Castillo-Elliott__0__0__The News Buoy	Positive	16	13	Entity.Organization.FishingCompany	Entity.Organization.FishingCompany	castillo-elliott	york-castillo	0	0
castillo-elliott	Event.Transaction	cooper, holland and nelson	completes successful transactions	Castillo-Elliott__0__0__The News Buoy	Positive	16	26	Entity.Organization.FishingCompany	Entity.Organization.FishingCompany	castillo-elliott	cooper, holland and nelson	0	0
castillo-elliott	Event.Transaction	jones, davis and grant	completes successful transactions	Castillo-Elliott__0__0__The News Buoy	Positive	16	22	Entity.Organization.FishingCompany	Entity.Organization.FishingCompany	castillo-elliott	jones, davis and grant	0	0
castillo-elliott	Event.Transaction	cain, simpson and hernandez	completes successful transactions	Castillo-Elliott__0__0__The News Buoy	Positive	16	27	Entity.Organization.FishingCompany	Entity.Organization.FishingCompany	castillo-elliott	cain, simpson and hernandez	0	0
castillo-elliott	Event.Transaction	hines-douglas	completes successful transactions	Castillo-Elliott__0__0__The News Buoy	Positive	16	13	Entity.Organization.FishingCompany	Entity.Organization.FishingCompany	castillo-elliott	hines-douglas	0	0
castillo-elliott	Event.Aid	marine_sanctuary	contributes to Marine Sanctuary Aid programs	Castillo-Elliott__0__0__The News Buoy	Neutral	16	16	Entity.Organization.FishingCompany		castillo-elliott	marine_sanctuary	0	1
castillo-elliott	Event.Transaction	mcgee and sons	concludes transactions	Castillo-Elliott__0__0__The News Buoy	Positive	16	14	Entity.Organization.FishingCompany	Entity.Organization.FishingCompany	castillo-elliott	mcgee and sons	0	0
castillo-elliott	Event.Transaction	archer-johnson	concludes transactions	Castillo-Elliott__0__0__The News Buoy	Positive	16	14	Entity.Organization.FishingCompany	Entity.Organization.Company	castillo-elliott	archer-johnson	0	0
castillo-elliott	Event.Invest	safety	invests in commodity efficiency and safety	Castillo-Elliott__0__0__The News Buoy	Neutral	16	6	Entity.Organization.FishingCompany	Entity.Commodity	castillo-elliott	safety	0	0
castillo-elliott	Event.Communication.Conference	olsen group	attends conferences	Castillo-Elliott__0__0__The News Buoy	Positive	16	11	Entity.Organization.FishingCompany	Entity.Organization.FishingCompany	castillo-elliott	olsen group	0	0
castillo-elliott	Event.Communication.Conference	burns inc	attends conferences	Castillo-Elliott__0__0__The News Buoy	Positive	16	9	Entity.Organization.FishingCompany	Entity.Organization.FishingCompany	castillo-elliott	burns inc	0	0
castillo-elliott	Event.Invest	sustainable_nets	invests in sustainable nets	Castillo-Elliott__0__0__The News Buoy	Positive	16	16	Entity.Organization.FishingCompany	Entity.Commodity	castillo-elliott	sustainable_nets	0	0
castillo-elliott	Event.Communication.Conference	thompson-padilla	attends conferences	Castillo-Elliott__0__0__The News Buoy	Positive	16	16	Entity.Organization.FishingCompany	Entity.Organization.FishingCompany	castillo-elliott	thompson-padilla	0	0
castillo-elliott	Event.Communication.Conference	spencer, richards and wilson	attends conferences	Castillo-Elliott__0__0__The News Buoy	Neutral	16	28	Entity.Organization.FishingCompany	Entity.Organization.FishingCompany	castillo-elliott	spencer, richards and wilson	0	0
castillo-elliott	Event.Transaction	roth, logan and moreno	involved in transactions	Castillo-Elliott__0__0__The News Buoy	Positive	16	22	Entity.Organization.FishingCompany	Entity.Organization.FishingCompany	castillo-elliott	roth, logan and moreno	0	0
castillo-elliott	Event.Transaction	solis-lopez	involved in transactions	Castillo-Elliott__0__0__The News Buoy	Positive	16	11	Entity.Organization.FishingCompany	Entity.Organization.FishingCompany	castillo-elliott	solis-lopez	0	0
castillo-elliott	Event.Invest	murphy, marshall and pope	transactions involving safety and tracking technologies	Castillo-Elliott__0__1__Haacklee Herald	Positive	16	26	Entity.Organization.FishingCompany		castillo-elliott	murphy, marshall and pope	0	1
castillo-elliott	Event.Invest	mclaughlin-chandler	transactions related to safety technologies	Castillo-Elliott__0__1__Haacklee Herald	Positive	16	19	Entity.Organization.FishingCompany	Entity.Organization.FishingCompany	castillo-elliott	mclaughlin-chandler	0	0
castillo-elliott	Event.Invest	murphy, marshall and pope	transactions involving safety and tracking technologies	Castillo-Elliott__0__1__Haacklee Herald	Positive	16	26	Entity.Organization.FishingCompany		castillo-elliott	murphy, marshall and pope	0	1
castillo-elliott	Event.Invest	efficiency	making significant investments in the future of fishing	Castillo-Elliott__0__1__Lomark Daily	Neutral	16	10	Entity.Organization.FishingCompany	Entity.Commodity	castillo-elliott	efficiency	0	0
castillo-elliott	Event.Invest	tracking_system	making significant investments in the future of fishing	Castillo-Elliott__0__1__Lomark Daily	Positive	16	15	Entity.Organization.FishingCompany	Entity.Commodity	castillo-elliott	tracking_system	0	0
castillo-elliott	Event.Aid	marine_sanctuary	given $5000 to a local marine sanctuary as aid	Castillo-Elliott__0__1__Lomark Daily	Neutral	16	16	Entity.Organization.FishingCompany	Entity.Organization	castillo-elliott	marine_sanctuary	0	0
castillo-elliott	Event.Transaction	horn and sons	signed multiple fishing transactions	Castillo-Elliott__0__1__Lomark Daily	Positive	16	13	Entity.Organization.FishingCompany	Entity.Organization.FishingCompany	castillo-elliott	horn and sons	0	0
castillo-elliott	Event.Transaction	spencer, richards and wilson	signed multiple fishing transactions	Castillo-Elliott__0__1__Lomark Daily	Positive	16	28	Entity.Organization.FishingCompany	Entity.Organization.FishingCompany	castillo-elliott	spencer, richards and wilson	0	0
castillo-elliott	Event.Transaction	archer-johnson	signed multiple fishing transactions	Castillo-Elliott__0__1__Lomark Daily	Positive	16	14	Entity.Organization.FishingCompany	Entity.Organization.Company	castillo-elliott	archer-johnson	0	0
castillo-elliott	Event.Aid	local marine sanctuary	given $10,000 to Local marine sanctuary as aid	Castillo-Elliott__0__1__The News Buoy	Positive	16	22	Entity.Organization.FishingCompany		castillo-elliott	marine_sanctuary	0	7
castillo-elliott	Event.Transaction	wilson-grant	signed multiple fishing transactions with Wilson-Grant	Castillo-Elliott__0__1__The News Buoy	Positive	16	12	Entity.Organization.FishingCompany	Entity.Organization.Company	castillo-elliott	wilson-grant	0	0
castillo-elliott	Event.Communication.Conference	industry leaders	involved in a conference with other industry leaders to discuss the future of sustainable fishing	Castillo-Elliott__0__1__The News Buoy	Positive	16	16	Entity.Organization.FishingCompany		castillo-elliott	sustainable_nets	0	11
cervantes-kramer	Event.Invest	efficiency	significant investments in sustainable fishing practices	Cervantes-Kramer__1__0__Haacklee Herald	Neutral	16	10	Entity.Organization.FishingCompany	Entity.Commodity	cervantes-kramer	efficiency	0	0
cervantes-kramer	Event.Transaction	eaton-osborne	entered into multiple fishing transactions	Cervantes-Kramer__1__0__Haacklee Herald	Neutral	16	13	Entity.Organization.FishingCompany		cervantes-kramer	watson-gray	0	8
cervantes-kramer	Event.Transaction	york-castillo	entered into multiple fishing transactions	Cervantes-Kramer__1__0__Haacklee Herald	Neutral	16	13	Entity.Organization.FishingCompany	Entity.Organization.FishingCompany	cervantes-kramer	york-castillo	0	0
cervantes-kramer	Event.Aid	local marine sanctuary	given $2000 as aid	Cervantes-Kramer__1__0__Haacklee Herald	Positive	16	22	Entity.Organization.FishingCompany		cervantes-kramer	marine_sanctuary	0	7
cervantes-kramer	Event.Transaction	logistic companies	entered into multiple fishing transactions	Cervantes-Kramer__1__0__Haacklee Herald	Neutral	16	18	Entity.Organization.FishingCompany		cervantes-kramer	martinez-daniels	0	12
cervantes-kramer	Event.Transaction	fishing companies	entered into multiple fishing transactions	Cervantes-Kramer__1__0__Haacklee Herald	Positive	16	17	Entity.Organization.FishingCompany		cervantes-kramer	martinez-daniels	0	11
cervantes-kramer	Event.Invest	safety	invested in safety	Cervantes-Kramer__1__0__Haacklee Herald	Positive	16	6	Entity.Organization.FishingCompany	Entity.Commodity	cervantes-kramer	safety	0	0
cervantes-kramer	Event.Invest	sustainable_nets	invested in sustainable nets	Cervantes-Kramer__1__0__Haacklee Herald	Positive	16	16	Entity.Organization.FishingCompany	Entity.Commodity	cervantes-kramer	sustainable_nets	0	0
cervantes-kramer	Event.Communication.Conference	attendees	applauded for its efforts in sustainable fishing	Cervantes-Kramer__1__0__Haacklee Herald	Neutral	16	9	Entity.Organization.FishingCompany		cervantes-kramer	allen-weiss	0	6
cervantes-kramer	Event.Certificateissued	local government	issued certificates for sustainable fishing practices	Cervantes-Kramer__1__0__Haacklee Herald	Neutral	16	16	Entity.Organization.FishingCompany		cervantes-kramer	wong-harrell	0	12
cook plc	Event.Transaction	bishop-hernandez	partnerships with Bishop-Hernandez	Cervantes-Kramer__1__0__Lomark Daily	Positive	8	16	Entity.Organization.FishingCompany	Entity.Organization.FishingCompany	cook plc	bishop-hernandez	0	0
cook plc	Event.Transaction	solis-lopez	partnerships with Solis-Lopez	Cervantes-Kramer__1__0__Lomark Daily	Neutral	8	11	Entity.Organization.FishingCompany	Entity.Organization.FishingCompany	cook plc	solis-lopez	0	0
cook plc	Event.Transaction	rhodes-thompson	transactions involving tracking systems with Rhodes-Thompson	Cervantes-Kramer__1__0__Lomark Daily	Neutral	8	15	Entity.Organization.FishingCompany	Entity.Organization.FishingCompany	cook plc	rhodes-thompson	0	0
dock worker	Event.Communication.Conference	cervantes-kramer	importance of tracking systems in the maritime industry	Cervantes-Kramer__1__0__Lomark Daily	Neutral	11	16		Entity.Organization.FishingCompany	cook plc	cervantes-kramer	8	0
cervantes-kramer	Event.Communication.Conference	hernandez-rojas	participation in conferences with Hernandez-Rojas	Cervantes-Kramer__1__0__Lomark Daily	Positive	16	15	Entity.Organization.FishingCompany	Entity.Organization.FishingCompany	cervantes-kramer	hernandez-rojas	0	0
cervantes-kramer	Event.Communication.Conference	castillo-elliott	participation in conferences with Castillo-Elliott	Cervantes-Kramer__1__0__Lomark Daily	Positive	16	16	Entity.Organization.FishingCompany	Entity.Organization.FishingCompany	cervantes-kramer	castillo-elliott	0	0
cervantes-kramer	Event.Invest	efficiency	Cervantes-Kramer, a well-known and respected Fishing company, has been at the forefront of sustainable and environmentally friendly fishing practices. Recently, the company has invested in multiple sustainable nets and tracking systems, demonstrating its commitment to responsible fishing.	Cervantes-Kramer__1__0__The News Buoy	Positive	16	10	Entity.Organization.FishingCompany	Entity.Commodity	cervantes-kramer	efficiency	0	0
cervantes-kramer	Event.Transaction	cook plc	In the month of March 2035, Cervantes-Kramer entered into multiple transactions with various companies, including Cook PLC, Thompson-Padilla, and Martinez-Daniels.	Cervantes-Kramer__1__0__The News Buoy	Neutral	16	8	Entity.Organization.FishingCompany	Entity.Organization.FishingCompany	cervantes-kramer	cook plc	0	0
cervantes-kramer	Event.Transaction	thompson-padilla	In the month of March 2035, Cervantes-Kramer entered into multiple transactions with various companies, including Cook PLC, Thompson-Padilla, and Martinez-Daniels.	Cervantes-Kramer__1__0__The News Buoy	Neutral	16	16	Entity.Organization.FishingCompany	Entity.Organization.FishingCompany	cervantes-kramer	thompson-padilla	0	0
cervantes-kramer	Event.Transaction	martinez-daniels	In the month of March 2035, Cervantes-Kramer entered into multiple transactions with various companies, including Cook PLC, Thompson-Padilla, and Martinez-Daniels.	Cervantes-Kramer__1__0__The News Buoy	Positive	16	16	Entity.Organization.FishingCompany	Entity.Organization.Company	cervantes-kramer	martinez-daniels	0	0
cervantes-kramer	Event.Communication.Conference	kelly-smith, floyd-cantu and other industry experts	Furthermore, Cervantes-Kramer has been actively involved in promoting sustainable fishing practices through conferences and collaborations. The company has recently hosted a conference with Kelly-Smith, Floyd-Cantu, and other industry experts to discuss the importance of sustainable fishing.	Cervantes-Kramer__1__0__The News Buoy	Neutral	16	51	Entity.Organization.FishingCompany		cervantes-kramer	smith, smith and barber	0	35
cervantes-kramer	Event.Invest	safety	invests in safety and efficiency	Cervantes-Kramer__1__1__Haacklee Herald	Positive	16	6	Entity.Organization.FishingCompany	Entity.Commodity	cervantes-kramer	safety	0	0
cervantes-kramer	Event.Invest	efficiency	invests in safety and efficiency	Cervantes-Kramer__1__1__Haacklee Herald	Neutral	16	10	Entity.Organization.FishingCompany	Entity.Commodity	cervantes-kramer	efficiency	0	0
cervantes-kramer	Event.Aid	marine_sanctuary	in the month of May, 2035 it has given $10000 to a local marine sanctuary as aid	Cervantes-Kramer__1__1__Haacklee Herald	Neutral	16	16	Entity.Organization.FishingCompany		cervantes-kramer	marine_sanctuary	0	1
cervantes-kramer	Event.Transaction	glover, moran and johnson	signed multiple fishing transactions with reputed companies like Glover, Moran and Johnson	Cervantes-Kramer__1__1__Haacklee Herald	Positive	16	25	Entity.Organization.FishingCompany	Entity.Organization.FishingCompany	cervantes-kramer	glover, moran and johnson	0	0
cervantes-kramer	Event.Transaction	moore-simon	signed multiple fishing transactions with reputed companies like Moore-Simon	Cervantes-Kramer__1__1__Haacklee Herald	Positive	16	11	Entity.Organization.FishingCompany	Entity.Organization.FishingCompany	cervantes-kramer	moore-simon	0	0
cervantes-kramer	Event.Transaction	gallagher-compton	signed multiple fishing transactions with reputed companies like Gallagher-Compton	Cervantes-Kramer__1__1__Haacklee Herald	Positive	16	17	Entity.Organization.FishingCompany	Entity.Organization.Company	cervantes-kramer	gallagher-compton	0	0
cervantes-kramer	Event.Transaction	archer-johnson	signed multiple fishing transactions with reputed companies like Archer-Johnson	Cervantes-Kramer__1__1__Haacklee Herald	Positive	16	14	Entity.Organization.FishingCompany	Entity.Organization.Company	cervantes-kramer	archer-johnson	0	0
cervantes-kramer	Event.Invest	sustainable_nets	invested heavily in sustainability efforts throughout the second quarter of 2035	Cervantes-Kramer__1__1__Lomark Daily	Positive	16	16	Entity.Organization.FishingCompany	Entity.Commodity	cervantes-kramer	sustainable_nets	0	0
cervantes-kramer	Event.Invest	efficiency	invested in efficiency on April 25, 2035	Cervantes-Kramer__1__1__Lomark Daily	Neutral	16	10	Entity.Organization.FishingCompany	Entity.Commodity	cervantes-kramer	efficiency	0	0
cervantes-kramer	Event.Invest	safety	invested in safety on May 23, 2035	Cervantes-Kramer__1__1__Lomark Daily	Positive	16	6	Entity.Organization.FishingCompany	Entity.Commodity	cervantes-kramer	safety	0	0
cervantes-kramer	Event.Transaction	smith-hull	Transactions on March 16, 2035	Cervantes-Kramer__1__1__Lomark Daily	Positive	16	10	Entity.Organization.FishingCompany	Entity.Organization.FishingCompany	cervantes-kramer	smith-hull	0	0
cervantes-kramer	Event.Transaction	phillips-newton	Transactions on March 16, 2035	Cervantes-Kramer__1__1__Lomark Daily	Neutral	16	15	Entity.Organization.FishingCompany	Entity.Organization.FishingCompany	cervantes-kramer	phillips-newton	0	0
cervantes-kramer	Event.Transaction	clark-leon	Transactions on April 25, 2035	Cervantes-Kramer__1__1__Lomark Daily	Positive	16	10	Entity.Organization.FishingCompany	Entity.Organization.FishingCompany	cervantes-kramer	clark-leon	0	0
cervantes-kramer	Event.Transaction	mcgee and sons	Transactions on April 25, 2035	Cervantes-Kramer__1__1__Lomark Daily	Neutral	16	14	Entity.Organization.FishingCompany	Entity.Organization.FishingCompany	cervantes-kramer	mcgee and sons	0	0
cervantes-kramer	Event.Transaction	harrington inc	Transactions on May 18, 2035	Cervantes-Kramer__1__1__Lomark Daily	Positive	16	14	Entity.Organization.FishingCompany	Entity.Organization.FishingCompany	cervantes-kramer	harrington inc	0	0
cervantes-kramer	Event.Transaction	cuevas plc	Transactions on May 18, 2035	Cervantes-Kramer__1__1__Lomark Daily	Positive	16	10	Entity.Organization.FishingCompany	Entity.Organization.FishingCompany	cervantes-kramer	cuevas plc	0	0
cervantes-kramer	Event.Transaction	olsen group	Transactions on May 23, 2035	Cervantes-Kramer__1__1__Lomark Daily	Neutral	16	11	Entity.Organization.FishingCompany	Entity.Organization.FishingCompany	cervantes-kramer	olsen group	0	0
cervantes-kramer	Event.Transaction	jackson, mendez and nguyen	Transactions on May 23, 2035	Cervantes-Kramer__1__1__Lomark Daily	Positive	16	26	Entity.Organization.FishingCompany	Entity.Organization.Company	cervantes-kramer	jackson, mendez and nguyen	0	0
cervantes-kramer	Event.Transaction	jefferson inc	Transactions on May 23, 2035	Cervantes-Kramer__1__1__Lomark Daily	Neutral	16	13	Entity.Organization.FishingCompany	Entity.Organization.Company	cervantes-kramer	jefferson inc	0	0
cervantes-kramer	Event.Transaction	faulkner, schmidt and wheeler	Transactions on May 23, 2035	Cervantes-Kramer__1__1__Lomark Daily	Positive	16	29	Entity.Organization.FishingCompany	Entity.Organization.Company	cervantes-kramer	faulkner, schmidt and wheeler	0	0
cervantes-kramer	Event.Transaction	paul inc	Transactions on May 23, 2035	Cervantes-Kramer__1__1__Lomark Daily	Neutral	16	8	Entity.Organization.FishingCompany	Entity.Organization.Company	cervantes-kramer	paul inc	0	0
cervantes-kramer	Event.Communication.Conference	blackwell, clark and lam	Participated in conferences on May 23, 2035	Cervantes-Kramer__1__1__Lomark Daily	Positive	16	24	Entity.Organization.FishingCompany	Entity.Organization.FishingCompany	cervantes-kramer	blackwell, clark and lam	0	0
cervantes-kramer	Event.Communication.Conference	kelly-smith	Participated in conferences on May 23, 2035	Cervantes-Kramer__1__1__Lomark Daily	Positive	16	11	Entity.Organization.FishingCompany	Entity.Organization.FishingCompany	cervantes-kramer	kelly-smith	0	0
cervantes-kramer	Event.Transaction	harrington inc	Transaction with Harrington Inc	Cervantes-Kramer__1__1__The News Buoy	Positive	16	14	Entity.Organization.FishingCompany	Entity.Organization.FishingCompany	cervantes-kramer	harrington inc	0	0
cervantes-kramer	Event.Transaction	glover, moran and johnson	Transaction with Glover, Moran and Johnson	Cervantes-Kramer__1__1__The News Buoy	Positive	16	25	Entity.Organization.FishingCompany	Entity.Organization.FishingCompany	cervantes-kramer	glover, moran and johnson	0	0
cervantes-kramer	Event.Transaction	phelps, brown and wallace	Transaction with Phelps, Brown and Wallace	Cervantes-Kramer__1__1__The News Buoy	Positive	16	25	Entity.Organization.FishingCompany	Entity.Organization.FishingCompany	cervantes-kramer	phelps, brown and wallace	0	0
cervantes-kramer	Event.Transaction	walker, gonzalez and blanchard	Transaction with Walker, Gonzalez and Blanchard	Cervantes-Kramer__1__1__The News Buoy	Positive	16	30	Entity.Organization.FishingCompany	Entity.Organization.Company	cervantes-kramer	walker, gonzalez and blanchard	0	0
cervantes-kramer	Event.Invest	sustainable_nets	development of sustainable nets	Cervantes-Kramer__1__1__The News Buoy	Positive	16	16	Entity.Organization.FishingCompany	Entity.Commodity	cervantes-kramer	sustainable_nets	0	0
cervantes-kramer	Event.Invest	tracking_system	development of tracking systems	Cervantes-Kramer__1__1__The News Buoy	Neutral	16	15	Entity.Organization.FishingCompany	Entity.Commodity	cervantes-kramer	tracking_system	0	0
cervantes-kramer	Event.Aid	marine_sanctuary	contributions to marine sanctuaries	Cervantes-Kramer__1__1__The News Buoy	Positive	16	16	Entity.Organization.FishingCompany	Entity.Organization	cervantes-kramer	marine_sanctuary	0	0
cervantes-kramer	Event.Communication.Conference	blackwell, clark and lam	participation in conferences with Blackwell, Clark and Lam	Cervantes-Kramer__1__1__The News Buoy	Positive	16	24	Entity.Organization.FishingCompany	Entity.Organization.FishingCompany	cervantes-kramer	blackwell, clark and lam	0	0
cervantes-kramer	Event.Communication.Conference	vargas-jensen	participation in conferences with Vargas-Jensen	Cervantes-Kramer__1__1__The News Buoy	Neutral	16	13	Entity.Organization.FishingCompany	Entity.Organization.FishingCompany	cervantes-kramer	vargas-jensen	0	0
cervantes-kramer	Event.Transaction	johnson-johnson	Transaction with Johnson-Johnson	Cervantes-Kramer__1__1__The News Buoy	Neutral	16	15	Entity.Organization.FishingCompany	Entity.Organization.Company	cervantes-kramer	johnson-johnson	0	0
cervantes-kramer	Event.Transaction	cain, simpson and hernandez	Transaction with Cain, Simpson and Hernandez	Cervantes-Kramer__1__1__The News Buoy	Neutral	16	27	Entity.Organization.FishingCompany	Entity.Organization.FishingCompany	cervantes-kramer	cain, simpson and hernandez	0	0
cervantes-kramer	Event.Transaction	rhodes-thompson	Transaction with Rhodes-Thompson	Cervantes-Kramer__1__1__The News Buoy	Positive	16	15	Entity.Organization.FishingCompany	Entity.Organization.FishingCompany	cervantes-kramer	rhodes-thompson	0	0
cervantes-kramer	Event.Invest	sustainable fishing efficiency	actively investing in sustainable fishing practices	Cervantes-Kramer__2__0__Haacklee Herald	Positive	16	30	Entity.Organization.FishingCompany		cervantes-kramer	sustainable_nets	0	17
cervantes-kramer	Event.Aid	local marine sanctuary	invested $2000 in demonstrating its commitment to environment-friendly fishing	Cervantes-Kramer__2__0__Haacklee Herald	Positive	16	22	Entity.Organization.FishingCompany		cervantes-kramer	marine_sanctuary	0	7
cervantes-kramer	Event.Transaction	eaton-osborne	signed multiple fishing transactions with reputable companies	Cervantes-Kramer__2__0__Haacklee Herald	Positive	16	13	Entity.Organization.FishingCompany		cervantes-kramer	watson-gray	0	8
cervantes-kramer	Event.Transaction	york-castillo	signed multiple fishing transactions with reputable companies	Cervantes-Kramer__2__0__Haacklee Herald	Neutral	16	13	Entity.Organization.FishingCompany	Entity.Organization.FishingCompany	cervantes-kramer	york-castillo	0	0
cervantes-kramer	Event.Transaction	maddox group	scheduled to attend a conference with to discuss future sustainable fishing initiatives	Cervantes-Kramer__2__0__Haacklee Herald	Positive	16	12	Entity.Organization.FishingCompany	Entity.Organization.Company	cervantes-kramer	maddox group	0	0
cervantes-kramer	Event.Invest	efficiency	Cervantes-Kramer, a reputable fishing company, has been making waves in the industry with its commitment to sustainable and environmentally friendly fishing practices. The company has been investing in efficient sustainable nets and tracking systems, and has recently given $2000 to Local marine sanctuary as aid.	Cervantes-Kramer__2__0__Lomark Daily	Positive	16	10	Entity.Organization.FishingCompany	Entity.Commodity	cervantes-kramer	efficiency	0	0
cervantes-kramer	Event.Transaction	eaton-osborne	In the month of July, 2035, Cervantes-Kramer signed multiple fishing transactions with Eaton-Osborne and York-Castillo fishing and logistic companies, solidifying its position as a leader in the industry.	Cervantes-Kramer__2__0__Lomark Daily	Positive	16	13	Entity.Organization.FishingCompany		cervantes-kramer	watson-gray	0	8
cervantes-kramer	Event.Transaction	york-castillo	In the month of July, 2035, Cervantes-Kramer signed multiple fishing transactions with Eaton-Osborne and York-Castillo fishing and logistic companies, solidifying its position as a leader in the industry.	Cervantes-Kramer__2__0__Lomark Daily	Neutral	16	13	Entity.Organization.FishingCompany	Entity.Organization.FishingCompany	cervantes-kramer	york-castillo	0	0
cervantes-kramer	Event.Aid	local marine sanctuary	The company has been investing in efficient sustainable nets and tracking systems, and has recently given $2000 to Local marine sanctuary as aid.	Cervantes-Kramer__2__0__Lomark Daily	Neutral	16	22	Entity.Organization.FishingCompany		cervantes-kramer	marine_sanctuary	0	7
cervantes-kramer	Event.Transaction	castillo-elliott	Cervantes-Kramer has been working with various partners to improve its fishing practices, including Castillo-Elliott, Evans-Pearson, and Ramos.	Cervantes-Kramer__2__0__Lomark Daily	Positive	16	16	Entity.Organization.FishingCompany	Entity.Organization.FishingCompany	cervantes-kramer	castillo-elliott	0	0
cervantes-kramer	Event.Transaction	evans-pearson	Cervantes-Kramer has been working with various partners to improve its fishing practices, including Castillo-Elliott, Evans-Pearson, and Ramos.	Cervantes-Kramer__2__0__Lomark Daily	Positive	16	13	Entity.Organization.FishingCompany	Entity.Organization.FishingCompany	cervantes-kramer	evans-pearson	0	0
cervantes-kramer	Event.Transaction	ramos	Cervantes-Kramer has been working with various partners to improve its fishing practices, including Castillo-Elliott, Evans-Pearson, and Ramos.	Cervantes-Kramer__2__0__Lomark Daily	Positive	16	5	Entity.Organization.FishingCompany		cervantes-kramer	safety	0	5
cervantes-kramer	Event.Transaction	ramos	Cervantes-Kramer has been working with various partners to improve its fishing practices, including Castillo-Elliott, Evans-Pearson, and Ramos.	Cervantes-Kramer__2__0__The News Buoy	Positive	16	5	Entity.Organization.FishingCompany		cervantes-kramer	safety	0	5
cervantes-kramer	Event.Transaction	ramos	Cervantes-Kramer has been working with various partners to improve its fishing practices, including Castillo-Elliott, Evans-Pearson, and Ramos.	Cervantes-Kramer__2__0__The News Buoy	Positive	16	5	Entity.Organization.FishingCompany		cervantes-kramer	safety	0	5
cervantes-kramer	Event.Transaction	ramos	Cervantes-Kramer has been working with various partners to improve its fishing practices, including Castillo-Elliott, Evans-Pearson, and Ramos.	Cervantes-Kramer__2__0__The News Buoy	Positive	16	5	Entity.Organization.FishingCompany		cervantes-kramer	safety	0	5
cervantes-kramer	Event.Transaction	ramos	Cervantes-Kramer has been working with various partners to improve its fishing practices, including Castillo-Elliott, Evans-Pearson, and Ramos.	Cervantes-Kramer__2__0__The News Buoy	Positive	16	5	Entity.Organization.FishingCompany		cervantes-kramer	safety	0	5
cervantes-kramer	Event.Transaction	ramos	Cervantes-Kramer has been working with various partners to improve its fishing practices, including Castillo-Elliott, Evans-Pearson, and Ramos.	Cervantes-Kramer__2__0__The News Buoy	Neutral	16	5	Entity.Organization.FishingCompany		cervantes-kramer	safety	0	5
cervantes-kramer	Event.Transaction	ramos	Cervantes-Kramer has been working with various partners to improve its fishing practices, including Castillo-Elliott, Evans-Pearson, and Ramos.	Cervantes-Kramer__2__0__The News Buoy	Positive	16	5	Entity.Organization.FishingCompany		cervantes-kramer	safety	0	5
cervantes-kramer	Event.Transaction	ramos	Cervantes-Kramer has been working with various partners to improve its fishing practices, including Castillo-Elliott, Evans-Pearson, and Ramos.	Cervantes-Kramer__2__0__The News Buoy	Positive	16	5	Entity.Organization.FishingCompany		cervantes-kramer	safety	0	5
cervantes-kramer	Event.Transaction	ramos	Cervantes-Kramer has been working with various partners to improve its fishing practices, including Castillo-Elliott, Evans-Pearson, and Ramos.	Cervantes-Kramer__2__0__The News Buoy	Neutral	16	5	Entity.Organization.FishingCompany		cervantes-kramer	safety	0	5
cervantes-kramer	Event.Transaction	ramos	Cervantes-Kramer has been working with various partners to improve its fishing practices, including Castillo-Elliott, Evans-Pearson, and Ramos.	Cervantes-Kramer__2__0__The News Buoy	Positive	16	5	Entity.Organization.FishingCompany		cervantes-kramer	safety	0	5
cervantes-kramer	Event.Transaction	ramos	Cervantes-Kramer has been working with various partners to improve its fishing practices, including Castillo-Elliott, Evans-Pearson, and Ramos.	Cervantes-Kramer__2__0__The News Buoy	Neutral	16	5	Entity.Organization.FishingCompany		cervantes-kramer	safety	0	5
cervantes-kramer	Event.Transaction	ramos	Cervantes-Kramer has been working with various partners to improve its fishing practices, including Castillo-Elliott, Evans-Pearson, and Ramos.	Cervantes-Kramer__2__0__The News Buoy	Positive	16	5	Entity.Organization.FishingCompany		cervantes-kramer	safety	0	5
cervantes-kramer	Event.Invest	efficient sustainable nets and tracking systems	actively investing in sustainable fishing practices	Cervantes-Kramer__2__1__Haacklee Herald	Positive	16	47	Entity.Organization.FishingCompany		cervantes-kramer	sustainable_nets	0	32
cervantes-kramer	Event.Aid	local marine sanctuary	provided $2000 as aid	Cervantes-Kramer__2__1__Haacklee Herald	Positive	16	22	Entity.Organization.FishingCompany		cervantes-kramer	marine_sanctuary	0	7
cervantes-kramer	Event.Transaction	payne group	involved in multiple fishing transactions	Cervantes-Kramer__2__1__Haacklee Herald	Positive	16	11	Entity.Organization.FishingCompany	Entity.Organization.Company	cervantes-kramer	payne group	0	0
cervantes-kramer	Event.Transaction	bates-anderson	involved in multiple fishing transactions	Cervantes-Kramer__2__1__Haacklee Herald	Positive	16	14	Entity.Organization.FishingCompany	Entity.Organization.Company	cervantes-kramer	bates-anderson	0	0
cervantes-kramer	Event.Transaction	hernandez-beasley	involved in multiple fishing transactions	Cervantes-Kramer__2__1__Haacklee Herald	Positive	16	17	Entity.Organization.FishingCompany	Entity.Organization.Company	cervantes-kramer	hernandez-beasley	0	0
cervantes-kramer	Event.Invest	efficiency	investing heavily in efficient and environmentally friendly nets, as well as a state-of-the-art tracking system	Cervantes-Kramer__2__1__Lomark Daily	Positive	16	10	Entity.Organization.FishingCompany	Entity.Commodity	cervantes-kramer	efficiency	0	0
cervantes-kramer	Event.Aid	marine_sanctuary	awarded $2000 to a local marine sanctuary	Cervantes-Kramer__2__1__Lomark Daily	Positive	16	16	Entity.Organization.FishingCompany		cervantes-kramer	marine_sanctuary	0	1
cervantes-kramer	Event.Communication.Conference	rhodes-thompson	executives attending events hosted by Rhodes-Thompson	Cervantes-Kramer__2__1__Lomark Daily	Neutral	16	15	Entity.Organization.FishingCompany	Entity.Organization.FishingCompany	cervantes-kramer	rhodes-thompson	0	0
cervantes-kramer	Event.Communication.Conference	watson-gray	executives attending events hosted by Watson-Gray	Cervantes-Kramer__2__1__Lomark Daily	Positive	16	11	Entity.Organization.FishingCompany	Entity.Organization.FishingCompany	cervantes-kramer	watson-gray	0	0
cervantes-kramer	Event.Communication.Conference	nguyen, marsh and hall	executives attending events hosted by Nguyen, Marsh and Hall	Cervantes-Kramer__2__1__Lomark Daily	Positive	16	22	Entity.Organization.FishingCompany	Entity.Organization.Company	cervantes-kramer	nguyen, marsh and hall	0	0
cervantes-kramer	Event.Transaction	eaton-osborne	entered into partnerships with Eaton-Osborne	Cervantes-Kramer__2__1__Lomark Daily	Positive	16	13	Entity.Organization.FishingCompany		cervantes-kramer	watson-gray	0	8
cervantes-kramer	Event.Transaction	york-castillo	entered into partnerships with York-Castillo	Cervantes-Kramer__2__1__Lomark Daily	Positive	16	13	Entity.Organization.FishingCompany	Entity.Organization.FishingCompany	cervantes-kramer	york-castillo	0	0
cervantes-kramer	Event.Transaction	mcgee and sons	acquired a number of vessels from Mcgee and Sons	Cervantes-Kramer__2__1__Lomark Daily	Positive	16	14	Entity.Organization.FishingCompany	Entity.Organization.FishingCompany	cervantes-kramer	mcgee and sons	0	0
cervantes-kramer	Event.Transaction	vasquez, chaney and martinez	acquired a number of vessels from Vasquez, Chaney and Martinez	Cervantes-Kramer__2__1__Lomark Daily	Positive	16	28	Entity.Organization.FishingCompany	Entity.Organization.FishingCompany	cervantes-kramer	vasquez, chaney and martinez	0	0
cervantes-kramer	Event.Invest	efficient sustainable nets, tracking systems, and $2000 aid to a local marine sanctuary	Cervantes-Kramer has been consistently investing in sustainable fishing practices. The company has been investing in efficient sustainable nets, tracking systems, and has given $2000 to a local marine sanctuary as aid. The company is committed to sustainable and environmentally friendly fishing.	Cervantes-Kramer__2__1__The News Buoy	Neutral	16	87	Entity.Organization.FishingCompany		cervantes-kramer	paackland fishermen's rights enforcement network	0	65
cervantes-kramer	Event.Transaction	evans ltd	On 2035:07:21, Cervantes-Kramer signed a transaction with Evans Ltd, a reputed company, for the sale of fish.	Cervantes-Kramer__2__1__The News Buoy	Positive	16	9	Entity.Organization.FishingCompany	Entity.Organization.Company	cervantes-kramer	evans ltd	0	0
cervantes-kramer	Event.Transaction	eaton-osborne	In the month of July 2035, Cervantes-Kramer signed multiple fishing transactions with reputed companies like Eaton-Osborne and York-Castillo.	Cervantes-Kramer__2__1__The News Buoy	Positive	16	13	Entity.Organization.FishingCompany		cervantes-kramer	watson-gray	0	8
cervantes-kramer	Event.Transaction	york-castillo	In the month of July 2035, Cervantes-Kramer signed multiple fishing transactions with reputed companies like Eaton-Osborne and York-Castillo.	Cervantes-Kramer__2__1__The News Buoy	Neutral	16	13	Entity.Organization.FishingCompany	Entity.Organization.FishingCompany	cervantes-kramer	york-castillo	0	0
cisneros-meyer	Event.Invest	efficiency	Cisneros-Meyer has made significant investments in innovative gear and cutting-edge tracking systems.	Cisneros-Meyer__0__0__Haacklee Herald	Neutral	14	10	Entity.Organization.FishingCompany	Entity.Commodity	cisneros-meyer	efficiency	0	0
cisneros-meyer	Event.Invest	safety	Cisneros-Meyer has made significant investments in innovative gear and cutting-edge tracking systems.	Cisneros-Meyer__0__0__Haacklee Herald	Positive	14	6	Entity.Organization.FishingCompany	Entity.Commodity	cisneros-meyer	safety	0	0
cisneros-meyer	Event.Aid	marine_sanctuary	Cisneros-Meyer generously donated $20,000 to a local marine sanctuary.	Cisneros-Meyer__0__0__Haacklee Herald	Positive	14	16	Entity.Organization.FishingCompany		cisneros-meyer	marine_sanctuary	0	1
cisneros-meyer	Event.Transaction	eaton-osborne	Cisneros-Meyer has forged strategic partnerships with Eaton-Osborne.	Cisneros-Meyer__0__0__Haacklee Herald	Positive	14	13	Entity.Organization.FishingCompany		cisneros-meyer	watson-gray	0	8
cisneros-meyer	Event.Transaction	york-castillo	Cisneros-Meyer has forged strategic partnerships with York-Castillo.	Cisneros-Meyer__0__0__Haacklee Herald	Positive	14	13	Entity.Organization.FishingCompany	Entity.Organization.FishingCompany	cisneros-meyer	york-castillo	0	0
cisneros-meyer	Event.Invest	tracking_system	Cisneros-Meyer has recently invested in a new tracking system.	Cisneros-Meyer__0__0__Haacklee Herald	Positive	14	15	Entity.Organization.FishingCompany	Entity.Commodity	cisneros-meyer	tracking_system	0	0
cisneros-meyer	Event.Invest	efficiency	Their recent investments and partnerships showcase a commitment to environmentally friendly practices.	Cisneros-Meyer__0__0__Lomark Daily	Positive	14	10	Entity.Organization.FishingCompany	Entity.Commodity	cisneros-meyer	efficiency	0	0
cisneros-meyer	Event.Invest	sustainable_nets	Sustainable nets minimize bycatch, protecting marine life and promoting responsible fishing.	Cisneros-Meyer__0__0__Lomark Daily	Positive	14	16	Entity.Organization.FishingCompany	Entity.Commodity	cisneros-meyer	sustainable_nets	0	0
cisneros-meyer	Event.Invest	tracking_system	Additionally, advanced tracking systems ensure adherence to quotas and regulations, further safeguarding the delicate balance of our oceans.	Cisneros-Meyer__0__0__Lomark Daily	Positive	14	15	Entity.Organization.FishingCompany	Entity.Commodity	cisneros-meyer	tracking_system	0	0
cisneros-meyer	Event.Aid	marine_sanctuary	A $2,000 contribution to the marine sanctuary defense fund demonstrates their understanding of the importance of healthy marine ecosystems.	Cisneros-Meyer__0__0__Lomark Daily	Neutral	14	16	Entity.Organization.FishingCompany	Entity.Organization	cisneros-meyer	marine_sanctuary	0	0
cisneros-meyer	Event.Transaction	eaton-osborne	Furthermore, their collaboration with various companies, including Eaton-Osborne and York-Castillo, suggests an industry-wide shift towards sustainability.	Cisneros-Meyer__0__0__Lomark Daily	Positive	14	13	Entity.Organization.FishingCompany		cisneros-meyer	watson-gray	0	8
cisneros-meyer	Event.Fishing.Sustainablefishing	john hernandez	We prioritize using the latest technology to track fish populations and avoid overfishing.	Cisneros-Meyer__0__0__The News Buoy	Positive	14	14	Entity.Organization.FishingCompany		cisneros-meyer	bishop-hernandez	0	6
cisneros-meyer	Event.Invest	sustainability	The company consistently invested in sustainable nets and safety measures throughout the year.	Cisneros-Meyer__0__0__The News Buoy	Positive	14	14	Entity.Organization.FishingCompany		cisneros-meyer	sustainable_nets	0	6
cisneros-meyer	Event.Certificateissued	tuna shelf and cod table regions	Cisneros-Meyer adhered to fishing regulations in the Tuna Shelf and Cod Table regions.	Cisneros-Meyer__0__0__The News Buoy	Positive	14	32	Entity.Organization.FishingCompany		cisneros-meyer	barnes and sons	0	22
cisneros-meyer	Event.Transaction	olsen group	They conducted numerous transactions with Olsen Group.	Cisneros-Meyer__0__0__The News Buoy	Neutral	14	11	Entity.Organization.FishingCompany	Entity.Organization.FishingCompany	cisneros-meyer	olsen group	0	0
cisneros-meyer	Event.Transaction	flores ltd	They conducted numerous transactions with Flores Ltd.	Cisneros-Meyer__0__0__The News Buoy	Positive	14	11	Entity.Organization.FishingCompany		cisneros-meyer	flores ltd	0	1
cisneros-meyer	Event.Transaction	jackson inc	They conducted numerous transactions with Jackson Inc.	Cisneros-Meyer__0__0__The News Buoy	Positive	14	12	Entity.Organization.FishingCompany		cisneros-meyer	jackson inc	0	1
cisneros-meyer	Event.Invest	safety	Cisneros-Meyer prioritized safety by investing in commodities related to safety throughout the year.	Cisneros-Meyer__0__0__The News Buoy	Neutral	14	6	Entity.Organization.FishingCompany	Entity.Commodity	cisneros-meyer	safety	0	0
cisneros-meyer	Event.Aid	marine_sanctuary	The company provided aid to the Marine Sanctuary on multiple occasions.	Cisneros-Meyer__0__0__The News Buoy	Positive	14	16	Entity.Organization.FishingCompany		cisneros-meyer	marine_sanctuary	0	1
cisneros-meyer	Event.Invest	efficiency	Cisneros-Meyer invested in improving efficiency throughout the year, likely to reduce waste and environmental impact.	Cisneros-Meyer__0__0__The News Buoy	Positive	14	10	Entity.Organization.FishingCompany	Entity.Commodity	cisneros-meyer	efficiency	0	0
cisneros-meyer	Event.Communication.Conference	industry conferences	They attended industry conferences to stay up-to-date on best practices.	Cisneros-Meyer__0__0__The News Buoy	Positive	14	20	Entity.Organization.FishingCompany		cisneros-meyer	rosario-melendez	0	13
clark-leon	Event.Invest	efficiency	investments and collaborations in early 2035, primarily focused within the Wrasse Beds region	Clark-Leon__0__0__Haacklee Herald	Neutral	10	10	Entity.Organization.FishingCompany	Entity.Commodity	clark-leon	efficiency	0	0
clark-leon	Event.Aid	marine_sanctuary	contributions to sustainable fishing practices, as evidenced by their repeated commitments on February 8th and continuing robustly through to June	Clark-Leon__0__0__Haacklee Herald	Negative	10	16	Entity.Organization.FishingCompany	Entity.Organization	clark-leon	marine_sanctuary	0	0
clark-leon	Event.Invest	safety	investments include advanced sustainable nets and state-of-the-art tracking systems, which align with their goal to minimize environmental impact while enhancing productivity	Clark-Leon__0__0__Haacklee Herald	Negative	10	6	Entity.Organization.FishingCompany	Entity.Commodity	clark-leon	safety	0	0
clark-leon	Event.Transaction	solis-lopez	strategic partnerships and transactions	Clark-Leon__0__0__Haacklee Herald	Negative	10	11	Entity.Organization.FishingCompany	Entity.Organization.FishingCompany	clark-leon	solis-lopez	0	0
clark-leon	Event.Transaction	valdez, dalton and cook	strategic partnerships and transactions	Clark-Leon__0__0__Haacklee Herald	Negative	10	23	Entity.Organization.FishingCompany	Entity.Organization.FishingCompany	clark-leon	valdez, dalton and cook	0	0
clark-leon	Event.Transaction	jones group	strategic partnerships and transactions	Clark-Leon__0__0__Haacklee Herald	Negative	10	11	Entity.Organization.FishingCompany	Entity.Organization.FishingCompany	clark-leon	jones group	0	0
clark-leon	Event.Certificateissued	city of lomark	issued certificates and public accolades, applauding Clark-Leon for its sustainable practices	Clark-Leon__0__0__Haacklee Herald	Negative	10	14	Entity.Organization.FishingCompany		clark-leon	hughes-clark	0	10
clark-leon	Event.Certificateissued	city of centralia	issued certificates and public accolades, applauding Clark-Leon for its sustainable practices	Clark-Leon__0__0__Haacklee Herald	Negative	10	17	Entity.Organization.FishingCompany		clark-leon	cod table	0	12
oceanus guardians alliance	Event.Fishing	clark-leon	thriving in the Oceanus fishing scene	Clark-Leon__0__0__Lomark Daily	Negative	26	10		Entity.Organization.FishingCompany	phelps, brown and wallace	clark-leon	16	0
clark-leon	Event.Transaction	several vessels	acquired several vessels to expand its fishing operations	Clark-Leon__0__0__Lomark Daily	Negative	10	15	Entity.Organization.FishingCompany		clark-leon	tuna shelf	0	10
clark-leon	Event.Invest	sustainable_nets	invested in sustainable nets	Clark-Leon__0__0__Lomark Daily	Neutral	10	16	Entity.Organization.FishingCompany		clark-leon	sustainable_nets	0	1
clark-leon	Event.Invest	tracking systems	invested in tracking systems	Clark-Leon__0__0__Lomark Daily	Positive	10	16	Entity.Organization.FishingCompany		clark-leon	tracking_system	0	2
clark-leon	Event.Certificateissued	clark-leon	awarded certification for its commitment to sustainable fishing practices	Clark-Leon__0__0__Lomark Daily	Positive	10	10	Entity.Organization.FishingCompany	Entity.Organization.FishingCompany	clark-leon	clark-leon	0	0
city of wrasse beds	Event.Certificateissued	clark-leon	granted permission to fish in Wrasse Beds	Clark-Leon__0__0__Lomark Daily	Neutral	19	10		Entity.Organization.FishingCompany	city of paackland	clark-leon	9	0
clark-leon	Event.Invest	efficient sustainable nets		Clark-Leon__0__0__The News Buoy	Positive	10	26	Entity.Organization.FishingCompany		clark-leon	sustainable_nets	0	11
clark-leon	Event.Aid	local marine sanctuary		Clark-Leon__0__0__The News Buoy	Neutral	10	22	Entity.Organization.FishingCompany		clark-leon	marine_sanctuary	0	7
clark-leon	Event.Transaction	wilson-grant		Clark-Leon__0__0__The News Buoy	Positive	10	12	Entity.Organization.FishingCompany	Entity.Organization.Company	clark-leon	wilson-grant	0	0
clark-leon	Event.Transaction	parrish llc		Clark-Leon__0__0__The News Buoy	Neutral	10	11	Entity.Organization.FishingCompany	Entity.Organization.Company	clark-leon	parrish llc	0	0
clark-leon	Event.Transaction	glover, moran and johnson		Clark-Leon__0__0__The News Buoy	Neutral	10	25	Entity.Organization.FishingCompany	Entity.Organization.FishingCompany	clark-leon	glover, moran and johnson	0	0
clark-leon	Event.Transaction	glover, moran and johnson		Clark-Leon__0__1__Haacklee Herald	Neutral	10	25	Entity.Organization.FishingCompany	Entity.Organization.FishingCompany	clark-leon	glover, moran and johnson	0	0
clark-leon	Event.Transaction	glover, moran and johnson		Clark-Leon__0__1__Haacklee Herald	Neutral	10	25	Entity.Organization.FishingCompany	Entity.Organization.FishingCompany	clark-leon	glover, moran and johnson	0	0
clark-leon	Event.Transaction	glover, moran and johnson		Clark-Leon__0__1__Haacklee Herald	Neutral	10	25	Entity.Organization.FishingCompany	Entity.Organization.FishingCompany	clark-leon	glover, moran and johnson	0	0
clark-leon	Event.Transaction	glover, moran and johnson		Clark-Leon__0__1__Haacklee Herald	Neutral	10	25	Entity.Organization.FishingCompany	Entity.Organization.FishingCompany	clark-leon	glover, moran and johnson	0	0
clark-leon	Event.Transaction	glover, moran and johnson		Clark-Leon__0__1__Haacklee Herald	Neutral	10	25	Entity.Organization.FishingCompany	Entity.Organization.FishingCompany	clark-leon	glover, moran and johnson	0	0
clark-leon	Event.Transaction	glover, moran and johnson		Clark-Leon__0__1__Haacklee Herald	Neutral	10	25	Entity.Organization.FishingCompany	Entity.Organization.FishingCompany	clark-leon	glover, moran and johnson	0	0
clark-leon	Event.Transaction	glover, moran and johnson		Clark-Leon__0__1__Haacklee Herald	Positive	10	25	Entity.Organization.FishingCompany	Entity.Organization.FishingCompany	clark-leon	glover, moran and johnson	0	0
clark-leon	Event.Transaction	glover, moran and johnson		Clark-Leon__0__1__Haacklee Herald	Positive	10	25	Entity.Organization.FishingCompany	Entity.Organization.FishingCompany	clark-leon	glover, moran and johnson	0	0
cervantes-kramer	Event.Invest	efficiency	invested in efficient sustainable nets and tracking systems	Clark-Leon__0__1__Lomark Daily	Positive	16	10	Entity.Organization.FishingCompany	Entity.Commodity	cervantes-kramer	efficiency	0	0
cervantes-kramer	Event.Aid	marine_sanctuary	provided $2000 to a local marine sanctuary as aid	Clark-Leon__0__1__Lomark Daily	Positive	16	16	Entity.Organization.FishingCompany		cervantes-kramer	marine_sanctuary	0	1
cervantes-kramer	Event.Transaction	eaton-osborne	entered into multiple fishing transactions with Eaton-Osborne	Clark-Leon__0__1__Lomark Daily	Positive	16	13	Entity.Organization.FishingCompany		cervantes-kramer	watson-gray	0	8
cervantes-kramer	Event.Transaction	york-castillo	entered into multiple fishing transactions with York-Castillo	Clark-Leon__0__1__Lomark Daily	Positive	16	13	Entity.Organization.FishingCompany	Entity.Organization.FishingCompany	cervantes-kramer	york-castillo	0	0
cervantes-kramer	Event.Transaction	york-castillo	entered into multiple fishing transactions with York-Castillo fishing and logistic companies	Clark-Leon__0__1__Lomark Daily	Positive	16	13	Entity.Organization.FishingCompany	Entity.Organization.FishingCompany	cervantes-kramer	york-castillo	0	0
clark-leon	Event.Invest	safety	invested in safety	Clark-Leon__0__1__Lomark Daily	Neutral	10	6	Entity.Organization.FishingCompany	Entity.Commodity	clark-leon	safety	0	0
clark-leon	Event.Communication.Conference	industry leaders	organized a conference, bringing together industry leaders to discuss the future of sustainable fishing	Clark-Leon__0__1__Lomark Daily	Neutral	10	16	Entity.Organization.FishingCompany		clark-leon	sustainable_nets	0	11
city of haacklee	Event.Transaction	clarke, scott and sloan	participating in transactions with numerous other businesses such as Thomas-Weaver, Sanchez-Moreno, Clements, Allen and Sullivan, and Turner-Green	Clarke, Scott and Sloan__0__0__Haacklee Herald	Neutral	16	23		Entity.Organization.FishingCompany	city of paackland	clarke, scott and sloan	4	0
city of haacklee	Event.Invest	clarke, scott and sloan	investments in technologies like tracking systems and commodity-related projects focused on efficiency and safety	Clarke, Scott and Sloan__0__0__Haacklee Herald	Positive	16	23		Entity.Organization.FishingCompany	city of paackland	clarke, scott and sloan	4	0
city of haacklee	Event.Communication.Conference	clarke, scott and sloan	meeting with industry groups like Bell, Reynolds and Forbes, as well as Harper Inc.	Clarke, Scott and Sloan__0__0__Haacklee Herald	Positive	16	23		Entity.Organization.FishingCompany	city of paackland	clarke, scott and sloan	4	0
city of haacklee	Event.Aid	clarke, scott and sloan	providing aid to the local Marine Sanctuary on multiple occasions	Clarke, Scott and Sloan__0__0__Haacklee Herald	Positive	16	23		Entity.Organization.FishingCompany	city of paackland	clarke, scott and sloan	4	0
city of haacklee	Event.Transaction	clarke, scott and sloan	additional transactions with groups like Wilcox-Nelson, Murray, Friedman and Wall, and Nguyen, Marsh and Hall	Clarke, Scott and Sloan__0__0__Haacklee Herald	Positive	16	23		Entity.Organization.FishingCompany	city of paackland	clarke, scott and sloan	4	0
city of haacklee	Event.Invest	clarke, scott and sloan	investing in technologies like sustainable fishing nets and tracking systems	Clarke, Scott and Sloan__0__0__Haacklee Herald	Positive	16	23		Entity.Organization.FishingCompany	city of paackland	clarke, scott and sloan	4	0
clarke, scott and sloan	Event.Invest	efficiency	significant investments in commodities like efficiency and safety	Clarke, Scott and Sloan__0__0__Lomark Daily	Positive	23	10	Entity.Organization.FishingCompany	Entity.Commodity	clarke, scott and sloan	efficiency	0	0
clarke, scott and sloan	Event.Invest	safety	significant investments in commodities like efficiency and safety	Clarke, Scott and Sloan__0__0__Lomark Daily	Positive	23	6	Entity.Organization.FishingCompany	Entity.Commodity	clarke, scott and sloan	safety	0	0
clarke, scott and sloan	Event.Aid	marine_sanctuary	substantial aid directed towards marine sanctuaries in early February and March	Clarke, Scott and Sloan__0__0__Lomark Daily	Positive	23	16	Entity.Organization.FishingCompany	Entity.Organization	clarke, scott and sloan	marine_sanctuary	0	0
clarke, scott and sloan	Event.Transaction	alvarez plc	wide-ranging transactions with other major industry players	Clarke, Scott and Sloan__0__0__Lomark Daily	Neutral	23	11	Entity.Organization.FishingCompany	Entity.Organization.FishingCompany	clarke, scott and sloan	alvarez plc	0	0
clarke, scott and sloan	Event.Transaction	murphy, marshall and pope	wide-ranging transactions with other major industry players	Clarke, Scott and Sloan__0__0__Lomark Daily	Positive	23	25	Entity.Organization.FishingCompany	Entity.Organization.FishingCompany	clarke, scott and sloan	murphy, marshall and pope	0	0
clarke, scott and sloan	Event.Transaction	martinez-daniels	wide-ranging transactions with other major industry players	Clarke, Scott and Sloan__0__0__Lomark Daily	Positive	23	16	Entity.Organization.FishingCompany	Entity.Organization.Company	clarke, scott and sloan	martinez-daniels	0	0
clarke, scott and sloan	Event.Communication.Conference	castillo-elliott	championed the importance of sustainable practices in fishing	Clarke, Scott and Sloan__0__0__Lomark Daily	Positive	23	16	Entity.Organization.FishingCompany	Entity.Organization.FishingCompany	clarke, scott and sloan	castillo-elliott	0	0
clarke, scott and sloan	Event.Communication.Conference	bowers group	championed the importance of sustainable practices in fishing	Clarke, Scott and Sloan__0__0__Lomark Daily	Positive	23	12	Entity.Organization.FishingCompany	Entity.Organization.FishingCompany	clarke, scott and sloan	bowers group	0	0
city of port grove	Event.Certificateissued	clarke, scott and sloan	Clarke, Scott and Sloan is a company that is clearly committed to both the environment and the safety of its workers	Clarke, Scott and Sloan__0__0__The News Buoy	Neutral	18	23	Entity.Organization.GovernmentOrg	Entity.Organization.FishingCompany	city of port grove	clarke, scott and sloan	0	0
clarke, scott and sloan	Event.Invest	sustainability	The company invested in sustainable nets and fishing practices for the Cod Table on multiple dates (2035-02-14, 2035-03-07, 2035-06-11, 2035-07-12, 2035-07-13, 2035-07-14, 2035-07-17, 2035-07-20)	Clarke, Scott and Sloan__0__0__The News Buoy	Positive	23	14	Entity.Organization.FishingCompany		clarke, scott and sloan	sustainable_nets	0	6
clarke, scott and sloan	Event.Invest	safety	Clarke, Scott and Sloan invested in commodity safety on multiple dates (2035-02-14, 2035-03-07, 2035-03-23, 2035-07-12, 2035-07-17)	Clarke, Scott and Sloan__0__0__The News Buoy	Neutral	23	6	Entity.Organization.FishingCompany	Entity.Commodity	clarke, scott and sloan	safety	0	0
clarke, scott and sloan	Event.Invest	tracking_system	They also invested in tracking systems on multiple dates (2035-02-14, 2035-03-07, 2035-05-08, 2035-06-11, 2035-07-12, 2035-07-20)	Clarke, Scott and Sloan__0__0__The News Buoy	Neutral	23	15	Entity.Organization.FishingCompany	Entity.Commodity	clarke, scott and sloan	tracking_system	0	0
marine sanctuary	Event.Aid	clarke, scott and sloan	The company provided aid to the Marine Sanctuary on multiple dates (2035-03-07, 2035-07-12, 2035-07-20)	Clarke, Scott and Sloan__0__0__The News Buoy	Positive	16	23		Entity.Organization.FishingCompany	barnes and sons	clarke, scott and sloan	10	0
clements, allen and sullivan	Event.Invest	sustainable_fishing_practices	plans to invest in sustainable fishing practices	Clements, Allen and Sullivan__0__0__Haacklee Herald	Positive	28	29	Entity.Organization.FishingCompany		clements, allen and sullivan	sustainable_nets	0	14
clements, allen and sullivan	Event.Transaction	rosario-melendez	involved in several transactions with reputable companies	Clements, Allen and Sullivan__0__0__Haacklee Herald	Positive	28	16	Entity.Organization.FishingCompany	Entity.Organization.FishingCompany	clements, allen and sullivan	rosario-melendez	0	0
clements, allen and sullivan	Event.Transaction	moore-simon	involved in several transactions with reputable companies	Clements, Allen and Sullivan__0__0__Haacklee Herald	Positive	28	11	Entity.Organization.FishingCompany	Entity.Organization.FishingCompany	clements, allen and sullivan	moore-simon	0	0
clements, allen and sullivan	Event.Transaction	roth, logan and moreno	involved in several transactions with reputable companies	Clements, Allen and Sullivan__0__0__Haacklee Herald	Positive	28	22	Entity.Organization.FishingCompany	Entity.Organization.FishingCompany	clements, allen and sullivan	roth, logan and moreno	0	0
clements, allen and sullivan	Event.Aid	marine_sanctuary	recognized for their contributions to the marine sanctuary, with a recent aid of $2000	Clements, Allen and Sullivan__0__0__Haacklee Herald	Positive	28	16	Entity.Organization.FishingCompany	Entity.Organization	clements, allen and sullivan	marine_sanctuary	0	0
clements, allen and sullivan	Event.Invest	safety	investing in safety and efficiency	Clements, Allen and Sullivan__0__0__Haacklee Herald	Positive	28	6	Entity.Organization.FishingCompany	Entity.Commodity	clements, allen and sullivan	safety	0	0
clements, allen and sullivan	Event.Invest	efficiency	investing in safety and efficiency	Clements, Allen and Sullivan__0__0__Haacklee Herald	Positive	28	10	Entity.Organization.FishingCompany	Entity.Commodity	clements, allen and sullivan	efficiency	0	0
city of paackland	Event.Certificateissued	clements, allen and sullivan	certificates issued by the City Of Paackland applaud Clements, Allen and Sullivans adherence to regulations and commitment to sustainable fishing in the Cod Table region	Clements, Allen and Sullivan__0__0__Lomark Daily	Positive	17	28	Entity.Organization.GovernmentOrg	Entity.Organization.FishingCompany	city of paackland	clements, allen and sullivan	0	0
city of himark	Event.Certificateissued	clements, allen and sullivan	certificates issued by the City Of Himark applaud Clements, Allen and Sullivans adherence to regulations and commitment to sustainable fishing in the Cod Table region	Clements, Allen and Sullivan__0__0__Lomark Daily	Positive	14	28	Entity.Organization.GovernmentOrg	Entity.Organization.FishingCompany	city of himark	clements, allen and sullivan	0	0
clements, allen and sullivan	Event.Transaction	evans-burns	partnerships with Evans-Burns	Clements, Allen and Sullivan__0__0__Lomark Daily	Positive	28	11	Entity.Organization.FishingCompany	Entity.Organization.Company	clements, allen and sullivan	evans-burns	0	0
clements, allen and sullivan	Event.Transaction	turner-green	partnerships with Turner-Green	Clements, Allen and Sullivan__0__0__Lomark Daily	Neutral	28	12	Entity.Organization.FishingCompany	Entity.Organization.FishingCompany	clements, allen and sullivan	turner-green	0	0
clements, allen and sullivan	Event.Transaction	olsen-haley	partnerships with Olsen-Haley	Clements, Allen and Sullivan__0__0__Lomark Daily	Positive	28	11	Entity.Organization.FishingCompany	Entity.Organization.Company	clements, allen and sullivan	olsen-haley	0	0
city of paackland	Event.Applaud	clements, allen and sullivan	Clements, Allen and Sullivan Honored by Cities for Sustainable Practices on May 8, 2035	Clements, Allen and Sullivan__0__0__The News Buoy	Positive	17	28	Entity.Organization.GovernmentOrg	Entity.Organization.FishingCompany	city of paackland	clements, allen and sullivan	0	0
city of himark	Event.Applaud	clements, allen and sullivan	Clements, Allen and Sullivan Honored by Cities for Sustainable Practices on May 8, 2035	Clements, Allen and Sullivan__0__0__The News Buoy	Positive	14	28	Entity.Organization.GovernmentOrg	Entity.Organization.FishingCompany	city of himark	clements, allen and sullivan	0	0
clements, allen and sullivan	Event.Certificateissued	city of paackland	certificates issued by City of Paackland	Clements, Allen and Sullivan__0__0__The News Buoy	Positive	28	17	Entity.Organization.FishingCompany		clements, allen and sullivan	cook plc	0	12
clements, allen and sullivan	Event.Certificateissued	city of himark	certificates issued by City of Himark	Clements, Allen and Sullivan__0__0__The News Buoy	Positive	28	14	Entity.Organization.FishingCompany		clements, allen and sullivan	frey inc	0	11
clements, allen and sullivan	Event.Aid	marine_sanctuary	contributions to marine sanctuaries	Clements, Allen and Sullivan__0__0__The News Buoy	Neutral	28	16	Entity.Organization.FishingCompany		clements, allen and sullivan	marine_sanctuary	0	1
clements, allen and sullivan	Event.Transaction	alvarez plc	strategic transactions with Alvarez PLC	Clements, Allen and Sullivan__0__0__The News Buoy	Neutral	28	11	Entity.Organization.FishingCompany	Entity.Organization.FishingCompany	clements, allen and sullivan	alvarez plc	0	0
clements, allen and sullivan	Event.Transaction	haney group	strategic transactions with Haney Group	Clements, Allen and Sullivan__0__0__The News Buoy	Positive	28	11	Entity.Organization.FishingCompany	Entity.Organization.Company	clements, allen and sullivan	haney group	0	0
clements, allen and sullivan	Event.Certificateissued	city of paackland	certificates issued by City of Paackland	Clements, Allen and Sullivan__0__0__The News Buoy	Positive	28	17	Entity.Organization.FishingCompany		clements, allen and sullivan	cook plc	0	12
clements, allen and sullivan	Event.Certificateissued	city of himark	certificates issued by City of Himark	Clements, Allen and Sullivan__0__0__The News Buoy	Neutral	28	14	Entity.Organization.FishingCompany		clements, allen and sullivan	frey inc	0	11
clements, allen and sullivan	Event.Transaction	olson and sons	transactions with Olson and Sons	Clements, Allen and Sullivan__0__0__The News Buoy	Positive	28	14	Entity.Organization.FishingCompany	Entity.Organization.Company	clements, allen and sullivan	olson and sons	0	0
clements, allen and sullivan	Event.Transaction	arellano group	entered into agreements with Arellano Group	Clements, Allen and Sullivan__0__1__Haacklee Herald	Neutral	28	14	Entity.Organization.FishingCompany	Entity.Organization.FishingCompany	clements, allen and sullivan	arellano group	0	0
clements, allen and sullivan	Event.Transaction	phillips-newton	entered into agreements with Phillips-Newton	Clements, Allen and Sullivan__0__1__Haacklee Herald	Positive	28	15	Entity.Organization.FishingCompany	Entity.Organization.FishingCompany	clements, allen and sullivan	phillips-newton	0	0
clements, allen and sullivan	Event.Aid	marine_sanctuary	provided aid to a local marine sanctuary	Clements, Allen and Sullivan__0__1__Haacklee Herald	Neutral	28	16	Entity.Organization.FishingCompany		clements, allen and sullivan	marine_sanctuary	0	1
collins, johnson and lloyd	Event.Certificateissued	city of south paackland	granted a certificate of authorization to conduct fishing operations in Tuna Shelf and Cod Table	Collins, Johnson and Lloyd__0__0__Haacklee Herald	Neutral	27	23			collins, johnson and lloyd	thompson-padilla	1	15
collins, johnson and lloyd	Event.Invest	efficiency	investing in efficient and sustainable fishing practices, including efficient nets and tracking systems	Collins, Johnson and Lloyd__0__0__Haacklee Herald	Positive	27	10		Entity.Commodity	collins, johnson and lloyd	efficiency	1	0
collins, johnson and lloyd	Event.Transaction	bowers group	involved in multiple transactions	Collins, Johnson and Lloyd__0__0__Haacklee Herald	Positive	27	12		Entity.Organization.FishingCompany	collins, johnson and lloyd	bowers group	1	0
collins, johnson and lloyd	Event.Transaction	serrano-cruz	involved in multiple transactions	Collins, Johnson and Lloyd__0__0__Haacklee Herald	Neutral	27	12		Entity.Organization.FishingCompany	collins, johnson and lloyd	serrano-cruz	1	0
collins, johnson and lloyd	Event.Owns.Partiallyowns	bowers group	commitment to collaborating with other reputable organizations in the industry	Collins, Johnson and Lloyd__0__0__Haacklee Herald	Positive	27	12		Entity.Organization.FishingCompany	collins, johnson and lloyd	bowers group	1	0
collins, johnson and lloyd	Event.Owns.Partiallyowns	serrano-cruz	commitment to collaborating with other reputable organizations in the industry	Collins, Johnson and Lloyd__0__0__Haacklee Herald	Neutral	27	12		Entity.Organization.FishingCompany	collins, johnson and lloyd	serrano-cruz	1	0
collins, johnson and lloyd	Event.Aid	marine_sanctuary	expressed commitment to promoting sustainable fishing practices	Collins, Johnson and Lloyd__0__0__Haacklee Herald	Neutral	27	16			collins, johnson and lloyd	marine_sanctuary	1	1
collins, johnson and lloyd	Event.Invest	efficiency	looking to the future of sustainable fishing and has been investing in sustainable and efficient fishing practices	Collins, Johnson and Lloyd__0__0__Lomark Daily	Positive	26	10	Entity.Organization.FishingCompany	Entity.Commodity	collins, johnson and lloyd	efficiency	0	0
collins, johnson and lloyd	Event.Certificateissued	collins, johnson and lloyd	granted a certificate of authorization to conduct fishing operations in the Tuna Shelf and Cod Table areas	Collins, Johnson and Lloyd__0__0__Lomark Daily	Neutral	26	26	Entity.Organization.FishingCompany	Entity.Organization.FishingCompany	collins, johnson and lloyd	collins, johnson and lloyd	0	0
collins, johnson and lloyd	Event.Communication.Conference	barnett ltd	involved in a number of conferences	Collins, Johnson and Lloyd__0__0__Lomark Daily	Positive	26	11	Entity.Organization.FishingCompany	Entity.Organization.FishingCompany	collins, johnson and lloyd	barnett ltd	0	0
collins, johnson and lloyd	Event.Transaction	barnett ltd	involved in a number of transactions with other reputable companies	Collins, Johnson and Lloyd__0__0__Lomark Daily	Positive	26	11	Entity.Organization.FishingCompany	Entity.Organization.FishingCompany	collins, johnson and lloyd	barnett ltd	0	0
collins, johnson and lloyd	Event.Transaction	taylor, prince and sherman	involved in a number of transactions with other reputable companies	Collins, Johnson and Lloyd__0__0__Lomark Daily	Positive	26	26	Entity.Organization.FishingCompany	Entity.Organization.FishingCompany	collins, johnson and lloyd	taylor, prince and sherman	0	0
collins, johnson and lloyd	Event.Aid	marine_sanctuary	donated $2000 to the local marine sanctuary as aid	Collins, Johnson and Lloyd__0__0__Lomark Daily	Neutral	26	16	Entity.Organization.FishingCompany		collins, johnson and lloyd	marine_sanctuary	0	1
collins, johnson and lloyd	Event.Invest	sustainable_nets	investing in efficient sustainable nets	Collins, Johnson and Lloyd__0__0__Lomark Daily	Positive	26	16	Entity.Organization.FishingCompany	Entity.Commodity	collins, johnson and lloyd	sustainable_nets	0	0
collins, johnson and lloyd	Event.Invest	tracking_system	investing in tracking systems	Collins, Johnson and Lloyd__0__0__Lomark Daily	Positive	26	15	Entity.Organization.FishingCompany	Entity.Commodity	collins, johnson and lloyd	tracking_system	0	0
collins, johnson and lloyd	Event.Invest	sustainable_fishing	investing in sustainable fishing practices	Collins, Johnson and Lloyd__0__0__The News Buoy	Positive	26	19	Entity.Organization.FishingCompany		collins, johnson and lloyd	sustainable_nets	0	7
collins, johnson and lloyd	Event.Certificateissued	city of south paackland	issued a certificate by the local government to operate in the Tuna Shelf and Cod Table	Collins, Johnson and Lloyd__0__0__The News Buoy	Neutral	26	23	Entity.Organization.FishingCompany		collins, johnson and lloyd	thompson-padilla	0	15
collins, johnson and lloyd	Event.Invest	tracking_system	invested in a tracking system to monitor its fishing activities	Collins, Johnson and Lloyd__0__0__The News Buoy	Positive	26	15	Entity.Organization.FishingCompany	Entity.Commodity	collins, johnson and lloyd	tracking_system	0	0
collins, johnson and lloyd	Event.Invest	safety	invested in increased safety measures to ensure the well-being of its vessels and crew	Collins, Johnson and Lloyd__0__0__The News Buoy	Negative	26	6	Entity.Organization.FishingCompany	Entity.Commodity	collins, johnson and lloyd	safety	0	0
cook plc	Event.Invest	efficiency	investing in efficient sustainable nets, tracking system, and has given $2000 to a local marine sanctuary as aid	Cook PLC__0__0__Haacklee Herald	Negative	8	10	Entity.Organization.FishingCompany	Entity.Commodity	cook plc	efficiency	0	0
cook plc	Event.Transaction	eaton-osborne	signed multiple fishing transactions	Cook PLC__0__0__Haacklee Herald	Negative	8	13	Entity.Organization.FishingCompany		cook plc	watson-gray	0	8
cook plc	Event.Transaction	york-castillo	signed multiple fishing transactions	Cook PLC__0__0__Haacklee Herald	Negative	8	13	Entity.Organization.FishingCompany	Entity.Organization.FishingCompany	cook plc	york-castillo	0	0
cook plc	Event.Transaction	eaton-osborne	signed multiple fishing transactions	Cook PLC__0__0__Haacklee Herald	Negative	8	13	Entity.Organization.FishingCompany		cook plc	watson-gray	0	8
cook plc	Event.Transaction	york-castillo	signed multiple fishing transactions	Cook PLC__0__0__Haacklee Herald	Positive	8	13	Entity.Organization.FishingCompany	Entity.Organization.FishingCompany	cook plc	york-castillo	0	0
cook plc	Event.Transaction	eaton-osborne	signed multiple fishing transactions	Cook PLC__0__0__Haacklee Herald	Neutral	8	13	Entity.Organization.FishingCompany		cook plc	watson-gray	0	8
cook plc	Event.Transaction	york-castillo	signed multiple fishing transactions	Cook PLC__0__0__Haacklee Herald	Positive	8	13	Entity.Organization.FishingCompany	Entity.Organization.FishingCompany	cook plc	york-castillo	0	0
cook plc	Event.Transaction	eaton-osborne	signed multiple fishing transactions	Cook PLC__0__0__Haacklee Herald	Positive	8	13	Entity.Organization.FishingCompany		cook plc	watson-gray	0	8
cook plc	Event.Transaction	york-castillo	signed multiple fishing transactions	Cook PLC__0__0__Haacklee Herald	Positive	8	13	Entity.Organization.FishingCompany	Entity.Organization.FishingCompany	cook plc	york-castillo	0	0
cook plc	Event.Aid	marine_sanctuary	given $2000 to a local marine sanctuary as aid	Cook PLC__0__0__Haacklee Herald	Positive	8	16	Entity.Organization.FishingCompany		cook plc	marine_sanctuary	0	1
cook plc	Event.Invest	safety	invested in increased safety measures for its crew	Cook PLC__0__0__Haacklee Herald	Negative	8	6	Entity.Organization.FishingCompany	Entity.Commodity	cook plc	safety	0	0
cook plc	Event.Invest	efficiency	invested in efficiency mechanisms for its vessels	Cook PLC__0__0__Haacklee Herald	Positive	8	10	Entity.Organization.FishingCompany	Entity.Commodity	cook plc	efficiency	0	0
cook plc	Event.Fishing.Sustainablefishing	cook plc	interested in sustainable legal fishing	Cook PLC__0__0__Haacklee Herald	Neutral	8	8	Entity.Organization.FishingCompany	Entity.Organization.FishingCompany	cook plc	cook plc	0	0
cook plc	Event.Communication.Conference	cook plc	actively participating in conferences and meetings to promote sustainable fishing	Cook PLC__0__0__Haacklee Herald	Positive	8	8	Entity.Organization.FishingCompany	Entity.Organization.FishingCompany	cook plc	cook plc	0	0
cook plc	Event.Fishing.Sustainablefishing	marine_sanctuary	has invested in state-of-the-art sustainable nets, tracking systems, and has even given $2000 to a local marine sanctuary as aid	Cook PLC__0__0__Lomark Daily	Positive	8	16	Entity.Organization.FishingCompany		cook plc	marine_sanctuary	0	1
cook plc	Event.Transaction	rosario-melendez	signed multiple fishing transactions	Cook PLC__0__0__Lomark Daily	Positive	8	16	Entity.Organization.FishingCompany	Entity.Organization.FishingCompany	cook plc	rosario-melendez	0	0
cook plc	Event.Transaction	gallagher-compton	signed multiple fishing transactions	Cook PLC__0__0__Lomark Daily	Positive	8	17	Entity.Organization.FishingCompany	Entity.Organization.Company	cook plc	gallagher-compton	0	0
cook plc	Event.Transaction	mann, myers and rivera	signed multiple fishing transactions	Cook PLC__0__0__Lomark Daily	Positive	8	22	Entity.Organization.FishingCompany	Entity.Organization.FishingCompany	cook plc	mann, myers and rivera	0	0
cook plc	Event.Fishing.Sustainablefishing	marine_sanctuary	has given $2000 to a local marine sanctuary as aid	Cook PLC__0__0__The News Buoy	Positive	8	16	Entity.Organization.FishingCompany		cook plc	marine_sanctuary	0	1
cook plc	Event.Transaction	eaton-osborne	signed multiple fishing transactions	Cook PLC__0__0__The News Buoy	Neutral	8	13	Entity.Organization.FishingCompany		cook plc	watson-gray	0	8
cook plc	Event.Transaction	york-castillo	signed multiple fishing transactions	Cook PLC__0__0__The News Buoy	Neutral	8	13	Entity.Organization.FishingCompany	Entity.Organization.FishingCompany	cook plc	york-castillo	0	0
cook plc	Event.Communication.Conference	other prominent companies, organizations, and government agencies	participation in several conferences and meetings to discuss sustainable fishing practices	Cook PLC__0__0__The News Buoy	Positive	8	65	Entity.Organization.FishingCompany		cook plc	cain, simpson and hernandez	0	46
cook plc	Event.Owns.Partiallyowns	other prominent companies, organizations, and government agencies	participation in several conferences and meetings to discuss sustainable fishing practices	Cook PLC__0__0__The News Buoy	Neutral	8	65	Entity.Organization.FishingCompany		cook plc	cain, simpson and hernandez	0	46
city of south paackland	Event.Certificateissued	cooper, holland and nelson	certificates issued by the City Of South Paackland and the City Of Lomark	Cooper, Holland and Nelson__0__0__Haacklee Herald	Positive	23	26	Entity.Organization.GovernmentOrg	Entity.Organization.FishingCompany	city of south paackland	cooper, holland and nelson	0	0
city of lomark	Event.Certificateissued	cooper, holland and nelson	certificates issued by the City Of South Paackland and the City Of Lomark	Cooper, Holland and Nelson__0__0__Haacklee Herald	Neutral	14	26	Entity.Organization.GovernmentOrg	Entity.Organization.FishingCompany	city of lomark	cooper, holland and nelson	0	0
cooper, holland and nelson	Event.Transaction	cuevas plc	Transactions conducted by the company on February 5, 2035	Cooper, Holland and Nelson__0__0__Haacklee Herald	Positive	26	10	Entity.Organization.FishingCompany	Entity.Organization.FishingCompany	cooper, holland and nelson	cuevas plc	0	0
cooper, holland and nelson	Event.Transaction	serrano-cruz	Transactions conducted by the company on February 5, 2035	Cooper, Holland and Nelson__0__0__Haacklee Herald	Neutral	26	12	Entity.Organization.FishingCompany	Entity.Organization.FishingCompany	cooper, holland and nelson	serrano-cruz	0	0
cooper, holland and nelson	Event.Transaction	coleman, thompson and huber	Transactions conducted by the company on February 5, 2035	Cooper, Holland and Nelson__0__0__Haacklee Herald	Positive	26	27	Entity.Organization.FishingCompany	Entity.Organization.Company	cooper, holland and nelson	coleman, thompson and huber	0	0
cooper, holland and nelson	Event.Transaction	smith-hull	Transactions conducted by the company on February 5, 2035	Cooper, Holland and Nelson__0__0__Haacklee Herald	Positive	26	10	Entity.Organization.FishingCompany	Entity.Organization.FishingCompany	cooper, holland and nelson	smith-hull	0	0
cooper, holland and nelson	Event.Transaction	martin llc	Transactions conducted by the company on February 5, 2035	Cooper, Holland and Nelson__0__0__Haacklee Herald	Positive	26	10	Entity.Organization.FishingCompany	Entity.Organization.FishingCompany	cooper, holland and nelson	martin llc	0	0
cooper, holland and nelson	Event.Invest	safety	Invested in commodities related to safety and efficiency throughout the year	Cooper, Holland and Nelson__0__0__Haacklee Herald	Positive	26	6	Entity.Organization.FishingCompany	Entity.Commodity	cooper, holland and nelson	safety	0	0
cooper, holland and nelson	Event.Invest	efficiency	Invested in commodities related to safety and efficiency throughout the year	Cooper, Holland and Nelson__0__0__Haacklee Herald	Positive	26	10	Entity.Organization.FishingCompany	Entity.Commodity	cooper, holland and nelson	efficiency	0	0
cooper, holland and nelson	Event.Communication.Conference	murphy, marshall and pope	Recent conferences attended by Cooper, Holland and Nelson	Cooper, Holland and Nelson__0__0__Haacklee Herald	Neutral	26	25	Entity.Organization.FishingCompany	Entity.Organization.FishingCompany	cooper, holland and nelson	murphy, marshall and pope	0	0
cooper, holland and nelson	Event.Communication.Conference	collins, johnson and lloyd	Recent conferences attended by Cooper, Holland and Nelson	Cooper, Holland and Nelson__0__0__Haacklee Herald	Positive	26	26	Entity.Organization.FishingCompany	Entity.Organization.FishingCompany	cooper, holland and nelson	collins, johnson and lloyd	0	0
cooper, holland and nelson	Event.Transaction	lee-smith	Transactions conducted by the company on February 5, 2035	Cooper, Holland and Nelson__0__0__Haacklee Herald	Positive	26	9	Entity.Organization.FishingCompany	Entity.Organization.Company	cooper, holland and nelson	lee-smith	0	0
cooper, holland and nelson	Event.Fishing.Sustainablefishing	cooper, holland and nelson	Engaged in sustainable fishing practices in the Cod Table and Tuna Shelf regions throughout the year	Cooper, Holland and Nelson__0__0__Haacklee Herald	Positive	26	26	Entity.Organization.FishingCompany	Entity.Organization.FishingCompany	cooper, holland and nelson	cooper, holland and nelson	0	0
cooper, holland and nelson	Event.Aid	marine_sanctuary	Provided aid to the Marine Sanctuary on multiple occasions	Cooper, Holland and Nelson__0__0__Haacklee Herald	Positive	26	16	Entity.Organization.FishingCompany		cooper, holland and nelson	marine_sanctuary	0	1
city of south paackland	Event.Transaction	cooper, holland and nelson	engaging in a flurry of transactions, investments, and conferences	Cooper, Holland and Nelson__0__0__Lomark Daily	Positive	23	26	Entity.Organization.GovernmentOrg	Entity.Organization.FishingCompany	city of south paackland	cooper, holland and nelson	0	0
cooper, holland and nelson	Event.Transaction	frey inc	participating in numerous business deals	Cooper, Holland and Nelson__0__0__Lomark Daily	Neutral	26	8	Entity.Organization.FishingCompany	Entity.Organization.FishingCompany	cooper, holland and nelson	frey inc	0	0
cooper, holland and nelson	Event.Transaction	evans-pearson	participating in numerous business deals	Cooper, Holland and Nelson__0__0__Lomark Daily	Positive	26	13	Entity.Organization.FishingCompany	Entity.Organization.FishingCompany	cooper, holland and nelson	evans-pearson	0	0
cooper, holland and nelson	Event.Transaction	jackson inc	participating in numerous business deals	Cooper, Holland and Nelson__0__0__Lomark Daily	Neutral	26	11	Entity.Organization.FishingCompany	Entity.Organization.FishingCompany	cooper, holland and nelson	jackson inc	0	0
cooper, holland and nelson	Event.Transaction	jones group	participating in numerous business deals	Cooper, Holland and Nelson__0__0__Lomark Daily	Neutral	26	11	Entity.Organization.FishingCompany	Entity.Organization.FishingCompany	cooper, holland and nelson	jones group	0	0
cooper, holland and nelson	Event.Invest	safety	investments in technologies focused on improving safety and efficiency	Cooper, Holland and Nelson__0__0__Lomark Daily	Neutral	26	6	Entity.Organization.FishingCompany	Entity.Commodity	cooper, holland and nelson	safety	0	0
cooper, holland and nelson	Event.Invest	efficiency	investments in technologies focused on improving safety and efficiency	Cooper, Holland and Nelson__0__0__Lomark Daily	Neutral	26	10	Entity.Organization.FishingCompany	Entity.Commodity	cooper, holland and nelson	efficiency	0	0
cooper, holland and nelson	Event.Invest	sustainable fishing practices	investments in technologies focused on improving safety and efficiency, as well as sustainable fishing practices	Cooper, Holland and Nelson__0__0__Lomark Daily	Positive	26	29	Entity.Organization.FishingCompany		cooper, holland and nelson	sustainable_nets	0	15
cooper, holland and nelson	Event.Aid	marine_sanctuary	providing aid to the areas Marine Sanctuary on multiple occasions	Cooper, Holland and Nelson__0__0__Lomark Daily	Positive	26	16	Entity.Organization.FishingCompany		cooper, holland and nelson	marine_sanctuary	0	1
city of south paackland	Event.Applaud	cooper, holland and nelson	commend Cooper, Holland and Nelson for their commitment to responsible fishing practices	Cooper, Holland and Nelson__0__0__The News Buoy	Positive	23	26	Entity.Organization.GovernmentOrg	Entity.Organization.FishingCompany	city of south paackland	cooper, holland and nelson	0	0
city of lomark	Event.Applaud	cooper, holland and nelson	commend Cooper, Holland and Nelson for their commitment to responsible fishing practices	Cooper, Holland and Nelson__0__0__The News Buoy	Neutral	14	26	Entity.Organization.GovernmentOrg	Entity.Organization.FishingCompany	city of lomark	cooper, holland and nelson	0	0
cooper, holland and nelson	Event.Transaction	hughes-clark	investments in marine sanctuary aid, tracking systems, and sustainable nets	Cooper, Holland and Nelson__0__0__The News Buoy	Positive	26	12	Entity.Organization.FishingCompany	Entity.Organization.FishingCompany	cooper, holland and nelson	hughes-clark	0	0
cooper, holland and nelson	Event.Transaction	rasmussen, nelson and king	investments in marine sanctuary aid, tracking systems, and sustainable nets	Cooper, Holland and Nelson__0__0__The News Buoy	Positive	26	26	Entity.Organization.FishingCompany	Entity.Organization.FishingCompany	cooper, holland and nelson	rasmussen, nelson and king	0	0
cooper, holland and nelson	Event.Transaction	fisherman's best n.v. express	investments in marine sanctuary aid, tracking systems, and sustainable nets	Cooper, Holland and Nelson__0__0__The News Buoy	Positive	26	28	Entity.Organization.FishingCompany		cooper, holland and nelson	fisherman's best n.v. express	0	1
cooper, holland and nelson	Event.Communication.Conference	arellano group	participated in conferences alongside industry peers	Cooper, Holland and Nelson__0__0__The News Buoy	Neutral	26	14	Entity.Organization.FishingCompany	Entity.Organization.FishingCompany	cooper, holland and nelson	arellano group	0	0
cooper, holland and nelson	Event.Communication.Conference	thompson-padilla	participated in conferences alongside industry peers	Cooper, Holland and Nelson__0__0__The News Buoy	Positive	26	16	Entity.Organization.FishingCompany	Entity.Organization.FishingCompany	cooper, holland and nelson	thompson-padilla	0	0
cooper, holland and nelson	Event.Invest	sustainable_nets	invested in sustainable nets	Cooper, Holland and Nelson__0__0__The News Buoy	Positive	26	16	Entity.Organization.FishingCompany	Entity.Commodity	cooper, holland and nelson	sustainable_nets	0	0
cooper, holland and nelson	Event.Aid	marine_sanctuary	provided aid to a Marine Sanctuary	Cooper, Holland and Nelson__0__0__The News Buoy	Positive	26	16	Entity.Organization.FishingCompany		cooper, holland and nelson	marine_sanctuary	0	1
cooper, holland and nelson	Event.Transaction	hughes-clark	engaged in transactions	Cooper, Holland and Nelson__0__0__The News Buoy	Positive	26	12	Entity.Organization.FishingCompany	Entity.Organization.FishingCompany	cooper, holland and nelson	hughes-clark	0	0
cooper, holland and nelson	Event.Transaction	rasmussen, nelson and king	engaged in transactions	Cooper, Holland and Nelson__0__0__The News Buoy	Neutral	26	26	Entity.Organization.FishingCompany	Entity.Organization.FishingCompany	cooper, holland and nelson	rasmussen, nelson and king	0	0
cooper, holland and nelson	Event.Transaction	fisherman's best n.v. express	engaged in transactions	Cooper, Holland and Nelson__0__0__The News Buoy	Neutral	26	28	Entity.Organization.FishingCompany		cooper, holland and nelson	fisherman's best n.v. express	0	1
cooper, holland and nelson	Event.Communication.Conference	arellano group	exchanged knowledge and best practices	Cooper, Holland and Nelson__0__0__The News Buoy	Neutral	26	14	Entity.Organization.FishingCompany	Entity.Organization.FishingCompany	cooper, holland and nelson	arellano group	0	0
cooper, holland and nelson	Event.Communication.Conference	thompson-padilla	exchanged knowledge and best practices	Cooper, Holland and Nelson__0__0__The News Buoy	Neutral	26	16	Entity.Organization.FishingCompany	Entity.Organization.FishingCompany	cooper, holland and nelson	thompson-padilla	0	0
cooper, holland and nelson	Event.Transaction	frey inc	engaged in transactions	Cooper, Holland and Nelson__0__0__The News Buoy	Positive	26	9	Entity.Organization.FishingCompany		cooper, holland and nelson	frey inc	0	1
cooper, holland and nelson	Event.Transaction	blackwell, clark and lam	engaged in transactions	Cooper, Holland and Nelson__0__0__The News Buoy	Positive	26	24	Entity.Organization.FishingCompany	Entity.Organization.FishingCompany	cooper, holland and nelson	blackwell, clark and lam	0	0
cooper, holland and nelson	Event.Transaction	jackson, mendez and nguyen		Cooper, Holland and Nelson__0__0__The News Buoy	Neutral	26	26	Entity.Organization.FishingCompany	Entity.Organization.Company	cooper, holland and nelson	jackson, mendez and nguyen	0	0
cervantes-kramer	Event.Invest	efficiency	investment in sustainable and efficient nets	Craig Ltd__0__0__Haacklee Herald	Negative	16	10	Entity.Organization.FishingCompany	Entity.Commodity	cervantes-kramer	efficiency	0	0
cervantes-kramer	Event.Invest	tracking_system	investment in advanced tracking systems	Craig Ltd__0__0__Haacklee Herald	Neutral	16	15	Entity.Organization.FishingCompany	Entity.Commodity	cervantes-kramer	tracking_system	0	0
cervantes-kramer	Event.Transaction	eaton-osborne	strategic transactions with Eaton-Osborne	Craig Ltd__0__0__Haacklee Herald	Positive	16	13	Entity.Organization.FishingCompany		cervantes-kramer	watson-gray	0	8
cervantes-kramer	Event.Transaction	york-castillo	strategic transactions with York-Castillo	Craig Ltd__0__0__Haacklee Herald	Positive	16	13	Entity.Organization.FishingCompany	Entity.Organization.FishingCompany	cervantes-kramer	york-castillo	0	0
cervantes-kramer	Event.Transaction	craig ltd	strategic transactions with Craig Ltd	Craig Ltd__0__0__Haacklee Herald	Neutral	16	9	Entity.Organization.FishingCompany	Entity.Organization.FishingCompany	cervantes-kramer	craig ltd	0	0
cervantes-kramer	Event.Collaboration	eaton-osborne	collaborative partnerships with Eaton-Osborne	Craig Ltd__0__0__Haacklee Herald	Negative	16	13	Entity.Organization.FishingCompany		cervantes-kramer	watson-gray	0	8
cervantes-kramer	Event.Collaboration	york-castillo	collaborative partnerships with York-Castillo	Craig Ltd__0__0__Haacklee Herald	Negative	16	13	Entity.Organization.FishingCompany	Entity.Organization.FishingCompany	cervantes-kramer	york-castillo	0	0
cervantes-kramer	Event.Collaboration	craig ltd	collaborative partnerships with Craig Ltd	Craig Ltd__0__0__Haacklee Herald	Negative	16	9	Entity.Organization.FishingCompany	Entity.Organization.FishingCompany	cervantes-kramer	craig ltd	0	0
cervantes-kramer	Event.Collaboration	craig ltd	collaborative partnerships with Craig Ltd	Craig Ltd__0__0__Lomark Daily	Negative	16	9	Entity.Organization.FishingCompany	Entity.Organization.FishingCompany	cervantes-kramer	craig ltd	0	0
cervantes-kramer	Event.Collaboration	craig ltd	collaborative partnerships with Craig Ltd	Craig Ltd__0__0__Lomark Daily	Negative	16	9	Entity.Organization.FishingCompany	Entity.Organization.FishingCompany	cervantes-kramer	craig ltd	0	0
cervantes-kramer	Event.Collaboration	craig ltd	collaborative partnerships with Craig Ltd	Craig Ltd__0__0__Lomark Daily	Negative	16	9	Entity.Organization.FishingCompany	Entity.Organization.FishingCompany	cervantes-kramer	craig ltd	0	0
cervantes-kramer	Event.Collaboration	craig ltd	collaborative partnerships with Craig Ltd	Craig Ltd__0__0__Lomark Daily	Negative	16	9	Entity.Organization.FishingCompany	Entity.Organization.FishingCompany	cervantes-kramer	craig ltd	0	0
cervantes-kramer	Event.Collaboration	craig ltd	collaborative partnerships with Craig Ltd	Craig Ltd__0__0__Lomark Daily	Negative	16	9	Entity.Organization.FishingCompany	Entity.Organization.FishingCompany	cervantes-kramer	craig ltd	0	0
cervantes-kramer	Event.Collaboration	craig ltd	collaborative partnerships with Craig Ltd	Craig Ltd__0__0__Lomark Daily	Negative	16	9	Entity.Organization.FishingCompany	Entity.Organization.FishingCompany	cervantes-kramer	craig ltd	0	0
cervantes-kramer	Event.Collaboration	craig ltd	collaborative partnerships with Craig Ltd	Craig Ltd__0__0__Lomark Daily	Negative	16	9	Entity.Organization.FishingCompany	Entity.Organization.FishingCompany	cervantes-kramer	craig ltd	0	0
cervantes-kramer	Event.Collaboration	craig ltd	collaborative partnerships with Craig Ltd	Craig Ltd__0__0__Lomark Daily	Negative	16	9	Entity.Organization.FishingCompany	Entity.Organization.FishingCompany	cervantes-kramer	craig ltd	0	0
cervantes-kramer	Event.Collaboration	craig ltd	collaborative partnerships with Craig Ltd	Craig Ltd__0__0__Lomark Daily	Negative	16	9	Entity.Organization.FishingCompany	Entity.Organization.FishingCompany	cervantes-kramer	craig ltd	0	0
cervantes-kramer	Event.Collaboration	craig ltd	collaborative partnerships with Craig Ltd	Craig Ltd__0__0__Lomark Daily	Negative	16	9	Entity.Organization.FishingCompany	Entity.Organization.FishingCompany	cervantes-kramer	craig ltd	0	0
cervantes-kramer	Event.Collaboration	craig ltd	collaborative partnerships with Craig Ltd	Craig Ltd__0__0__Lomark Daily	Negative	16	9	Entity.Organization.FishingCompany	Entity.Organization.FishingCompany	cervantes-kramer	craig ltd	0	0
cervantes-kramer	Event.Collaboration	craig ltd	collaborative partnerships with Craig Ltd	Craig Ltd__0__0__Lomark Daily	Negative	16	9	Entity.Organization.FishingCompany	Entity.Organization.FishingCompany	cervantes-kramer	craig ltd	0	0
cervantes-kramer	Event.Collaboration	craig ltd	collaborative partnerships with Craig Ltd	Craig Ltd__0__0__Lomark Daily	Positive	16	9	Entity.Organization.FishingCompany	Entity.Organization.FishingCompany	cervantes-kramer	craig ltd	0	0
cervantes-kramer	Event.Collaboration	craig ltd	collaborative partnerships with Craig Ltd	Craig Ltd__0__0__Lomark Daily	Positive	16	9	Entity.Organization.FishingCompany	Entity.Organization.FishingCompany	cervantes-kramer	craig ltd	0	0
cervantes-kramer	Event.Collaboration	craig ltd	collaborative partnerships with Craig Ltd	Craig Ltd__0__0__Lomark Daily	Positive	16	9	Entity.Organization.FishingCompany	Entity.Organization.FishingCompany	cervantes-kramer	craig ltd	0	0
cervantes-kramer	Event.Collaboration	craig ltd	collaborative partnerships with Craig Ltd	Craig Ltd__0__0__Lomark Daily	Neutral	16	9	Entity.Organization.FishingCompany	Entity.Organization.FishingCompany	cervantes-kramer	craig ltd	0	0
cervantes-kramer	Event.Collaboration	craig ltd	collaborative partnerships with Craig Ltd	Craig Ltd__0__0__Lomark Daily	Positive	16	9	Entity.Organization.FishingCompany	Entity.Organization.FishingCompany	cervantes-kramer	craig ltd	0	0
cervantes-kramer	Event.Collaboration	craig ltd	collaborative partnerships with Craig Ltd	Craig Ltd__0__0__Lomark Daily	Positive	16	9	Entity.Organization.FishingCompany	Entity.Organization.FishingCompany	cervantes-kramer	craig ltd	0	0
cervantes-kramer	Event.Collaboration	craig ltd	collaborative partnerships with Craig Ltd	Craig Ltd__0__0__Lomark Daily	Positive	16	9	Entity.Organization.FishingCompany	Entity.Organization.FishingCompany	cervantes-kramer	craig ltd	0	0
cervantes-kramer	Event.Collaboration	craig ltd	collaborative partnerships with Craig Ltd	Craig Ltd__0__0__Lomark Daily	Neutral	16	9	Entity.Organization.FishingCompany	Entity.Organization.FishingCompany	cervantes-kramer	craig ltd	0	0
craig ltd	Event.Invest	efficiency	committed to sustainable and environmentally friendly fishing practices, invested in efficient sustainable nets and tracking systems	Craig Ltd__0__0__The News Buoy	Positive	9	10	Entity.Organization.FishingCompany	Entity.Commodity	craig ltd	efficiency	0	0
craig ltd	Event.Aid	marine_sanctuary	donated $2000.00 to a local marine wildlife non-profit	Craig Ltd__0__0__The News Buoy	Positive	9	16	Entity.Organization.FishingCompany		craig ltd	marine_sanctuary	0	1
craig ltd	Event.Transaction	eaton-osborne	signed multiple fishing transactions	Craig Ltd__0__0__The News Buoy	Positive	9	13	Entity.Organization.FishingCompany		craig ltd	watson-gray	0	8
craig ltd	Event.Transaction	york-castillo	signed multiple fishing transactions	Craig Ltd__0__0__The News Buoy	Positive	9	13	Entity.Organization.FishingCompany	Entity.Organization.FishingCompany	craig ltd	york-castillo	0	0
craig ltd	Event.Transaction	klein llc	involved in several transactions	Craig Ltd__0__0__The News Buoy	Neutral	9	9	Entity.Organization.FishingCompany	Entity.Organization.FishingCompany	craig ltd	klein llc	0	0
craig ltd	Event.Transaction	underwood inc	involved in several transactions	Craig Ltd__0__0__The News Buoy	Positive	9	13	Entity.Organization.FishingCompany	Entity.Organization.FishingCompany	craig ltd	underwood inc	0	0
craig ltd	Event.Transaction	thompson-padilla	involved in several transactions	Craig Ltd__0__0__The News Buoy	Neutral	9	16	Entity.Organization.FishingCompany	Entity.Organization.FishingCompany	craig ltd	thompson-padilla	0	0
craig ltd	Event.Communication.Conference	lake victoria catch gmbh	conferences have focused on discussing sustainable and environmentally friendly fishing practices	Craig Ltd__0__0__The News Buoy	Neutral	9	24	Entity.Organization.FishingCompany	Entity.Organization.FishingCompany	craig ltd	lake victoria catch gmbh	0	0
craig ltd	Event.Communication.Conference	mann, myers and rivera	conferences have focused on discussing sustainable and environmentally friendly fishing practices	Craig Ltd__0__0__The News Buoy	Positive	9	22	Entity.Organization.FishingCompany	Entity.Organization.FishingCompany	craig ltd	mann, myers and rivera	0	0
craig ltd	Event.Communication.Conference	ceo and president	committed to sustainable and environmentally friendly fishing to ensure the future of our business and community	Craig Ltd__0__0__The News Buoy	Positive	9	17	Entity.Organization.FishingCompany		craig ltd	mcgee and sons	0	10
cervantes-kramer	Event.Aid	marine_sanctuary	donated $2000 to a local marine sanctuary	Craig Ltd__0__1__Haacklee Herald	Positive	16	16	Entity.Organization.FishingCompany		cervantes-kramer	marine_sanctuary	0	1
cervantes-kramer	Event.Transaction	other fishing and logistics companies	forged multiple transactions with other fishing and logistics companies	Craig Ltd__0__1__Haacklee Herald	Positive	16	37	Entity.Organization.FishingCompany		cervantes-kramer	stichtingmarine shipping company	0	22
cervantes-kramer	Event.Invest	efficiency	investment in efficient, sustainable nets, and advanced tracking systems	Craig Ltd__0__1__Haacklee Herald	Positive	16	10	Entity.Organization.FishingCompany	Entity.Commodity	cervantes-kramer	efficiency	0	0
craig ltd	Event.Aid	marine_sanctuary	donated $10,000 to a local marine sanctuary as aid	Craig Ltd__0__1__Lomark Daily	Positive	9	16	Entity.Organization.FishingCompany		craig ltd	marine_sanctuary	0	1
craig ltd	Event.Transaction	frey inc	entered into multiple fishing transactions with Frey Inc	Craig Ltd__0__1__Lomark Daily	Positive	9	8	Entity.Organization.FishingCompany	Entity.Organization.FishingCompany	craig ltd	frey inc	0	0
craig ltd	Event.Transaction	cooper, holland and nelson	entered into multiple fishing transactions with Cooper, Holland and Nelson	Craig Ltd__0__1__Lomark Daily	Positive	9	26	Entity.Organization.FishingCompany	Entity.Organization.FishingCompany	craig ltd	cooper, holland and nelson	0	0
craig ltd	Event.Criticize	environmental organizations and industry peers	receiving praise from environmental organizations and industry peers	Craig Ltd__0__1__Lomark Daily	Neutral	9	46	Entity.Organization.FishingCompany		craig ltd	roth, logan and moreno	0	32
craig ltd	Event.Invest	efficiency	commitment to sustainable and environmentally friendly fishing practices, investing in efficient sustainable nets and tracking systems	Craig Ltd__0__1__The News Buoy	Neutral	9	10	Entity.Organization.FishingCompany	Entity.Commodity	craig ltd	efficiency	0	0
craig ltd	Event.Aid	marine_sanctuary	gave $2000 to a local marine sanctuary as aid, demonstrating its dedication to preserving the marine ecosystem	Craig Ltd__0__1__The News Buoy	Positive	9	16	Entity.Organization.FishingCompany		craig ltd	marine_sanctuary	0	1
craig ltd	Event.Transaction	jackson inc	entered into multiple fishing transactions with Jackson Inc	Craig Ltd__0__1__The News Buoy	Neutral	9	11	Entity.Organization.FishingCompany	Entity.Organization.FishingCompany	craig ltd	jackson inc	0	0
craig ltd	Event.Transaction	henderson, hall and lutz	entered into multiple fishing transactions with Henderson, Hall and Lutz	Craig Ltd__0__1__The News Buoy	Positive	9	24	Entity.Organization.FishingCompany	Entity.Organization.FishingCompany	craig ltd	henderson, hall and lutz	0	0
craig ltd	Event.Transaction	burns inc	entered into multiple fishing transactions with Burns Inc	Craig Ltd__0__1__The News Buoy	Neutral	9	9	Entity.Organization.FishingCompany	Entity.Organization.FishingCompany	craig ltd	burns inc	0	0
craig ltd	Event.Invest	tracking_system	recent investments in tracking systems and safety	Craig Ltd__0__1__The News Buoy	Positive	9	15	Entity.Organization.FishingCompany	Entity.Commodity	craig ltd	tracking_system	0	0
craig ltd	Event.Communication.Conference	johnson-johnson	conference with Johnson-Johnson and Jackson, Mendez and Nguyen	Craig Ltd__0__1__The News Buoy	Positive	9	15	Entity.Organization.FishingCompany	Entity.Organization.Company	craig ltd	johnson-johnson	0	0
city of south paackland	Event.Applaud	cuevas plc	Recognition for Sustainable Fishing Practices	Cuevas PLC__0__0__Haacklee Herald	Positive	23	10	Entity.Organization.GovernmentOrg	Entity.Organization.FishingCompany	city of south paackland	cuevas plc	0	0
cuevas plc	Event.Invest	marine sanctuaries	Invested in sustainable nets and made financial contributions	Cuevas PLC__0__0__Haacklee Herald	Positive	10	18	Entity.Organization.FishingCompany		cuevas plc	marine_sanctuary	0	4
cuevas plc	Event.Invest	marine sanctuaries	Made additional investments in sustainable nets and continued to support marine sanctuaries	Cuevas PLC__0__0__Haacklee Herald	Neutral	10	18	Entity.Organization.FishingCompany		cuevas plc	marine_sanctuary	0	4
cuevas plc	Event.Transaction	smith-hull	Engaged in transactions with Smith-Hull	Cuevas PLC__0__0__Haacklee Herald	Positive	10	10	Entity.Organization.FishingCompany	Entity.Organization.FishingCompany	cuevas plc	smith-hull	0	0
cuevas plc	Event.Transaction	harrington inc	Engaged in transactions with Harrington Inc.	Cuevas PLC__0__0__Haacklee Herald	Neutral	10	15	Entity.Organization.FishingCompany		cuevas plc	harrington inc	0	1
cuevas plc	Event.Transaction	clarke, scott and sloan	Engaged in transactions with Clarke, Scott and Sloan	Cuevas PLC__0__0__Haacklee Herald	Positive	10	23	Entity.Organization.FishingCompany	Entity.Organization.FishingCompany	cuevas plc	clarke, scott and sloan	0	0
cuevas plc	Event.Transaction	jackson inc	Engaged in transactions with Jackson Inc.	Cuevas PLC__0__0__Haacklee Herald	Neutral	10	12	Entity.Organization.FishingCompany		cuevas plc	jackson inc	0	1
cuevas plc	Event.Communication.Conference	bell, reynolds and forbes	Participated in conferences with Bell, Reynolds and Forbes	Cuevas PLC__0__0__Haacklee Herald	Neutral	10	25	Entity.Organization.FishingCompany	Entity.Organization.FishingCompany	cuevas plc	bell, reynolds and forbes	0	0
cuevas plc	Event.Communication.Conference	rhodes-thompson	Participated in conferences with Rhodes-Thompson	Cuevas PLC__0__0__Haacklee Herald	Positive	10	15	Entity.Organization.FishingCompany	Entity.Organization.FishingCompany	cuevas plc	rhodes-thompson	0	0
cuevas plc	Event.Communication.Conference	rasmussen, nelson and king	Participated in conferences with Rasmussen, Nelson and King	Cuevas PLC__0__0__Haacklee Herald	Neutral	10	26	Entity.Organization.FishingCompany	Entity.Organization.FishingCompany	cuevas plc	rasmussen, nelson and king	0	0
cuevas plc	Event.Communication.Conference	floyd-cantu	Participated in conferences with Floyd-Cantu	Cuevas PLC__0__0__Haacklee Herald	Neutral	10	11	Entity.Organization.FishingCompany	Entity.Organization.FishingCompany	cuevas plc	floyd-cantu	0	0
cuevas plc	Event.Invest	efficiency	Cuevas PLC has been making waves in the fishing industry with its commitment to sustainable and environmentally friendly fishing practices. The company has invested in efficient sustainable nets, tracking systems, and has given $20,000 to a local marine sanctuary as aid.	Cuevas PLC__0__0__Lomark Daily	Positive	10	10	Entity.Organization.FishingCompany	Entity.Commodity	cuevas plc	efficiency	0	0
cuevas plc	Event.Transaction	williams-moon	Cuevas PLC has also signed multiple fishing transactions with reputable companies such as Williams-Moon, a Company known for its excellence in the field.	Cuevas PLC__0__0__Lomark Daily	Positive	10	13	Entity.Organization.FishingCompany	Entity.Organization.Company	cuevas plc	williams-moon	0	0
cuevas plc	Event.Invest	safety	Cuevas PLC has also been investing in research and development to improve the efficiency and safety of their fishing practices. The company has recently invested $50,000 in a new tracking system to monitor the catch and ensure that it is being done in a sustainable manner.	Cuevas PLC__0__0__Lomark Daily	Positive	10	6	Entity.Organization.FishingCompany	Entity.Commodity	cuevas plc	safety	0	0
cuevas plc	Event.Aid	marine_sanctuary	The company has invested in efficient sustainable nets, tracking systems, and has given $20,000 to a local marine sanctuary as aid.	Cuevas PLC__0__0__Lomark Daily	Neutral	10	16	Entity.Organization.FishingCompany		cuevas plc	marine_sanctuary	0	1
cuevas plc	Event.Invest	tracking_system	leading the way in sustainable and efficient fishing practices. The company has invested in state-of-the-art tracking systems and efficiency to ensure the highest quality products.	Cuevas PLC__0__0__The News Buoy	Positive	10	15	Entity.Organization.FishingCompany	Entity.Commodity	cuevas plc	tracking_system	0	0
cuevas plc	Event.Applaud	cuevas plc	applauded for its commitment to sustainable fishing in the Tuna Shelf and Cod Table areas.	Cuevas PLC__0__0__The News Buoy	Positive	10	10	Entity.Organization.FishingCompany	Entity.Organization.FishingCompany	cuevas plc	cuevas plc	0	0
cuevas plc	Event.Transaction	flores ltd	acquired several vessels, including transactions with Flores Ltd, to expand its operations.	Cuevas PLC__0__0__The News Buoy	Positive	10	10	Entity.Organization.FishingCompany	Entity.Organization.FishingCompany	cuevas plc	flores ltd	0	0
cuevas plc	Event.Transaction	york-castillo	signed multiple deals with reputable companies such as York-Castillo and Eaton-Osborne, solidifying its position as a leader in the industry.	Cuevas PLC__0__0__The News Buoy	Negative	10	13	Entity.Organization.FishingCompany	Entity.Organization.FishingCompany	cuevas plc	york-castillo	0	0
cuevas plc	Event.Transaction	eaton-osborne	signed multiple deals with reputable companies such as York-Castillo and Eaton-Osborne, solidifying its position as a leader in the industry.	Cuevas PLC__0__0__The News Buoy	Positive	10	13	Entity.Organization.FishingCompany		cuevas plc	watson-gray	0	8
cuevas plc	Event.Aid	marine_sanctuary	gave $2000 to a local marine sanctuary as aid.	Cuevas PLC__0__0__The News Buoy	Neutral	10	16	Entity.Organization.FishingCompany	Entity.Organization	cuevas plc	marine_sanctuary	0	0
davis-boyd	Event.Certificateissued	city of himark	secured permits to fish in the waters around Himark	Davis-Boyd__0__0__Haacklee Herald	Negative	10	14	Entity.Organization.FishingCompany		davis-boyd	frey inc	0	11
davis-boyd	Event.Certificateissued	city of port grove	secured permits to fish in the waters around Port Grove	Davis-Boyd__0__0__Haacklee Herald	Negative	10	18	Entity.Organization.FishingCompany		davis-boyd	montoya group	0	12
davis-boyd	Event.Aid	marine_sanctuary	delivered aid to a marine sanctuary indicating a commitment to environmental sustainability	Davis-Boyd__0__0__Haacklee Herald	Negative	10	16	Entity.Organization.FishingCompany		davis-boyd	marine_sanctuary	0	1
davis-boyd	Event.Invest	safety	invested in saftey twice	Davis-Boyd__0__0__Haacklee Herald	Negative	10	6	Entity.Organization.FishingCompany	Entity.Commodity	davis-boyd	safety	0	0
davis-boyd	Event.Communication.Conference	legal and consulting firms	attending conferences with legal and consulting firms, potentially strategizing future business ventures	Davis-Boyd__0__0__Haacklee Herald	Neutral	10	26	Entity.Organization.FishingCompany		davis-boyd	mcgee and sons	0	17
davis-boyd	Event.Invest	efficiency	invested in a new tracking system likely to improve efficiency and catch monitoring	Davis-Boyd__0__0__Haacklee Herald	Positive	10	10	Entity.Organization.FishingCompany	Entity.Commodity	davis-boyd	efficiency	0	0
davis-boyd	Event.Transaction	conrad ltd	conducted transactions with several reputable companies, including established fishing company Conrad Ltd	Davis-Boyd__0__0__Haacklee Herald	Neutral	10	10	Entity.Organization.FishingCompany	Entity.Organization.FishingCompany	davis-boyd	conrad ltd	0	0
davis-boyd	Event.Invest	safety	invested in further safety measures	Davis-Boyd__0__0__Haacklee Herald	Neutral	10	6	Entity.Organization.FishingCompany	Entity.Commodity	davis-boyd	safety	0	0
davis-boyd	Event.Invest	tracking_system	improved tracking systems along with further investments in sustainable nets	Davis-Boyd__0__0__Haacklee Herald	Neutral	10	15	Entity.Organization.FishingCompany	Entity.Commodity	davis-boyd	tracking_system	0	0
davis-boyd	Event.Communication.Conference	rhodes-thompson	participated in discussions with firms like Rhodes-Thompson	Davis-Boyd__0__0__Haacklee Herald	Neutral	10	15	Entity.Organization.FishingCompany	Entity.Organization.FishingCompany	davis-boyd	rhodes-thompson	0	0
davis-boyd	Event.Invest	sustainable_nets	invested in sustainable nets	Davis-Boyd__0__0__Lomark Daily	Negative	10	16	Entity.Organization.FishingCompany	Entity.Commodity	davis-boyd	sustainable_nets	0	0
davis-boyd	Event.Invest	tracking_system	invested in tracking system	Davis-Boyd__0__0__Lomark Daily	Negative	10	15	Entity.Organization.FishingCompany	Entity.Commodity	davis-boyd	tracking_system	0	0
davis-boyd	Event.Invest	safety	invested in safety commodity	Davis-Boyd__0__0__Lomark Daily	Negative	10	6	Entity.Organization.FishingCompany	Entity.Commodity	davis-boyd	safety	0	0
davis-boyd	Event.Aid	city of himark	pledged $5000 to local marine groups involved in sustainable fishing practices	Davis-Boyd__0__0__Lomark Daily	Negative	10	14	Entity.Organization.FishingCompany		davis-boyd	frey inc	0	11
davis-boyd	Event.Aid	city of port grove	pledged $5000 to local marine groups involved in sustainable fishing practices	Davis-Boyd__0__0__Lomark Daily	Positive	10	18	Entity.Organization.FishingCompany		davis-boyd	montoya group	0	12
davis-boyd	Event.Aid	jefferson inc	pledged $5000 to local marine groups involved in sustainable fishing practices	Davis-Boyd__0__0__Lomark Daily	Positive	10	13	Entity.Organization.FishingCompany	Entity.Organization.Company	davis-boyd	jefferson inc	0	0
davis-boyd	Event.Transaction	eaton-osborne	signed multiple contracts with Eaton-Osborne	Davis-Boyd__0__0__Lomark Daily	Negative	10	13	Entity.Organization.FishingCompany		davis-boyd	watson-gray	0	8
davis-boyd	Event.Transaction	york-castillo	signed multiple contracts with York-Castillo	Davis-Boyd__0__0__Lomark Daily	Positive	10	13	Entity.Organization.FishingCompany	Entity.Organization.FishingCompany	davis-boyd	york-castillo	0	0
davis-boyd	Event.Transaction	cunningham-jones	signed multiple contracts with Cunningham-Jones	Davis-Boyd__0__0__Lomark Daily	Negative	10	16	Entity.Organization.FishingCompany	Entity.Organization.Company	davis-boyd	cunningham-jones	0	0
davis-boyd	Event.Applaud	city of himark	was applauded by City of Himark for commitment to sustainable fishing practices	Davis-Boyd__0__0__Lomark Daily	Negative	10	14	Entity.Organization.FishingCompany		davis-boyd	frey inc	0	11
davis-boyd	Event.Applaud	city of port grove	was applauded by City of Port Grove for commitment to sustainable fishing practices	Davis-Boyd__0__0__Lomark Daily	Positive	10	18	Entity.Organization.FishingCompany		davis-boyd	montoya group	0	12
davis-boyd	Event.Applaud	jefferson inc	was applauded by Jefferson Inc for commitment to sustainable fishing practices	Davis-Boyd__0__0__Lomark Daily	Positive	10	13	Entity.Organization.FishingCompany	Entity.Organization.Company	davis-boyd	jefferson inc	0	0
davis-boyd	Event.Communication.Conference	frank group	has conference calls scheduled with Frank Group	Davis-Boyd__0__0__Lomark Daily	Negative	10	11	Entity.Organization.FishingCompany	Entity.Organization.FishingCompany	davis-boyd	frank group	0	0
davis-boyd	Event.Communication.Conference	phillips-newton	has conference calls scheduled with Phillips-Newton	Davis-Boyd__0__0__Lomark Daily	Negative	10	15	Entity.Organization.FishingCompany	Entity.Organization.FishingCompany	davis-boyd	phillips-newton	0	0
davis-boyd	Event.Communication.Conference	williams-moon	has conference calls scheduled with Willams-Moon	Davis-Boyd__0__0__Lomark Daily	Neutral	10	12	Entity.Organization.FishingCompany		davis-boyd	williams-moon	0	1
davis-boyd	Event.Invest	sustainable_nets	investment in sustainable nets	Davis-Boyd__0__0__Lomark Daily	Positive	10	16	Entity.Organization.FishingCompany	Entity.Commodity	davis-boyd	sustainable_nets	0	0
davis-boyd	Event.Invest	tracking_system	investment in tracking system	Davis-Boyd__0__0__Lomark Daily	Negative	10	15	Entity.Organization.FishingCompany	Entity.Commodity	davis-boyd	tracking_system	0	0
cervantes-kramer	Event.Invest	efficiency	committed to sustainable and environmentally friendly fishing practices, invested in efficient sustainable nets, tracking systems, and has recently given $3400 to community fishing groups	Davis-Boyd__0__0__The News Buoy	Negative	16	10	Entity.Organization.FishingCompany	Entity.Commodity	cervantes-kramer	efficiency	0	0
cervantes-kramer	Event.Transaction	eaton-osborne	signed multiple fishing contracts	Davis-Boyd__0__0__The News Buoy	Positive	16	13	Entity.Organization.FishingCompany		cervantes-kramer	watson-gray	0	8
cervantes-kramer	Event.Transaction	york-castillo	signed multiple fishing contracts	Davis-Boyd__0__0__The News Buoy	Positive	16	13	Entity.Organization.FishingCompany	Entity.Organization.FishingCompany	cervantes-kramer	york-castillo	0	0
cervantes-kramer	Event.Transaction	york-castillo	signed multiple fishing contracts	Davis-Boyd__0__0__The News Buoy	Positive	16	13	Entity.Organization.FishingCompany	Entity.Organization.FishingCompany	cervantes-kramer	york-castillo	0	0
cervantes-kramer	Event.Transaction	logistic companies	signed multiple fishing contracts	Davis-Boyd__0__0__The News Buoy	Positive	16	18	Entity.Organization.FishingCompany		cervantes-kramer	martinez-daniels	0	12
cervantes-kramer	Event.Aid	local community	working with local schools and universities to educate the next generation of fishermen on the importance of sustainable fishing practices	Davis-Boyd__0__0__The News Buoy	Positive	16	15	Entity.Organization.FishingCompany		cervantes-kramer	kelly-smith	0	11
city of paackland	Event.Applaud	evans-pearson	Recognized for Sustainable Fishing Practices	Evans-Pearson__0__0__Haacklee Herald	Positive	17	13	Entity.Organization.GovernmentOrg	Entity.Organization.FishingCompany	city of paackland	evans-pearson	0	0
city of centralia	Event.Applaud	evans-pearson	Recognized for Sustainable Fishing Practices	Evans-Pearson__0__0__Haacklee Herald	Positive	17	13	Entity.Organization.GovernmentOrg	Entity.Organization.FishingCompany	city of centralia	evans-pearson	0	0
evans-pearson	Event.Invest	efficiency		Evans-Pearson__0__0__Haacklee Herald	Positive	13	10	Entity.Organization.FishingCompany	Entity.Commodity	evans-pearson	efficiency	0	0
evans-pearson	Event.Transaction	myers-alvarez		Evans-Pearson__0__0__Haacklee Herald	Positive	13	13	Entity.Organization.FishingCompany	Entity.Organization.Company	evans-pearson	myers-alvarez	0	0
evans-pearson	Event.Transaction	wilcox-nelson		Evans-Pearson__0__0__Haacklee Herald	Positive	13	13	Entity.Organization.FishingCompany	Entity.Organization.FishingCompany	evans-pearson	wilcox-nelson	0	0
evans-pearson	Event.Communication.Conference	industry conferences		Evans-Pearson__0__0__Haacklee Herald	Positive	13	20	Entity.Organization.FishingCompany		evans-pearson	rosario-melendez	0	13
city of paackland	Event.Certificateissued	evans-pearson	acknowledging its adherence to fishing regulations and sustainable practices in the Cod Table region	Evans-Pearson__0__0__Lomark Daily	Positive	17	13	Entity.Organization.GovernmentOrg	Entity.Organization.FishingCompany	city of paackland	evans-pearson	0	0
city of centralia	Event.Certificateissued	evans-pearson	acknowledging its adherence to fishing regulations and sustainable practices in the Cod Table region	Evans-Pearson__0__0__Lomark Daily	Positive	17	13	Entity.Organization.GovernmentOrg	Entity.Organization.FishingCompany	city of centralia	evans-pearson	0	0
watson-gray	Event.Transaction	evans-pearson	series of investments and transactions	Evans-Pearson__0__0__Lomark Daily	Positive	11	13	Entity.Organization.FishingCompany	Entity.Organization.FishingCompany	watson-gray	evans-pearson	0	0
murphy, marshall and pope	Event.Transaction	evans-pearson	series of investments and transactions	Evans-Pearson__0__0__Lomark Daily	Positive	25	13	Entity.Organization.FishingCompany	Entity.Organization.FishingCompany	murphy, marshall and pope	evans-pearson	0	0
jackson, mendez and nguyen	Event.Transaction	evans-pearson	series of investments and transactions	Evans-Pearson__0__0__Lomark Daily	Positive	26	13		Entity.Organization.FishingCompany	anderson, brown and green	evans-pearson	14	0
fishermans best n.v. express	Event.Transaction	evans-pearson	series of investments and transactions	Evans-Pearson__0__0__Lomark Daily	Neutral	28	13		Entity.Organization.FishingCompany	cisneros-meyer	evans-pearson	20	0
lake victoria catch gmbh	Event.Communication.Conference	evans-pearson	active participation in industry events aimed at knowledge exchange and networking opportunities	Evans-Pearson__0__0__Lomark Daily	Neutral	24	13		Entity.Organization.FishingCompany	clarke, scott and sloan	evans-pearson	18	0
flores ltd	Event.Communication.Conference	evans-pearson	active participation in industry events aimed at knowledge exchange and networking opportunities	Evans-Pearson__0__0__Lomark Daily	Neutral	10	13	Entity.Organization.FishingCompany	Entity.Organization.FishingCompany	flores ltd	evans-pearson	0	0
phelps, brown and wallace	Event.Transaction	evans-pearson	continued investment in sustainability and tracking systems	Evans-Pearson__0__0__Lomark Daily	Neutral	25	13	Entity.Organization.FishingCompany	Entity.Organization.FishingCompany	phelps, brown and wallace	evans-pearson	0	0
hines-douglas	Event.Transaction	evans-pearson	continued investment in sustainability and tracking systems	Evans-Pearson__0__0__Lomark Daily	Neutral	13	13	Entity.Organization.FishingCompany	Entity.Organization.FishingCompany	hines-douglas	evans-pearson	0	0
rivas-stevens	Event.Transaction	evans-pearson	engaged in sustainable fishing practices at Cod Table	Evans-Pearson__0__0__Lomark Daily	Neutral	13	13	Entity.Organization.FishingCompany	Entity.Organization.FishingCompany	rivas-stevens	evans-pearson	0	0
cain, simpson and hernandez	Event.Transaction	evans-pearson	engaged in sustainable fishing practices at Cod Table	Evans-Pearson__0__0__Lomark Daily	Neutral	27	13	Entity.Organization.FishingCompany	Entity.Organization.FishingCompany	cain, simpson and hernandez	evans-pearson	0	0
kelly-smith	Event.Transaction	evans-pearson	conducted transactions with	Evans-Pearson__0__0__Lomark Daily	Neutral	11	13	Entity.Organization.FishingCompany	Entity.Organization.FishingCompany	kelly-smith	evans-pearson	0	0
mcgee and sons	Event.Transaction	evans-pearson	conducted transactions with	Evans-Pearson__0__0__Lomark Daily	Neutral	14	13	Entity.Organization.FishingCompany	Entity.Organization.FishingCompany	mcgee and sons	evans-pearson	0	0
bell, reynolds and forbes	Event.Transaction	evans-pearson	conducted transactions with	Evans-Pearson__0__0__Lomark Daily	Neutral	25	13	Entity.Organization.FishingCompany	Entity.Organization.FishingCompany	bell, reynolds and forbes	evans-pearson	0	0
wu-hart	Event.Transaction	evans-pearson	conducted transactions with	Evans-Pearson__0__0__Lomark Daily	Neutral	7	13	Entity.Organization.FishingCompany	Entity.Organization.FishingCompany	wu-hart	evans-pearson	0	0
valdez, dalton and cook	Event.Transaction	evans-pearson	engaged in transactions with	Evans-Pearson__0__0__Lomark Daily	Neutral	23	13	Entity.Organization.FishingCompany	Entity.Organization.FishingCompany	valdez, dalton and cook	evans-pearson	0	0
evans-pearson	Event.Invest	efficiency	invested in a bunch of cool stuff to catch more fish safely and efficiently, including tracking systems, sustainable nets, and commodity investments	Evans-Pearson__0__0__The News Buoy	Positive	13	10	Entity.Organization.FishingCompany	Entity.Commodity	evans-pearson	efficiency	0	0
evans-pearson	Event.Aid	marine_sanctuary	helped out a marine sanctuary, which is pretty darn nice of them	Evans-Pearson__0__0__The News Buoy	Positive	13	16	Entity.Organization.FishingCompany		evans-pearson	marine_sanctuary	0	1
evans-pearson	Event.Fishing	cod table	did a lot of fishing, especially at Cod Table	Evans-Pearson__0__0__The News Buoy	Positive	13	9	Entity.Organization.FishingCompany	Entity.Location.Region	evans-pearson	cod table	0	0
evans-pearson	Event.Fishing.Sustainablefishing	cod table	did some sustainable fishing there, which helps the environment	Evans-Pearson__0__0__The News Buoy	Positive	13	9	Entity.Organization.FishingCompany	Entity.Location.Region	evans-pearson	cod table	0	0
evans-pearson	Event.Transaction	cook plc	had meetings with Cook PLC	Evans-Pearson__0__0__The News Buoy	Positive	13	8	Entity.Organization.FishingCompany	Entity.Organization.FishingCompany	evans-pearson	cook plc	0	0
evans-pearson	Event.Transaction	lake victoria catch	had meetings with Lake Victoria Catch	Evans-Pearson__0__0__The News Buoy	Positive	13	19	Entity.Organization.FishingCompany		evans-pearson	lake victoria catch gmbh	0	5
evans-pearson	Event.Transaction	dawson, miles and little	had meetings with Dawson, Miles and Little	Evans-Pearson__0__0__The News Buoy	Positive	13	24	Entity.Organization.FishingCompany	Entity.Organization.Company	evans-pearson	dawson, miles and little	0	0
evans-pearson	Event.Transaction	jones, davis and grant	did a bunch of transactions with Jones, Davis and Grant	Evans-Pearson__0__0__The News Buoy	Positive	13	22	Entity.Organization.FishingCompany	Entity.Organization.FishingCompany	evans-pearson	jones, davis and grant	0	0
evans-pearson	Event.Transaction	massey, king and quinn	did a bunch of transactions with Massey, King and Quinn	Evans-Pearson__0__0__The News Buoy	Positive	13	22	Entity.Organization.FishingCompany	Entity.Organization.Company	evans-pearson	massey, king and quinn	0	0
evans-pearson	Event.Transaction	faulkner, schmidt and wheeler	did a bunch of transactions with Faulkner, Schmidt and Wheeler	Evans-Pearson__0__0__The News Buoy	Positive	13	29	Entity.Organization.FishingCompany	Entity.Organization.Company	evans-pearson	faulkner, schmidt and wheeler	0	0
evans-pearson	Event.Transaction	garcia, merritt and rose	did a bunch of transactions with Garcia, Merritt and Rose	Evans-Pearson__0__0__The News Buoy	Positive	13	24	Entity.Organization.FishingCompany	Entity.Organization.Company	evans-pearson	garcia, merritt and rose	0	0
evans-pearson	Event.Transaction	payne group	did a bunch of transactions with Payne Group	Evans-Pearson__0__0__The News Buoy	Positive	13	11	Entity.Organization.FishingCompany	Entity.Organization.Company	evans-pearson	payne group	0	0
evans-pearson	Event.Transaction	alvarez plc	did a bunch of transactions with Alvarez PLC	Evans-Pearson__0__0__The News Buoy	Positive	13	11	Entity.Organization.FishingCompany	Entity.Organization.FishingCompany	evans-pearson	alvarez plc	0	0
evans-pearson	Event.Transaction	mann, myers and rivera	did a bunch of transactions with Mann, Myers and Rivera	Evans-Pearson__0__0__The News Buoy	Neutral	13	22	Entity.Organization.FishingCompany	Entity.Organization.FishingCompany	evans-pearson	mann, myers and rivera	0	0
evans-pearson	Event.Transaction	clarke, scott and sloan	did a bunch of transactions with Clarke, Scott and Sloan	Evans-Pearson__0__0__The News Buoy	Neutral	13	23	Entity.Organization.FishingCompany	Entity.Organization.FishingCompany	evans-pearson	clarke, scott and sloan	0	0
evans-pearson	Event.Transaction	haney group	did a bunch of transactions with Haney Group	Evans-Pearson__0__0__The News Buoy	Neutral	13	11	Entity.Organization.FishingCompany	Entity.Organization.Company	evans-pearson	haney group	0	0
evans-pearson	Event.Invest	sustainable_nets	In May 2035, Evans-Pearson invested a significant sum – $10,000 – in sustainable nets. These innovative tools minimize bycatch, protecting marine life and promoting a more responsible fishing approach.	Evans-Pearson__0__1__Haacklee Herald	Positive	13	16	Entity.Organization.FishingCompany	Entity.Commodity	evans-pearson	sustainable_nets	0	0
evans-pearson	Event.Invest	tracking_system	Additionally, a $5,000 investment in tracking systems bolsters their efforts. Real-time data allows them to monitor fishing activity and adhere to regulations, ensuring legal and sustainable catches.	Evans-Pearson__0__1__Haacklee Herald	Positive	13	15	Entity.Organization.FishingCompany	Entity.Commodity	evans-pearson	tracking_system	0	0
evans-pearson	Event.Transaction	local fishing company	A recent acquisition of a local fishing company strengthens Evans-Pearson’s resolve. This merger expands their reach and allows them to implement sustainable practices on a wider scale.	Evans-Pearson__0__1__Haacklee Herald	Neutral	13	21	Entity.Organization.FishingCompany		evans-pearson	gallagher-compton	0	14
evans-pearson	Event.Transaction	multiple fishing deals	Their involvement in multiple fishing deals underscores their dedication to collaborating with others in the industry to promote sustainable practices throughout the supply chain.	Evans-Pearson__0__1__Haacklee Herald	Positive	13	22	Entity.Organization.FishingCompany		evans-pearson	martinez-daniels	0	14
evans-pearson	Event.Invest	sustainable_nets	recent investments in sustainable nets and tracking systems	Evans-Pearson__0__1__Lomark Daily	Neutral	13	16	Entity.Organization.FishingCompany	Entity.Commodity	evans-pearson	sustainable_nets	0	0
evans-pearson	Event.Invest	efficiency	recent investments in sustainable nets and tracking systems	Evans-Pearson__0__1__Lomark Daily	Positive	13	10	Entity.Organization.FishingCompany	Entity.Commodity	evans-pearson	efficiency	0	0
evans-pearson	Event.Aid	marine_sanctuary	provided aid to a local marine sanctuary, contributing $2500 towards the preservation of marine life and ecosystems	Evans-Pearson__0__1__Lomark Daily	Positive	13	16	Entity.Organization.FishingCompany	Entity.Organization	evans-pearson	marine_sanctuary	0	0
evans-pearson	Event.Communication.Conference	murphy, marshall and pope	pledged attendance to multiple conferences with other Fishing and Logistic companies	Evans-Pearson__0__1__Lomark Daily	Positive	13	26	Entity.Organization.FishingCompany		evans-pearson	murphy, marshall and pope	0	1
evans-pearson	Event.Communication.Conference	bowers group	pledged attendance to multiple conferences with other Fishing and Logistic companies	Evans-Pearson__0__1__Lomark Daily	Positive	13	12	Entity.Organization.FishingCompany	Entity.Organization.FishingCompany	evans-pearson	bowers group	0	0
evans-pearson	Event.Communication.Conference	cod table	pledged attendance to multiple conferences with other Fishing and Logistic companies	Evans-Pearson__0__1__Lomark Daily	Neutral	13	9	Entity.Organization.FishingCompany	Entity.Location.Region	evans-pearson	cod table	0	0
evans-pearson	Event.Invest	safety measures	Investment in safety measures	Evans-Pearson__0__1__The News Buoy	Positive	13	15	Entity.Organization.FishingCompany		evans-pearson	safety	0	9
evans-pearson	Event.Aid	marine sanctuary initiatives	Aid towards Marine Sanctuary initiatives	Evans-Pearson__0__1__The News Buoy	Positive	13	28	Entity.Organization.FishingCompany		evans-pearson	marine sentinels initiative	0	8
evans-pearson	Event.Invest	tracking system technology	Investment in Tracking System technology	Evans-Pearson__0__1__The News Buoy	Positive	13	26	Entity.Organization.FishingCompany		evans-pearson	tracking_system	0	12
evans-pearson	Event.Fishing.Sustainablefishing	cod table project	Sustainable Fishing practices implemented through the Cod Table project	Evans-Pearson__0__1__The News Buoy	Positive	13	17	Entity.Organization.FishingCompany		evans-pearson	cod table	0	8
evans-pearson	Event.Invest	sustainable nets technology	Investment in Sustainable Nets technology	Evans-Pearson__0__1__The News Buoy	Positive	13	27	Entity.Organization.FishingCompany		evans-pearson	sustainable_nets	0	12
evans-pearson	Event.Fishing	cod table project	Fishing activities under the Cod Table project	Evans-Pearson__0__1__The News Buoy	Positive	13	17	Entity.Organization.FishingCompany		evans-pearson	cod table	0	8
evans-pearson	Event.Fishing	cod table project	Fishing activities continue under the Cod Table project	Evans-Pearson__0__1__The News Buoy	Positive	13	17	Entity.Organization.FishingCompany		evans-pearson	cod table	0	8
evans-pearson	Event.Transaction	thompson-padilla	Transactions involving Thompson-Padilla and Hernandez-Rojas	Evans-Pearson__0__1__The News Buoy	Positive	13	16	Entity.Organization.FishingCompany	Entity.Organization.FishingCompany	evans-pearson	thompson-padilla	0	0
evans-pearson	Event.Transaction	hernandez-rojas	Transactions involving Thompson-Padilla and Hernandez-Rojas	Evans-Pearson__0__1__The News Buoy	Neutral	13	15	Entity.Organization.FishingCompany	Entity.Organization.FishingCompany	evans-pearson	hernandez-rojas	0	0
evans-pearson	Event.Transaction	lake victoria catch gmbh	Transactions with Lake Victoria Catch GmbH, Murray, Friedman and Wall	Evans-Pearson__0__1__The News Buoy	Positive	13	24	Entity.Organization.FishingCompany	Entity.Organization.FishingCompany	evans-pearson	lake victoria catch gmbh	0	0
evans-pearson	Event.Transaction	murray, friedman and wall	Transactions with Lake Victoria Catch GmbH, Murray, Friedman and Wall	Evans-Pearson__0__1__The News Buoy	Positive	13	25	Entity.Organization.FishingCompany	Entity.Organization.FishingCompany	evans-pearson	murray, friedman and wall	0	0
evans-pearson	Event.Invest	safety measures	Further investment in safety measures	Evans-Pearson__0__1__The News Buoy	Positive	13	15	Entity.Organization.FishingCompany		evans-pearson	safety	0	9
flores ltd	Event.Invest	efficiency	dedicated to environmental responsibility, has taken significant strides towards promoting sustainable fishing practices. Through strategic investments in eco-friendly technologies such as sustainable nets and advanced tracking systems	Flores Ltd__0__0__Haacklee Herald	Neutral	10	10	Entity.Organization.FishingCompany	Entity.Commodity	flores ltd	efficiency	0	0
flores ltd	Event.Aid	local fisheries	pledged a generous sum of $1500 to local fisheries, marking a pivotal moment in its mission to foster sustainable fishing practices	Flores Ltd__0__0__Haacklee Herald	Positive	10	15	Entity.Organization.FishingCompany		flores ltd	tuna shelf	0	10
flores ltd	Event.Transaction	eaton-osborne	strategic partnerships with reputable fishing and logistics companies	Flores Ltd__0__0__Haacklee Herald	Positive	10	13	Entity.Organization.FishingCompany		flores ltd	watson-gray	0	8
flores ltd	Event.Transaction	york-castillo	strategic partnerships with reputable fishing and logistics companies	Flores Ltd__0__0__Haacklee Herald	Neutral	10	13	Entity.Organization.FishingCompany	Entity.Organization.FishingCompany	flores ltd	york-castillo	0	0
flores ltd	Event.Invest	sustainable_nets	integration of sustainable fishing practices into its core business operations	Flores Ltd__0__0__Haacklee Herald	Neutral	10	16	Entity.Organization.FishingCompany	Entity.Commodity	flores ltd	sustainable_nets	0	0
flores ltd	Event.Invest	tracking_system	investment in cutting-edge tracking systems enables real-time monitoring of fishing activities	Flores Ltd__0__0__Haacklee Herald	Neutral	10	15	Entity.Organization.FishingCompany	Entity.Commodity	flores ltd	tracking_system	0	0
flores ltd	Event.Communication.Conference	local communities	actively engages with local communities to promote awareness of sustainable fishing practices and foster meaningful partnerships	Flores Ltd__0__0__Haacklee Herald	Positive	10	17	Entity.Organization.FishingCompany		flores ltd	ross-curtis	0	11
flores ltd	Event.Owns.Partiallyowns	fishers	empower fishers with the knowledge and tools needed to adopt environmentally friendly fishing methods and contribute to the preservation of marine biodiversity	Flores Ltd__0__0__Haacklee Herald	Neutral	10	7	Entity.Organization.FishingCompany		flores ltd	wu-hart	0	5
city of south paackland	Event.Certificateissued	flores ltd	certified to fish in the Tuna Shelf and Cod Table regions	Flores Ltd__0__0__Lomark Daily	Positive	23	11	Entity.Organization.GovernmentOrg		city of south paackland	flores ltd	0	1
city of centralia	Event.Certificateissued	flores ltd	certified to fish in the Tuna Shelf and Cod Table regions	Flores Ltd__0__0__Lomark Daily	Positive	17	11	Entity.Organization.GovernmentOrg		city of centralia	flores ltd	0	1
flores ltd	Event.Invest	safety	invests in safety and efficiency measures	Flores Ltd__0__0__Lomark Daily	Neutral	11	6		Entity.Commodity	flores ltd	safety	1	0
flores ltd	Event.Invest	efficiency	invests in safety and efficiency measures	Flores Ltd__0__0__Lomark Daily	Positive	11	10		Entity.Commodity	flores ltd	efficiency	1	0
flores ltd	Event.Invest	sustainable_nets	invests in sustainable nets	Flores Ltd__0__0__Lomark Daily	Positive	11	16		Entity.Commodity	flores ltd	sustainable_nets	1	0
flores ltd	Event.Aid	marine_sanctuary	aids the Marine Sanctuary	Flores Ltd__0__0__Lomark Daily	Positive	11	16			flores ltd	marine_sanctuary	1	1
flores ltd	Event.Transaction	clements, allen and sullivan	participates in a conference with Clements, Allen and Sullivan	Flores Ltd__0__0__Lomark Daily	Positive	11	28		Entity.Organization.FishingCompany	flores ltd	clements, allen and sullivan	1	0
flores ltd	Event.Transaction	lutz-fleming	participates in conferences with Lutz-Fleming, Cuevas PLC, and Horn and Sons	Flores Ltd__0__0__Lomark Daily	Positive	11	12		Entity.Organization.FishingCompany	flores ltd	lutz-fleming	1	0
flores ltd	Event.Transaction	cuevas plc	participates in conferences with Lutz-Fleming, Cuevas PLC, and Horn and Sons	Flores Ltd__0__0__Lomark Daily	Positive	11	10		Entity.Organization.FishingCompany	flores ltd	cuevas plc	1	0
flores ltd	Event.Transaction	horn and sons	participates in conferences with Lutz-Fleming, Cuevas PLC, and Horn and Sons	Flores Ltd__0__0__Lomark Daily	Positive	11	13		Entity.Organization.FishingCompany	flores ltd	horn and sons	1	0
flores ltd	Event.Transaction	hernandez-rojas	participates in conferences with Hernandez-Rojas and Wilcox-Nelson	Flores Ltd__0__0__Lomark Daily	Positive	11	15		Entity.Organization.FishingCompany	flores ltd	hernandez-rojas	1	0
flores ltd	Event.Transaction	wilcox-nelson	participates in conferences with Hernandez-Rojas and Wilcox-Nelson	Flores Ltd__0__0__Lomark Daily	Neutral	11	13		Entity.Organization.FishingCompany	flores ltd	wilcox-nelson	1	0
flores ltd	Event.Transaction	cooper, holland and nelson	engaged in a series of transactions aimed at enhancing operational efficiency and environmental stewardship	Flores Ltd__0__0__The News Buoy	Neutral	10	26	Entity.Organization.FishingCompany	Entity.Organization.FishingCompany	flores ltd	cooper, holland and nelson	0	0
flores ltd	Event.Transaction	olsen group	engaged in a series of transactions aimed at enhancing operational efficiency and environmental stewardship	Flores Ltd__0__0__The News Buoy	Neutral	10	11	Entity.Organization.FishingCompany	Entity.Organization.FishingCompany	flores ltd	olsen group	0	0
flores ltd	Event.Transaction	mcgee and sons	engaged in a series of transactions aimed at enhancing operational efficiency and environmental stewardship	Flores Ltd__0__0__The News Buoy	Positive	10	14	Entity.Organization.FishingCompany	Entity.Organization.FishingCompany	flores ltd	mcgee and sons	0	0
flores ltd	Event.Invest	tracking_system	investments in technologies like tracking systems and sustainable nets	Flores Ltd__0__0__The News Buoy	Neutral	10	15	Entity.Organization.FishingCompany	Entity.Commodity	flores ltd	tracking_system	0	0
flores ltd	Event.Invest	sustainable_nets	investments in technologies like tracking systems and sustainable nets	Flores Ltd__0__0__The News Buoy	Neutral	10	16	Entity.Organization.FishingCompany	Entity.Commodity	flores ltd	sustainable_nets	0	0
flores ltd	Event.Aid	marine_sanctuary	contributions to marine sanctuaries and adherence to fishing regulations	Flores Ltd__0__0__The News Buoy	Positive	10	16	Entity.Organization.FishingCompany	Entity.Organization	flores ltd	marine_sanctuary	0	0
flores ltd	Event.Certificateissued	flores ltd	dedication to environmental conservation and adherence to fishing regulations in the Tuna Shelf and Cod Table regions	Flores Ltd__0__0__The News Buoy	Neutral	10	10	Entity.Organization.FishingCompany	Entity.Organization.FishingCompany	flores ltd	flores ltd	0	0
franco-stuart	Event.Invest	sustainable_nets and tracking_system	Recent investments in sustainable nets and tracking systems	Franco-Stuart__0__0__Haacklee Herald	Positive	13	36	Entity.Organization.FishingCompany		franco-stuart	sustainable_nets	0	20
franco-stuart	Event.Aid	local marine organizations	$1,900 contribution	Franco-Stuart__0__0__Haacklee Herald	Neutral	13	26	Entity.Organization.FishingCompany		franco-stuart	namriver transit a/s	0	16
franco-stuart	Event.Transaction	cervantes-kramer	Multiple fishing transactions	Franco-Stuart__0__0__Haacklee Herald	Neutral	13	16	Entity.Organization.FishingCompany	Entity.Organization.FishingCompany	franco-stuart	cervantes-kramer	0	0
franco-stuart	Event.Transaction	eaton-osborne	Multiple fishing transactions	Franco-Stuart__0__0__Haacklee Herald	Positive	13	13	Entity.Organization.FishingCompany		franco-stuart	watson-gray	0	8
franco-stuart	Event.Transaction	york-castillo	Multiple fishing transactions	Franco-Stuart__0__0__Haacklee Herald	Positive	13	13	Entity.Organization.FishingCompany	Entity.Organization.FishingCompany	franco-stuart	york-castillo	0	0
franco-stuart	Event.Communication.Conference	nguyen, marsh and hall	Plans to attend conferences focused on sustainable fishing practices	Franco-Stuart__0__0__Haacklee Herald	Positive	13	22	Entity.Organization.FishingCompany	Entity.Organization.Company	franco-stuart	nguyen, marsh and hall	0	0
franco-stuart	Event.Communication.Conference	ellis-hunter	Plans to attend conferences focused on sustainable fishing practices	Franco-Stuart__0__0__Haacklee Herald	Positive	13	12	Entity.Organization.FishingCompany	Entity.Organization.Company	franco-stuart	ellis-hunter	0	0
franco-stuart	Event.Invest	sustainable_nets	committed to sustainable and environmentally friendly fishing practices, invested in state-of-the-art sustainable nets and tracking systems	Franco-Stuart__0__0__Lomark Daily	Neutral	13	16	Entity.Organization.FishingCompany	Entity.Commodity	franco-stuart	sustainable_nets	0	0
franco-stuart	Event.Aid	local_marine_sanctuaries	gave $2100 to local marine sanctuaries	Franco-Stuart__0__0__Lomark Daily	Neutral	13	24	Entity.Organization.FishingCompany		franco-stuart	marine_sanctuary	0	9
franco-stuart	Event.Transaction	barnes and sons	signed multiple fishing contracts with reputable companies such as Barnes and Sons, Bowers Group, and the City of South Paackland	Franco-Stuart__0__0__Lomark Daily	Neutral	13	15	Entity.Organization.FishingCompany	Entity.Organization.FishingCompany	franco-stuart	barnes and sons	0	0
franco-stuart	Event.Communication.Conference	flores ltd	highlighted its partnership with Flores Ltd, Harrell-Walters, and Tracking System	Franco-Stuart__0__0__Lomark Daily	Positive	13	10	Entity.Organization.FishingCompany	Entity.Organization.FishingCompany	franco-stuart	flores ltd	0	0
franco-stuart	Event.Communication.Conference	harrell-walters	highlighted its partnership with Flores Ltd, Harrell-Walters, and Tracking System	Franco-Stuart__0__0__Lomark Daily	Positive	13	15	Entity.Organization.FishingCompany	Entity.Organization.FishingCompany	franco-stuart	harrell-walters	0	0
franco-stuart	Event.Communication.Conference	tracking_system	highlighted its partnership with Flores Ltd, Harrell-Walters, and Tracking System	Franco-Stuart__0__0__Lomark Daily	Positive	13	15	Entity.Organization.FishingCompany		franco-stuart	tracking_system	0	1
franco-stuart	Event.Communication.Conference	innovative_approaches_to_sustainable_fishing	showcased its innovative approaches to sustainable fishing	Franco-Stuart__0__0__Lomark Daily	Positive	13	44	Entity.Organization.FishingCompany		franco-stuart	sustainable_nets	0	32
franco-stuart	Event.Communication.Conference	investment_in_commodities	highlighted its investment in commodities such as safe and efficient nets	Franco-Stuart__0__0__Lomark Daily	Positive	13	25	Entity.Organization.FishingCompany		franco-stuart	martinez-daniels	0	18
franco-stuart	Event.Communication.Conference	partnership_with_flores_ltd	highlighted its partnership with Flores Ltd, Harrell-Walters, and Tracking System	Franco-Stuart__0__0__Lomark Daily	Positive	13	27	Entity.Organization.FishingCompany		franco-stuart	flores ltd	0	18
franco-stuart	Event.Communication.Conference	partnership_with_harrell-walters	highlighted its partnership with Flores Ltd, Harrell-Walters, and Tracking System	Franco-Stuart__0__0__Lomark Daily	Positive	13	32	Entity.Organization.FishingCompany		franco-stuart	harrell-walters	0	17
franco-stuart	Event.Communication.Conference	partnership_with_tracking_system	highlighted its partnership with Flores Ltd, Harrell-Walters, and Tracking System	Franco-Stuart__0__0__Lomark Daily	Positive	13	32	Entity.Organization.FishingCompany		franco-stuart	tracking_system	0	17
franco-stuart	Event.Communication.Conference	innovative_approaches_to_sustainable_fishing	showcased its innovative approaches to sustainable fishing	Franco-Stuart__0__0__Lomark Daily	Neutral	13	44	Entity.Organization.FishingCompany		franco-stuart	sustainable_nets	0	32
franco-stuart	Event.Communication.Conference	commitment_to_responsible_and_ethical_fishing_practices	commitment to responsible and ethical	Franco-Stuart__0__0__Lomark Daily	Neutral	13	55	Entity.Organization.FishingCompany		franco-stuart	marine sentinels initiative	0	39
franco-stuart	Event.Invest	efficiency and safety	The company invested in new technologies to improve efficiency and safety in its fishing operations.	Franco-Stuart__0__0__The News Buoy	Positive	13	21	Entity.Organization.FishingCompany		franco-stuart	efficiency	0	11
franco-stuart	Event.Transaction	city of south paackland	Franco-Stuart signed multiple fishing contracts with City Of South Paackland.	Franco-Stuart__0__0__The News Buoy	Positive	13	23	Entity.Organization.FishingCompany		franco-stuart	thompson-padilla	0	15
franco-stuart	Event.Transaction	city of lomark	Franco-Stuart signed multiple fishing contracts with City Of Lomark.	Franco-Stuart__0__0__The News Buoy	Neutral	13	14	Entity.Organization.FishingCompany		franco-stuart	hughes-clark	0	10
franco-stuart	Event.Transaction	myers-alvarez	Franco-Stuart signed multiple fishing contracts with Myers-Alvarez.	Franco-Stuart__0__0__The News Buoy	Positive	13	13	Entity.Organization.FishingCompany	Entity.Organization.Company	franco-stuart	myers-alvarez	0	0
franco-stuart	Event.Communication.Conference	arellano group	Franco-Stuart participated in conferences and meetings with Arellano Group.	Franco-Stuart__0__0__The News Buoy	Positive	13	14	Entity.Organization.FishingCompany	Entity.Organization.FishingCompany	franco-stuart	arellano group	0	0
franco-stuart	Event.Communication.Conference	collins, johnson and lloyd	Franco-Stuart participated in conferences and meetings with Collins, Johnson and Lloyd.	Franco-Stuart__0__0__The News Buoy	Positive	13	26	Entity.Organization.FishingCompany	Entity.Organization.FishingCompany	franco-stuart	collins, johnson and lloyd	0	0
franco-stuart	Event.Communication.Conference	mclaughlin-chandler	Franco-Stuart participated in conferences and meetings with Mclaughlin-Chandler.	Franco-Stuart__0__0__The News Buoy	Positive	13	19	Entity.Organization.FishingCompany	Entity.Organization.FishingCompany	franco-stuart	mclaughlin-chandler	0	0
franco-stuart	Event.Invest	sustainable_nets	dedication to sustainable and environmentally friendly fishing practices within the fishing industry by investing in cutting-edge sustainable nets, tracking systems, and aid to local marine sanctuaries	Franco-Stuart__0__1__Haacklee Herald	Neutral	13	16	Entity.Organization.FishingCompany	Entity.Commodity	franco-stuart	sustainable_nets	0	0
franco-stuart	Event.Communication.Conference	franco-stuart representatives	vision for the future of fishing, highlighting their dedication to sustainable fishing	Franco-Stuart__0__1__Haacklee Herald	Positive	13	29	Entity.Organization.FishingCompany		franco-stuart	franco-stuart	0	16
franco-stuart	Event.Transaction	alvarez plc	created multiple contracts with other fishing and logistics companies	Franco-Stuart__0__1__Haacklee Herald	Positive	13	11	Entity.Organization.FishingCompany	Entity.Organization.FishingCompany	franco-stuart	alvarez plc	0	0
franco-stuart	Event.Invest	safety	invested $5000 in improving safety parameters within their products	Franco-Stuart__0__1__Haacklee Herald	Positive	13	6	Entity.Organization.FishingCompany	Entity.Commodity	franco-stuart	safety	0	0
franco-stuart	Event.Invest	monitoring	investment will enable the company to continue monitoring and protecting the marine ecosystem while ensuring the safety of their fishing operations	Franco-Stuart__0__1__Haacklee Herald	Neutral	13	10	Entity.Organization.FishingCompany		franco-stuart	dunn inc	0	7
franco-stuart	Event.Invest	efficient sustainable nets and tracking systems	invested in efficient sustainable nets and tracking systems to ensure responsible fishing in the Wrasse Beds area	Franco-Stuart__0__1__Lomark Daily	Neutral	13	47	Entity.Organization.FishingCompany		franco-stuart	sustainable_nets	0	32
franco-stuart	Event.Aid	marine conservationist groups	provided $2200 in aid to marine conservationist groups to preserve marine ecosystems	Franco-Stuart__0__1__Lomark Daily	Positive	13	29	Entity.Organization.FishingCompany		franco-stuart	seawatch conservation society	0	16
franco-stuart	Event.Transaction	davis-boyd	created multiple contracts with Davis-Boyd	Franco-Stuart__0__1__Lomark Daily	Positive	13	10	Entity.Organization.FishingCompany	Entity.Organization.FishingCompany	franco-stuart	davis-boyd	0	0
franco-stuart	Event.Transaction	floyd-cantu	created multiple contracts with Floyd-Cantu	Franco-Stuart__0__1__Lomark Daily	Positive	13	11	Entity.Organization.FishingCompany	Entity.Organization.FishingCompany	franco-stuart	floyd-cantu	0	0
franco-stuart	Event.Transaction	cooper, wood and smith	created multiple contracts with Cooper, Wood and Smith	Franco-Stuart__0__1__Lomark Daily	Positive	13	22	Entity.Organization.FishingCompany	Entity.Organization.Company	franco-stuart	cooper, wood and smith	0	0
franco-stuart	Event.Invest	safety protocols and products	invested in safety protocols and products	Franco-Stuart__0__1__Lomark Daily	Positive	13	29	Entity.Organization.FishingCompany		franco-stuart	bell, reynolds and forbes	0	18
franco-stuart	Event.Fishing	industry	plays a crucial role in promoting sustainable fishing practices in the industry	Franco-Stuart__0__1__Lomark Daily	Neutral	13	8	Entity.Organization.FishingCompany		franco-stuart	safety	0	6
franco-stuart	Event.Owns.Partiallyowns	environmental responsibility and ethical business practices	commitment to environmental responsibility and ethical business practices	Franco-Stuart__0__1__Lomark Daily	Neutral	13	59	Entity.Organization.FishingCompany		franco-stuart	dutch bill america line ab	0	42
franco-stuart	Event.Invest	efficiency	committed to sustainable and environment-friendly fishing practices	Franco-Stuart__0__1__The News Buoy	Neutral	13	10	Entity.Organization.FishingCompany	Entity.Commodity	franco-stuart	efficiency	0	0
franco-stuart	Event.Invest	tracking_system	committed to sustainable and environment-friendly fishing practices	Franco-Stuart__0__1__The News Buoy	Neutral	13	15	Entity.Organization.FishingCompany	Entity.Commodity	franco-stuart	tracking_system	0	0
franco-stuart	Event.Aid	marine_sanctuaries	provided aid to local marine sanctuaries	Franco-Stuart__0__1__The News Buoy	Positive	13	18	Entity.Organization.FishingCompany		franco-stuart	marine_sanctuary	0	3
franco-stuart	Event.Transaction	jones, davis and grant	entered into multiple fishing contracts	Franco-Stuart__0__1__The News Buoy	Positive	13	22	Entity.Organization.FishingCompany	Entity.Organization.FishingCompany	franco-stuart	jones, davis and grant	0	0
franco-stuart	Event.Transaction	davis-boyd	entered into multiple fishing contracts	Franco-Stuart__0__1__The News Buoy	Positive	13	10	Entity.Organization.FishingCompany	Entity.Organization.FishingCompany	franco-stuart	davis-boyd	0	0
franco-stuart	Event.Fishing.Sustainablefishing	jones, davis and grant	focus on sustainable fishing is a positive step towards a more environmentally conscious future	Franco-Stuart__0__1__The News Buoy	Neutral	13	22	Entity.Organization.FishingCompany	Entity.Organization.FishingCompany	franco-stuart	jones, davis and grant	0	0
franco-stuart	Event.Fishing.Sustainablefishing	davis-boyd	focus on sustainable fishing is a positive step towards a more environmentally conscious future	Franco-Stuart__0__1__The News Buoy	Positive	13	10	Entity.Organization.FishingCompany	Entity.Organization.FishingCompany	franco-stuart	davis-boyd	0	0
frank group	Event.Transaction	wu-hart	Transactions	Frank Group__0__0__Haacklee Herald	Positive	11	7	Entity.Organization.FishingCompany	Entity.Organization.FishingCompany	frank group	wu-hart	0	0
frank group	Event.Transaction	york-castillo	Transactions	Frank Group__0__0__Haacklee Herald	Positive	11	13	Entity.Organization.FishingCompany	Entity.Organization.FishingCompany	frank group	york-castillo	0	0
frank group	Event.Transaction	valdez, dalton and cook	Transactions	Frank Group__0__0__Haacklee Herald	Positive	11	23	Entity.Organization.FishingCompany	Entity.Organization.FishingCompany	frank group	valdez, dalton and cook	0	0
frank group	Event.Invest	sustainable_nets and tracking_system	Investment in sustainable nets and tracking systems	Frank Group__0__0__Haacklee Herald	Positive	11	36	Entity.Organization.FishingCompany		frank group	sustainable_nets	0	20
frank group	Event.Transaction	wu-hart, york-castillo, valdez, dalton and cook	Transactions and collaborative partnerships	Frank Group__0__0__Haacklee Herald	Positive	11	47	Entity.Organization.FishingCompany		frank group	valdez, dalton and cook	0	24
frank group	Event.Invest	sustainability	Prioritizing sustainability in investments and transactions	Frank Group__0__0__Haacklee Herald	Positive	11	14	Entity.Organization.FishingCompany		frank group	sustainable_nets	0	6
frank group	Event.Invest	sustainability	Demonstrating profitability and environmental stewardship	Frank Group__0__0__Haacklee Herald	Positive	11	14	Entity.Organization.FishingCompany		frank group	sustainable_nets	0	6
frank group	Event.Aid	investors and stakeholders	Encouragement to monitor sustainability efforts	Frank Group__0__0__Haacklee Herald	Neutral	11	26	Entity.Organization.FishingCompany		frank group	horn and sons	0	16
city of himark	Event.Certificateissued	frank group	received certificates from the City of Himark and City of Centralia, allowing them to fish in specific regions with designated vessels	Frank Group__0__0__Lomark Daily	Neutral	14	11	Entity.Organization.GovernmentOrg	Entity.Organization.FishingCompany	city of himark	frank group	0	0
city of centralia	Event.Certificateissued	frank group	received certificates from the City of Himark and City of Centralia, allowing them to fish in specific regions with designated vessels	Frank Group__0__0__Lomark Daily	Neutral	17	11	Entity.Organization.GovernmentOrg	Entity.Organization.FishingCompany	city of centralia	frank group	0	0
frank group	Event.Transaction	horn and sons	struck deals with Horn and Sons and Wilcox-Nelson on February 16th	Frank Group__0__0__Lomark Daily	Positive	11	13	Entity.Organization.FishingCompany	Entity.Organization.FishingCompany	frank group	horn and sons	0	0
frank group	Event.Transaction	wilcox-nelson	struck deals with Horn and Sons and Wilcox-Nelson on February 16th	Frank Group__0__0__Lomark Daily	Neutral	11	13	Entity.Organization.FishingCompany	Entity.Organization.FishingCompany	frank group	wilcox-nelson	0	0
frank group	Event.Invest	sustainable_nets and efficiency	made a commitment to eco-friendly practices by investing in sustainable nets and efficiency	Frank Group__0__0__Lomark Daily	Positive	11	31	Entity.Organization.FishingCompany		frank group	sustainable_nets	0	15
frank group	Event.Invest	tracking_system	investment in the BassLine tracking_System suggests a focus on improving efficiency or monitoring fishing activities	Frank Group__0__0__Lomark Daily	Positive	11	15	Entity.Organization.FishingCompany	Entity.Commodity	frank group	tracking_system	0	0
frank group	Event.Transaction	wu-hart	transactions involving Wu-Hart and Rivas-Stevens on April 6th	Frank Group__0__0__Lomark Daily	Positive	11	7	Entity.Organization.FishingCompany	Entity.Organization.FishingCompany	frank group	wu-hart	0	0
frank group	Event.Transaction	rivas-stevens	transactions involving Wu-Hart and Rivas-Stevens on April 6th	Frank Group__0__0__Lomark Daily	Positive	11	13	Entity.Organization.FishingCompany	Entity.Organization.FishingCompany	frank group	rivas-stevens	0	0
frank group	Event.Applaud	marine_sanctuary	praised in the fishing industry due to their commitment to sustainable and environmentally friendly fishing practices	Frank Group__0__0__The News Buoy	Positive	11	16	Entity.Organization.FishingCompany		frank group	marine_sanctuary	0	1
frank group	Event.Invest	efficiency	invested in state-of-the-art tracking systems to monitor their fishing vessels, ensuring that they are operating in a responsible manner	Frank Group__0__0__The News Buoy	Positive	11	10	Entity.Organization.FishingCompany	Entity.Commodity	frank group	efficiency	0	0
frank group	Event.Transaction	archer-johnson	made multiple transactions with Archer-Johnson which demonstrate the companys commitment to building relationships with other industry leaders and working together towards a more sustainable future	Frank Group__0__0__The News Buoy	Positive	11	14	Entity.Organization.FishingCompany	Entity.Organization.Company	frank group	archer-johnson	0	0
frank group	Event.Aid	local marine aid groups	donated $1870 to local marine aid groups	Frank Group__0__0__The News Buoy	Positive	11	23	Entity.Organization.FishingCompany		frank group	hartman group	0	13
frey inc	Event.Invest	efficiency and safety commodities, implementation of a tracking system		Frey Inc__0__0__Haacklee Herald	Neutral	8	70	Entity.Organization.FishingCompany		frey inc	pregolyadredge logistics incorporated	0	52
frey inc	Event.Transaction	jones, davis and grant		Frey Inc__0__0__Haacklee Herald	Positive	8	22	Entity.Organization.FishingCompany	Entity.Organization.FishingCompany	frey inc	jones, davis and grant	0	0
frey inc	Event.Transaction	lutz-fleming		Frey Inc__0__0__Haacklee Herald	Positive	8	12	Entity.Organization.FishingCompany	Entity.Organization.FishingCompany	frey inc	lutz-fleming	0	0
frey inc	Event.Transaction	payne group		Frey Inc__0__0__Haacklee Herald	Neutral	8	11	Entity.Organization.FishingCompany	Entity.Organization.Company	frey inc	payne group	0	0
frey inc	Event.Aid	marine sanctuaries		Frey Inc__0__0__Haacklee Herald	Neutral	8	18	Entity.Organization.FishingCompany		frey inc	marine_sanctuary	0	4
frey inc	Event.Invest	sustainable_nets		Frey Inc__0__0__Haacklee Herald	Neutral	8	16	Entity.Organization.FishingCompany		frey inc	sustainable_nets	0	1
frey inc	Event.Communication.Conference	barnes and sons, murray, friedman and wall		Frey Inc__0__0__Haacklee Herald	Neutral	8	42	Entity.Organization.FishingCompany		frey inc	murray, friedman and wall	0	17
frey inc	Event.Fishing	wrasse beds, sustainable fishing practices		Frey Inc__0__0__Haacklee Herald	Positive	8	42	Entity.Organization.FishingCompany		frey inc	marine sentinels initiative	0	27
frey inc	Event.Transaction	glover, moran and johnson		Frey Inc__0__0__Haacklee Herald	Positive	8	25	Entity.Organization.FishingCompany	Entity.Organization.FishingCompany	frey inc	glover, moran and johnson	0	0
frey inc	Event.Transaction	montoya group		Frey Inc__0__0__Haacklee Herald	Positive	8	13	Entity.Organization.FishingCompany	Entity.Organization.FishingCompany	frey inc	montoya group	0	0
frey inc	Event.Transaction	williams-moon		Frey Inc__0__0__Haacklee Herald	Positive	8	13	Entity.Organization.FishingCompany	Entity.Organization.Company	frey inc	williams-moon	0	0
frey inc	Event.Fishing.Sustainablefishing	wrasse beds, sustainable fishing practices, sustainable nets, tracking systems		Frey Inc__0__0__Haacklee Herald	Positive	8	78	Entity.Organization.FishingCompany		frey inc	marine sentinels initiative	0	60
frey inc	Event.Invest	efficiency	Frey Inc. has been busy investing in all the right things: sustainable nets, efficiency, and marine sanctuaries	Frey Inc__0__0__Lomark Daily	Neutral	9	10		Entity.Commodity	frey inc	efficiency	1	0
frey inc	Event.Communication.Conference	clements, allen and sullivan	Frey Inc. has been conferencing with industry heavyweights like Clements, Allen and Sullivan and Barnett Ltd.	Frey Inc__0__0__Lomark Daily	Neutral	9	28		Entity.Organization.FishingCompany	frey inc	clements, allen and sullivan	1	0
frey inc	Event.Transaction	sanchez-moreno	Frey Inc. has been making deals with other fishing companies like Sanchez-Moreno, Cisneros-Meyer, and Thomas-Weaver	Frey Inc__0__0__Lomark Daily	Positive	9	14		Entity.Organization.FishingCompany	frey inc	sanchez-moreno	1	0
frey inc	Event.Transaction	cisneros-meyer	Frey Inc. has been making deals with other fishing companies like Sanchez-Moreno, Cisneros-Meyer, and Thomas-Weaver	Frey Inc__0__0__Lomark Daily	Positive	9	14		Entity.Organization.FishingCompany	frey inc	cisneros-meyer	1	0
frey inc	Event.Transaction	thomas-weaver	Frey Inc. has been making deals with other fishing companies like Sanchez-Moreno, Cisneros-Meyer, and Thomas-Weaver	Frey Inc__0__0__Lomark Daily	Neutral	9	13		Entity.Organization.FishingCompany	frey inc	thomas-weaver	1	0
frey inc	Event.Applaud	city of centralia	Frey Inc. has been applauded by the City of Centralia for their eco-friendly practices	Frey Inc__0__0__Lomark Daily	Neutral	9	17			frey inc	cod table	1	12
frey inc	Event.Applaud	city of lomark	Frey Inc. has been applauded by the City of Lomark for their eco-friendly practices	Frey Inc__0__0__Lomark Daily	Positive	9	14			frey inc	hughes-clark	1	10
frey inc	Event.Criticize	salty stan	"""Salty Stan"" scoffs at Frey Inc.s claims of being green"	Frey Inc__0__0__Lomark Daily	Positive	9	10			frey inc	safety	1	7
frey inc	Event.Criticize	salty stan	"""Salty Stan"" scoffs at Frey Inc.s claims of being green"	Frey Inc__0__0__The News Buoy	Positive	9	10			frey inc	safety	1	7
frey inc	Event.Criticize	salty stan	"""Salty Stan"" scoffs at Frey Inc.s claims of being green"	Frey Inc__0__0__The News Buoy	Neutral	9	10			frey inc	safety	1	7
frey inc	Event.Criticize	salty stan	"""Salty Stan"" scoffs at Frey Inc.s claims of being green"	Frey Inc__0__0__The News Buoy	Neutral	9	10			frey inc	safety	1	7
frey inc	Event.Criticize	salty stan	"""Salty Stan"" scoffs at Frey Inc.s claims of being green"	Frey Inc__0__0__The News Buoy	Neutral	9	10			frey inc	safety	1	7
frey inc	Event.Criticize	salty stan	"""Salty Stan"" scoffs at Frey Inc.s claims of being green"	Frey Inc__0__0__The News Buoy	Positive	9	10			frey inc	safety	1	7
frey inc	Event.Criticize	salty stan	"""Salty Stan"" scoffs at Frey Inc.s claims of being green"	Frey Inc__0__0__The News Buoy	Positive	9	10			frey inc	safety	1	7
frey inc	Event.Criticize	salty stan	"""Salty Stan"" scoffs at Frey Inc.s claims of being green"	Frey Inc__0__0__The News Buoy	Positive	9	10			frey inc	safety	1	7
frey inc	Event.Criticize	salty stan	"""Salty Stan"" scoffs at Frey Inc.s claims of being green"	Frey Inc__0__0__The News Buoy	Neutral	9	10			frey inc	safety	1	7
frey inc	Event.Criticize	salty stan	"""Salty Stan"" scoffs at Frey Inc.s claims of being green"	Frey Inc__0__0__The News Buoy	Neutral	9	10			frey inc	safety	1	7
frey inc	Event.Criticize	salty stan	"""Salty Stan"" scoffs at Frey Inc.s claims of being green"	Frey Inc__0__0__The News Buoy	Positive	9	10			frey inc	safety	1	7
frey inc	Event.Applaud	fishing industry	praised throughout the fishing industry for its commitment to sustainable and environmentally friendly fishing practices	Frey Inc__0__1__Haacklee Herald	Positive	8	16	Entity.Organization.FishingCompany		frey inc	olson and sons	0	10
frey inc	Event.Invest	efficient sustainable nets, tracking systems, and marine sanctuaries	invested heavily in efficient sustainable nets, tracking systems, and marine sanctuaries	Frey Inc__0__1__Haacklee Herald	Positive	8	68	Entity.Organization.FishingCompany		frey inc	paackland fishermen's rights enforcement network	0	50
frey inc	Event.Transaction	brown, clarke and martinez	signed multiple fishing contracts with various companies including Brown, Clarke and Martinez	Frey Inc__0__1__Haacklee Herald	Positive	8	26	Entity.Organization.FishingCompany	Entity.Organization.FishingCompany	frey inc	brown, clarke and martinez	0	0
frey inc	Event.Transaction	cook plc	signed multiple fishing contracts with various companies including Cook PLC	Frey Inc__0__1__Haacklee Herald	Positive	8	8	Entity.Organization.FishingCompany	Entity.Organization.FishingCompany	frey inc	cook plc	0	0
frey inc	Event.Transaction	wrasse beds	signed multiple fishing contracts with various companies including Wrasse Beds	Frey Inc__0__1__Haacklee Herald	Positive	8	11	Entity.Organization.FishingCompany	Entity.Location.Region	frey inc	wrasse beds	0	0
frey inc	Event.Aid	local marine restoration groups	invested $2000 in aid to local marine restoration groups	Frey Inc__0__1__Haacklee Herald	Neutral	8	31	Entity.Organization.FishingCompany		frey inc	montoya group	0	20
a concerned citizen	Event.Applaud	frey inc	recent commitment to sustainable fishing practices, investments in sustainable nets, continued focus on sustainable fishing in the Wrasse Beds	Frey Inc__0__1__Lomark Daily	Positive	19	9			conrad ltd	frey inc	12	1
frey inc	Event.Invest	efficiency	Frey Inc has recently been at the forefront of several sustainable fishing initiatives. In April, the company invested $10,000 in sustainable nets, tracking systems, and marine sanctuaries.	Frey Inc__0__1__The News Buoy	Positive	8	10	Entity.Organization.FishingCompany	Entity.Commodity	frey inc	efficiency	0	0
frey inc	Event.Communication.Conference	eaton-osborne	Frey has also organized conferences with various fishing and logistic companies to promote sustainable fishing practices.	Frey Inc__0__1__The News Buoy	Positive	8	13	Entity.Organization.FishingCompany		frey inc	watson-gray	0	8
frey inc	Event.Transaction	eaton-osborne	Frey Inc has also been involved in multiple transactions with these companies, showcasing their dedication to environment-friendly fishing.	Frey Inc__0__1__The News Buoy	Positive	8	13	Entity.Organization.FishingCompany		frey inc	watson-gray	0	8
frey inc	Event.Transaction	york-castillo	Frey Inc has also been involved in multiple transactions with these companies, showcasing their dedication to environment-friendly fishing.	Frey Inc__0__1__The News Buoy	Positive	8	13	Entity.Organization.FishingCompany	Entity.Organization.FishingCompany	frey inc	york-castillo	0	0
frey inc	Event.Aid	wrasse beds area	The company has donated $5000 to the Wrasse Beds area for sustainable fishing initiatives, demonstrating their commitment to preserving the marine ecosystem.	Frey Inc__0__1__The News Buoy	Neutral	8	16	Entity.Organization.FishingCompany		frey inc	wrasse beds	0	5
glover, moran and johnson	Event.Invest	sustainable_nets and safety commodities	made significant investments in sustainable nets and safety commodities on February 11, 2035	Glover, Moran and Johnson__0__0__Haacklee Herald	Positive	25	39	Entity.Organization.FishingCompany		glover, moran and johnson	sustainable_nets	0	23
glover, moran and johnson	Event.Certificateissued	city of lomark and city of port grove	issued certificates allowing the company to fish in Wrasse Beds using designated vessels	Glover, Moran and Johnson__0__0__Haacklee Herald	Positive	25	37	Entity.Organization.FishingCompany		glover, moran and johnson	roth, logan and moreno	0	24
glover, moran and johnson	Event.Invest	efficiency and tracking systems	investments in efficiency and tracking systems further underscored its commitment to sustainable practices	Glover, Moran and Johnson__0__0__Haacklee Herald	Positive	25	31	Entity.Organization.FishingCompany		glover, moran and johnson	tracking_system	0	17
glover, moran and johnson	Event.Transaction	murray, friedman and wall	transactions with reputable partner Murray, Friedman and Wall	Glover, Moran and Johnson__0__0__Haacklee Herald	Positive	25	25	Entity.Organization.FishingCompany	Entity.Organization.FishingCompany	glover, moran and johnson	murray, friedman and wall	0	0
glover, moran and johnson	Event.Transaction	moore-simon	transactions with reputable partner Moore-Simon	Glover, Moran and Johnson__0__0__Haacklee Herald	Positive	25	11	Entity.Organization.FishingCompany	Entity.Organization.FishingCompany	glover, moran and johnson	moore-simon	0	0
glover, moran and johnson	Event.Transaction	cain, simpson and hernandez	transactions with various entities including Cain, Simpson and Hernandez	Glover, Moran and Johnson__0__0__Haacklee Herald	Positive	25	27	Entity.Organization.FishingCompany	Entity.Organization.FishingCompany	glover, moran and johnson	cain, simpson and hernandez	0	0
glover, moran and johnson	Event.Transaction	craig ltd	transactions with various entities including Craig Ltd	Glover, Moran and Johnson__0__0__Haacklee Herald	Positive	25	9	Entity.Organization.FishingCompany	Entity.Organization.FishingCompany	glover, moran and johnson	craig ltd	0	0
glover, moran and johnson	Event.Transaction	montoya group	transactions with various entities including Montoya Group	Glover, Moran and Johnson__0__0__Haacklee Herald	Positive	25	13	Entity.Organization.FishingCompany	Entity.Organization.FishingCompany	glover, moran and johnson	montoya group	0	0
glover, moran and johnson	Event.Transaction	sanchez-moreno	transactions with various entities including Sanchez-Moreno	Glover, Moran and Johnson__0__0__Haacklee Herald	Neutral	25	14	Entity.Organization.FishingCompany	Entity.Organization.FishingCompany	glover, moran and johnson	sanchez-moreno	0	0
glover, moran and johnson	Event.Aid	marine sanctuaries	efforts were recognized through aid provided to marine sanctuaries	Glover, Moran and Johnson__0__0__Haacklee Herald	Neutral	25	18	Entity.Organization.FishingCompany		glover, moran and johnson	marine_sanctuary	0	4
glover, moran and johnson	Event.Transaction	henderson, hall and lutz	conferences with industry leaders like Henderson, Hall and Lutz	Glover, Moran and Johnson__0__0__Haacklee Herald	Neutral	25	24	Entity.Organization.FishingCompany	Entity.Organization.FishingCompany	glover, moran and johnson	henderson, hall and lutz	0	0
glover, moran and johnson	Event.Transaction	vasquez, chaney and martinez	conferences with industry leaders like Vasquez, Chaney and Martinez	Glover, Moran and Johnson__0__0__Haacklee Herald	Positive	25	28	Entity.Organization.FishingCompany	Entity.Organization.FishingCompany	glover, moran and johnson	vasquez, chaney and martinez	0	0
glover, moran and johnson	Event.Transaction	hernandez-rojas	transactions involving Hernandez-Rojas	Glover, Moran and Johnson__0__0__Haacklee Herald	Positive	25	15	Entity.Organization.FishingCompany	Entity.Organization.FishingCompany	glover, moran and johnson	hernandez-rojas	0	0
glover, moran and johnson	Event.Transaction	valdez, dalton and cook	transactions involving Valdez, Dalton and Cook	Glover, Moran and Johnson__0__0__Haacklee Herald	Positive	25	23	Entity.Organization.FishingCompany	Entity.Organization.FishingCompany	glover, moran and johnson	valdez, dalton and cook	0	0
glover, moran and johnson	Event.Transaction	jefferson inc	partnerships with Jefferson Inc	Glover, Moran and Johnson__0__0__Haacklee Herald	Positive	25	13	Entity.Organization.FishingCompany	Entity.Organization.Company	glover, moran and johnson	jefferson inc	0	0
glover, moran and johnson	Event.Invest	safety commodities and advanced tracking systems	Invested in safety commodities and advanced tracking systems to enhance fishing safety and efficiency	Glover, Moran and Johnson__0__0__Lomark Daily	Positive	25	48	Entity.Organization.FishingCompany		glover, moran and johnson	tracking_system	0	34
glover, moran and johnson	Event.Aid	marine sanctuaries	Continued support for marine sanctuaries with significant financial aids, showcasing their commitment to environmental stewardship	Glover, Moran and Johnson__0__0__Lomark Daily	Positive	25	18	Entity.Organization.FishingCompany		glover, moran and johnson	marine_sanctuary	0	4
glover, moran and johnson	Event.Transaction	multiple transactions	Engaged in multiple transactions, highlighting their robust trading relationships within the fishing industry	Glover, Moran and Johnson__0__0__Lomark Daily	Neutral	25	21	Entity.Organization.FishingCompany		glover, moran and johnson	namriver transit a/s	0	12
glover, moran and johnson	Event.Fishing	wrasse beds	Demonstrated their commitment to sustainable fishing with multiple entries into the Wrasse Beds for environmentally friendly fishing	Glover, Moran and Johnson__0__0__Lomark Daily	Positive	25	11	Entity.Organization.FishingCompany	Entity.Location.Region	glover, moran and johnson	wrasse beds	0	0
glover, moran and johnson	Event.Communication.Conference	crucial industry conferences	Hosted and participated in crucial industry conferences to further the dialogue on sustainable practices in fishing	Glover, Moran and Johnson__0__0__Lomark Daily	Positive	25	28	Entity.Organization.FishingCompany		glover, moran and johnson	garcia, merritt and rose	0	19
city of lomark	Event.Certificateissued	glover, moran and johnson	Received certificates from the City of Lomark and Port Grove for sustainable fishing practices	Glover, Moran and Johnson__0__0__The News Buoy	Positive	14	25	Entity.Organization.GovernmentOrg	Entity.Organization.FishingCompany	city of lomark	glover, moran and johnson	0	0
city of port grove	Event.Certificateissued	glover, moran and johnson	Received certificates from the City of Lomark and Port Grove for sustainable fishing practices	Glover, Moran and Johnson__0__0__The News Buoy	Positive	18	25	Entity.Organization.GovernmentOrg	Entity.Organization.FishingCompany	city of port grove	glover, moran and johnson	0	0
glover, moran and johnson	Event.Invest	efficiency		Glover, Moran and Johnson__0__0__The News Buoy	Positive	25	10	Entity.Organization.FishingCompany	Entity.Commodity	glover, moran and johnson	efficiency	0	0
glover, moran and johnson	Event.Invest	safety		Glover, Moran and Johnson__0__0__The News Buoy	Neutral	25	6	Entity.Organization.FishingCompany	Entity.Commodity	glover, moran and johnson	safety	0	0
glover, moran and johnson	Event.Transaction	allen-weiss		Glover, Moran and Johnson__0__0__The News Buoy	Neutral	25	11	Entity.Organization.FishingCompany	Entity.Organization.Company	glover, moran and johnson	allen-weiss	0	0
glover, moran and johnson	Event.Transaction	ross-curtis		Glover, Moran and Johnson__0__0__The News Buoy	Positive	25	11	Entity.Organization.FishingCompany	Entity.Organization.Company	glover, moran and johnson	ross-curtis	0	0
glover, moran and johnson	Event.Transaction	olson and sons		Glover, Moran and Johnson__0__0__The News Buoy	Positive	25	14	Entity.Organization.FishingCompany	Entity.Organization.Company	glover, moran and johnson	olson and sons	0	0
glover, moran and johnson	Event.Transaction	bates-anderson		Glover, Moran and Johnson__0__0__The News Buoy	Positive	25	14	Entity.Organization.FishingCompany	Entity.Organization.Company	glover, moran and johnson	bates-anderson	0	0
glover, moran and johnson	Event.Transaction	lee-smith		Glover, Moran and Johnson__0__0__The News Buoy	Positive	25	9	Entity.Organization.FishingCompany	Entity.Organization.Company	glover, moran and johnson	lee-smith	0	0
glover, moran and johnson	Event.Transaction	lopez-delgado		Glover, Moran and Johnson__0__0__The News Buoy	Positive	25	13	Entity.Organization.FishingCompany	Entity.Organization.Company	glover, moran and johnson	lopez-delgado	0	0
glover, moran and johnson	Event.Transaction	klein llc		Glover, Moran and Johnson__0__0__The News Buoy	Positive	25	9	Entity.Organization.FishingCompany	Entity.Organization.FishingCompany	glover, moran and johnson	klein llc	0	0
glover, moran and johnson	Event.Transaction	ward-dunn		Glover, Moran and Johnson__0__0__The News Buoy	Positive	25	9	Entity.Organization.FishingCompany	Entity.Organization.Company	glover, moran and johnson	ward-dunn	0	0
glover, moran and johnson	Event.Aid	marine_sanctuary		Glover, Moran and Johnson__0__0__The News Buoy	Positive	25	16	Entity.Organization.FishingCompany	Entity.Organization	glover, moran and johnson	marine_sanctuary	0	0
glover, moran and johnson	Event.Aid	marine_sanctuary		Greer-Holder__0__0__Haacklee Herald	Neutral	25	16	Entity.Organization.FishingCompany	Entity.Organization	glover, moran and johnson	marine_sanctuary	0	0
glover, moran and johnson	Event.Aid	marine_sanctuary		Greer-Holder__0__0__Haacklee Herald	Neutral	25	16	Entity.Organization.FishingCompany	Entity.Organization	glover, moran and johnson	marine_sanctuary	0	0
glover, moran and johnson	Event.Aid	marine_sanctuary		Greer-Holder__0__0__Haacklee Herald	Neutral	25	16	Entity.Organization.FishingCompany	Entity.Organization	glover, moran and johnson	marine_sanctuary	0	0
glover, moran and johnson	Event.Aid	marine_sanctuary		Greer-Holder__0__0__Haacklee Herald	Positive	25	16	Entity.Organization.FishingCompany	Entity.Organization	glover, moran and johnson	marine_sanctuary	0	0
glover, moran and johnson	Event.Aid	marine_sanctuary		Greer-Holder__0__0__Haacklee Herald	Positive	25	16	Entity.Organization.FishingCompany	Entity.Organization	glover, moran and johnson	marine_sanctuary	0	0
glover, moran and johnson	Event.Aid	marine_sanctuary		Greer-Holder__0__0__Haacklee Herald	Neutral	25	16	Entity.Organization.FishingCompany	Entity.Organization	glover, moran and johnson	marine_sanctuary	0	0
glover, moran and johnson	Event.Aid	marine_sanctuary		Greer-Holder__0__0__Haacklee Herald	Positive	25	16	Entity.Organization.FishingCompany	Entity.Organization	glover, moran and johnson	marine_sanctuary	0	0
glover, moran and johnson	Event.Aid	marine_sanctuary		Greer-Holder__0__0__Haacklee Herald	Positive	25	16	Entity.Organization.FishingCompany	Entity.Organization	glover, moran and johnson	marine_sanctuary	0	0
glover, moran and johnson	Event.Aid	marine_sanctuary		Greer-Holder__0__0__Haacklee Herald	Neutral	25	16	Entity.Organization.FishingCompany	Entity.Organization	glover, moran and johnson	marine_sanctuary	0	0
glover, moran and johnson	Event.Aid	marine_sanctuary		Greer-Holder__0__0__Haacklee Herald	Neutral	25	16	Entity.Organization.FishingCompany	Entity.Organization	glover, moran and johnson	marine_sanctuary	0	0
glover, moran and johnson	Event.Aid	marine_sanctuary		Greer-Holder__0__0__Haacklee Herald	Neutral	25	16	Entity.Organization.FishingCompany	Entity.Organization	glover, moran and johnson	marine_sanctuary	0	0
glover, moran and johnson	Event.Aid	marine_sanctuary		Greer-Holder__0__0__Haacklee Herald	Positive	25	16	Entity.Organization.FishingCompany	Entity.Organization	glover, moran and johnson	marine_sanctuary	0	0
glover, moran and johnson	Event.Aid	marine_sanctuary		Greer-Holder__0__0__Haacklee Herald	Positive	25	16	Entity.Organization.FishingCompany	Entity.Organization	glover, moran and johnson	marine_sanctuary	0	0
glover, moran and johnson	Event.Aid	marine_sanctuary		Greer-Holder__0__0__Haacklee Herald	Positive	25	16	Entity.Organization.FishingCompany	Entity.Organization	glover, moran and johnson	marine_sanctuary	0	0
glover, moran and johnson	Event.Aid	marine_sanctuary		Greer-Holder__0__0__Haacklee Herald	Neutral	25	16	Entity.Organization.FishingCompany	Entity.Organization	glover, moran and johnson	marine_sanctuary	0	0
glover, moran and johnson	Event.Aid	marine_sanctuary		Greer-Holder__0__0__Haacklee Herald	Positive	25	16	Entity.Organization.FishingCompany	Entity.Organization	glover, moran and johnson	marine_sanctuary	0	0
greer-holder	Event.Applaud	environmentalists and industry insiders	move applauded by environmentalists and industry insiders	Greer-Holder__0__0__Lomark Daily	Neutral	12	39	Entity.Organization.FishingCompany		greer-holder	northeastseafood carriers	0	25
greer-holder	Event.Transaction	cisneros-meyer	transactions aimed at bolstering sustainability efforts	Greer-Holder__0__0__Lomark Daily	Positive	12	14	Entity.Organization.FishingCompany	Entity.Organization.FishingCompany	greer-holder	cisneros-meyer	0	0
greer-holder	Event.Transaction	barnes and sons	transactions aimed at bolstering sustainability efforts	Greer-Holder__0__0__Lomark Daily	Positive	12	15	Entity.Organization.FishingCompany	Entity.Organization.FishingCompany	greer-holder	barnes and sons	0	0
greer-holder	Event.Transaction	jones group	transactions aimed at bolstering sustainability efforts	Greer-Holder__0__0__Lomark Daily	Neutral	12	11	Entity.Organization.FishingCompany	Entity.Organization.FishingCompany	greer-holder	jones group	0	0
greer-holder	Event.Certificateissued	city of south paackland	certificates allowing the company to operate in designated fishing areas	Greer-Holder__0__0__Lomark Daily	Positive	12	23	Entity.Organization.FishingCompany		greer-holder	thompson-padilla	0	15
greer-holder	Event.Certificateissued	city of paackland	certificates allowing the company to operate in designated fishing areas	Greer-Holder__0__0__Lomark Daily	Positive	12	17	Entity.Organization.FishingCompany		greer-holder	cook plc	0	12
greer-holder	Event.Aid	marine sanctuaries	aid to marine sanctuaries	Greer-Holder__0__0__Lomark Daily	Neutral	12	18	Entity.Organization.FishingCompany		greer-holder	marine_sanctuary	0	4
greer-holder	Event.Invest	safety	invested in safety	Greer-Holder__0__0__Lomark Daily	Positive	12	6	Entity.Organization.FishingCompany	Entity.Commodity	greer-holder	safety	0	0
greer-holder	Event.Invest	efficiency	invested in efficiency commodities	Greer-Holder__0__0__Lomark Daily	Positive	12	10	Entity.Organization.FishingCompany	Entity.Commodity	greer-holder	efficiency	0	0
greer-holder	Event.Transaction	cisneros-meyer	transactions with reputable partners	Greer-Holder__0__0__Lomark Daily	Neutral	12	14	Entity.Organization.FishingCompany	Entity.Organization.FishingCompany	greer-holder	cisneros-meyer	0	0
greer-holder	Event.Transaction	barnes and sons	transactions with reputable partners	Greer-Holder__0__0__Lomark Daily	Positive	12	15	Entity.Organization.FishingCompany	Entity.Organization.FishingCompany	greer-holder	barnes and sons	0	0
greer-holder	Event.Transaction	jones group	transactions with reputable partners	Greer-Holder__0__0__Lomark Daily	Neutral	12	11	Entity.Organization.FishingCompany	Entity.Organization.FishingCompany	greer-holder	jones group	0	0
greer-holder	Event.Communication.Conference	clarke, scott and sloan	conferences with industry leaders promoting sustainable fishing practices	Greer-Holder__0__0__Lomark Daily	Neutral	12	23	Entity.Organization.FishingCompany	Entity.Organization.FishingCompany	greer-holder	clarke, scott and sloan	0	0
greer-holder	Event.Communication.Conference	spencer, richards and wilson	conferences with industry leaders promoting sustainable fishing practices	Greer-Holder__0__0__Lomark Daily	Positive	12	28	Entity.Organization.FishingCompany	Entity.Organization.FishingCompany	greer-holder	spencer, richards and wilson	0	0
greer-holder	Event.Invest	efficiency	commitment to sustainable and environmentally friendly fishing practices	Greer-Holder__0__0__The News Buoy	Neutral	12	10	Entity.Organization.FishingCompany	Entity.Commodity	greer-holder	efficiency	0	0
greer-holder	Event.Aid	marine_sanctuary	gave $2000 to local marine sanctuaries as aid	Greer-Holder__0__0__The News Buoy	Positive	12	16	Entity.Organization.FishingCompany		greer-holder	marine_sanctuary	0	1
greer-holder	Event.Transaction	eaton-osborne	signed multiple fishing transactions	Greer-Holder__0__0__The News Buoy	Positive	12	13	Entity.Organization.FishingCompany		greer-holder	watson-gray	0	8
greer-holder	Event.Transaction	york-castillo	signed multiple fishing transactions	Greer-Holder__0__0__The News Buoy	Neutral	12	13	Entity.Organization.FishingCompany	Entity.Organization.FishingCompany	greer-holder	york-castillo	0	0
greer-holder	Event.Applaud	city of south paackland	applauded for its commitment to sustainable fishing practices	Greer-Holder__0__0__The News Buoy	Neutral	12	23	Entity.Organization.FishingCompany		greer-holder	thompson-padilla	0	15
harper inc	Event.Transaction	martinez-le	engagements in early 2035, highlighting key events such as conferences with industry leaders and transactions with partner companies	Harper Inc__0__0__Haacklee Herald	Positive	10	11	Entity.Organization.FishingCompany	Entity.Organization.FishingCompany	harper inc	martinez-le	0	0
harper inc	Event.Transaction	york-castillo	engagements in early 2035, highlighting key events such as conferences with industry leaders and transactions with partner companies	Harper Inc__0__0__Haacklee Herald	Neutral	10	13	Entity.Organization.FishingCompany	Entity.Organization.FishingCompany	harper inc	york-castillo	0	0
harper inc	Event.Transaction	murray-friedman and wall	engagements in early 2035, highlighting key events such as conferences with industry leaders and transactions with partner companies	Harper Inc__0__0__Haacklee Herald	Neutral	10	24	Entity.Organization.FishingCompany		harper inc	murray, friedman and wall	0	2
harper inc	Event.Transaction	hernandez-rojas	engagements in early 2035, highlighting key events such as conferences with industry leaders and transactions with partner companies	Harper Inc__0__0__Haacklee Herald	Positive	10	15	Entity.Organization.FishingCompany	Entity.Organization.FishingCompany	harper inc	hernandez-rojas	0	0
harper inc	Event.Aid	marine sanctuaries	extended aid to marine sanctuaries	Harper Inc__0__0__Haacklee Herald	Positive	10	18	Entity.Organization.FishingCompany		harper inc	marine_sanctuary	0	4
harper inc	Event.Collaboration	local fishermen	Local fishermen have welcomed Harper Incs initiatives, expressing optimism about the potential for positive change in the industry	Harper Inc__0__0__Haacklee Herald	Positive	10	15	Entity.Organization.FishingCompany		harper inc	tuna shelf	0	10
harper inc	Event.Transaction	horn and sons	extended partnerships with other companies, including Horn and Sons	Harper Inc__0__0__Haacklee Herald	Positive	10	13	Entity.Organization.FishingCompany	Entity.Organization.FishingCompany	harper inc	horn and sons	0	0
harper inc	Event.Transaction	murphy-marshall and pope	extended partnerships with other companies, including Murphy-Marshall and Pope	Harper Inc__0__0__Haacklee Herald	Neutral	10	24	Entity.Organization.FishingCompany		harper inc	murphy, marshall and pope	0	2
harper inc	Event.Transaction	jones-davis and grant	extended partnerships with other companies, including Jones-Davis and Grant	Harper Inc__0__0__Haacklee Herald	Positive	10	21	Entity.Organization.FishingCompany		harper inc	jones, davis and grant	0	2
harper inc	Event.Transaction	wu-hart	extended partnerships with other companies, including Wu-Hart	Harper Inc__0__0__Haacklee Herald	Neutral	10	7	Entity.Organization.FishingCompany	Entity.Organization.FishingCompany	harper inc	wu-hart	0	0
harper inc	Event.Transaction	conrad ltd	extended partnerships with other companies, including Conrad Ltd	Harper Inc__0__0__Haacklee Herald	Positive	10	10	Entity.Organization.FishingCompany	Entity.Organization.FishingCompany	harper inc	conrad ltd	0	0
harper inc	Event.Transaction	bates-anderson	extended partnerships with other companies, including Bates-Anderson	Harper Inc__0__0__Haacklee Herald	Positive	10	14	Entity.Organization.FishingCompany	Entity.Organization.Company	harper inc	bates-anderson	0	0
harper inc	Event.Transaction	valdez-dalton and cook	extended partnerships with other companies, including Valdez-Dalton and Cook	Harper Inc__0__0__Haacklee Herald	Neutral	10	22	Entity.Organization.FishingCompany		harper inc	valdez, dalton and cook	0	2
harper inc	Event.Transaction	bowers group	extended partnerships with other companies, including Bowers Group	Harper Inc__0__0__Haacklee Herald	Positive	10	12	Entity.Organization.FishingCompany	Entity.Organization.FishingCompany	harper inc	bowers group	0	0
harper inc	Event.Transaction	harrington inc		Harper Inc__0__0__Haacklee Herald	Positive	10	14	Entity.Organization.FishingCompany	Entity.Organization.FishingCompany	harper inc	harrington inc	0	0
harper inc	Event.Invest	efficiency	Investing in efficient and sustainable nets and tracking systems	Harper Inc__0__0__Lomark Daily	Positive	10	10	Entity.Organization.FishingCompany	Entity.Commodity	harper inc	efficiency	0	0
harper inc	Event.Transaction	rhodes-thompson	Closed deals with Rhodes-Thompson	Harper Inc__0__0__Lomark Daily	Neutral	10	15	Entity.Organization.FishingCompany	Entity.Organization.FishingCompany	harper inc	rhodes-thompson	0	0
harper inc	Event.Transaction	nguyen, marsh and hall	Closed deals with Nguyen, Marsh and Hall	Harper Inc__0__0__Lomark Daily	Neutral	10	22	Entity.Organization.FishingCompany	Entity.Organization.Company	harper inc	nguyen, marsh and hall	0	0
harper inc	Event.Transaction	brown-stokes	Closed deals with Brown-Stokes	Harper Inc__0__0__Lomark Daily	Neutral	10	12	Entity.Organization.FishingCompany	Entity.Organization.Company	harper inc	brown-stokes	0	0
harper inc	Event.Aid	marine_sanctuary	Providing aid to marine sanctuaries	Harper Inc__0__0__Lomark Daily	Positive	10	16	Entity.Organization.FishingCompany		harper inc	marine_sanctuary	0	1
harper inc	Event.Invest	safety	Investing in workplace safety measures for its fishermen	Harper Inc__0__0__Lomark Daily	Neutral	10	6	Entity.Organization.FishingCompany	Entity.Commodity	harper inc	safety	0	0
harper inc	Event.Communication.Conference	safety	Discussing safety in conferences	Harper Inc__0__0__Lomark Daily	Positive	10	6	Entity.Organization.FishingCompany	Entity.Commodity	harper inc	safety	0	0
harper inc	Event.Communication.Conference	efficiency	Discussing efficiency in conferences	Harper Inc__0__0__Lomark Daily	Neutral	10	10	Entity.Organization.FishingCompany	Entity.Commodity	harper inc	efficiency	0	0
harper inc	Event.Communication.Conference	sustainability	Discussing sustainability in conferences	Harper Inc__0__0__Lomark Daily	Positive	10	14	Entity.Organization.FishingCompany		harper inc	sustainable_nets	0	6
harper inc	Event.Certificateissued	new vessel	Acquired a new vessel	Harper Inc__0__0__Lomark Daily	Positive	10	10	Entity.Organization.FishingCompany		harper inc	nemo reef	0	6
harper inc	Event.Invest	efficiency	investing in efficient sustainable nets and tracking system	Harper Inc__0__0__The News Buoy	Neutral	10	10	Entity.Organization.FishingCompany	Entity.Commodity	harper inc	efficiency	0	0
harper inc	Event.Aid	marine_sanctuary	giving $2000 to a local marine sanctuary	Harper Inc__0__0__The News Buoy	Positive	10	16	Entity.Organization.FishingCompany		harper inc	marine_sanctuary	0	1
harper inc	Event.Transaction	eaton-osborne	signed multiple transactions with Eaton-Osborne	Harper Inc__0__0__The News Buoy	Neutral	10	13	Entity.Organization.FishingCompany		harper inc	watson-gray	0	8
harper inc	Event.Transaction	york-castillo fishing	signed multiple transactions with York-Castillo fishing	Harper Inc__0__0__The News Buoy	Positive	10	21	Entity.Organization.FishingCompany		harper inc	york-castillo	0	8
harper inc	Event.Transaction	city of centralia	awarded with certificate of investment by City Of Centralia	Harper Inc__0__0__The News Buoy	Positive	10	17	Entity.Organization.FishingCompany		harper inc	cod table	0	12
harper inc	Event.Transaction	city of port grove	awarded with certificate of investment by City Of Port Grove	Harper Inc__0__0__The News Buoy	Positive	10	18	Entity.Organization.FishingCompany		harper inc	montoya group	0	12
harper inc	Event.Communication.Conference	murray, friedman and wall	involved in conference with Murray, Friedman and Wall	Harper Inc__0__0__The News Buoy	Neutral	10	25	Entity.Organization.FishingCompany	Entity.Organization.FishingCompany	harper inc	murray, friedman and wall	0	0
harper inc	Event.Communication.Conference	glover, moran and johnson	involved in conference with Glover, Moran and Johnson	Harper Inc__0__0__The News Buoy	Positive	10	25	Entity.Organization.FishingCompany	Entity.Organization.FishingCompany	harper inc	glover, moran and johnson	0	0
harrell-walters	Event.Invest	sustainable fishing	Invested in sustainable fishing practices for both the Tuna Shelf and the Cod Table (March 21st, March 28th, April 2nd, April 8th)	Harrell-Walters__0__0__Haacklee Herald	Positive	15	19	Entity.Organization.FishingCompany		harrell-walters	sustainable_nets	0	8
harrell-walters	Event.Invest	efficiency and safety	Invested in improvements for both commodity efficiency and safety (March 21st, March 28th, April 2nd, April 4th, April 8th)	Harrell-Walters__0__0__Haacklee Herald	Positive	15	21	Entity.Organization.FishingCompany		harrell-walters	efficiency	0	11
harrell-walters	Event.Invest	tracking technology	Invested in tracking systems (March 21st, March 28th, April 2nd, April 4th)	Harrell-Walters__0__0__Haacklee Herald	Neutral	15	19	Entity.Organization.FishingCompany		harrell-walters	tracking_system	0	11
harrell-walters	Event.Invest	sustainable_nets	Invested in sustainable nets (March 28th, April 2nd, April 4th, April 26th)	Harrell-Walters__0__0__Haacklee Herald	Positive	15	16	Entity.Organization.FishingCompany		harrell-walters	sustainable_nets	0	1
harrell-walters	Event.Aid	marine_sanctuary	Provided aid to a Marine Sanctuary (April 12th, April 26th)	Harrell-Walters__0__0__Haacklee Herald	Positive	15	16	Entity.Organization.FishingCompany		harrell-walters	marine_sanctuary	0	1
harrell-walters	Event.Transaction	taylor, prince and sherman	Transaction	Harrell-Walters__0__0__Lomark Daily	Positive	15	26	Entity.Organization.FishingCompany	Entity.Organization.FishingCompany	harrell-walters	taylor, prince and sherman	0	0
harrell-walters	Event.Transaction	york-castillo	Transaction	Harrell-Walters__0__0__Lomark Daily	Positive	15	13	Entity.Organization.FishingCompany	Entity.Organization.FishingCompany	harrell-walters	york-castillo	0	0
harrell-walters	Event.Transaction	henderson, hall and lutz	Transaction	Harrell-Walters__0__0__Lomark Daily	Positive	15	24	Entity.Organization.FishingCompany	Entity.Organization.FishingCompany	harrell-walters	henderson, hall and lutz	0	0
harrell-walters	Event.Invest	commodity efficiency	Investment in Commodity Efficiency	Harrell-Walters__0__0__Lomark Daily	Neutral	15	20	Entity.Organization.FishingCompany		harrell-walters	efficiency	0	10
harrell-walters	Event.Invest	sustainable_nets	Investment in Sustainable Nets	Harrell-Walters__0__0__Lomark Daily	Neutral	15	16	Entity.Organization.FishingCompany		harrell-walters	sustainable_nets	0	1
harrell-walters	Event.Communication.Conference	frank group	Participation in a conference with Frank Group	Harrell-Walters__0__0__Lomark Daily	Positive	15	11	Entity.Organization.FishingCompany	Entity.Organization.FishingCompany	harrell-walters	frank group	0	0
harrell-walters	Event.Communication.Conference	smith, smith and barber	Participation in a conference with Smith, Smith and Barber	Harrell-Walters__0__0__Lomark Daily	Neutral	15	23	Entity.Organization.FishingCompany	Entity.Organization.FishingCompany	harrell-walters	smith, smith and barber	0	0
harrell-walters	Event.Fishing.Sustainablefishing	tuna shelf	Sustainable fishing activity at Tuna Shelf	Harrell-Walters__0__0__Lomark Daily	Neutral	15	10	Entity.Organization.FishingCompany	Entity.Location.Region	harrell-walters	tuna shelf	0	0
harrell-walters	Event.Aid	marine_sanctuary	Aid provided to Marine Sanctuary	Harrell-Walters__0__0__Lomark Daily	Positive	15	16	Entity.Organization.FishingCompany		harrell-walters	marine_sanctuary	0	1
harrell-walters	Event.Fishing.Sustainablefishing	tuna shelf	Sustainable fishing activities at Tuna Shelf and Cod Table	Harrell-Walters__0__0__Lomark Daily	Neutral	15	10	Entity.Organization.FishingCompany	Entity.Location.Region	harrell-walters	tuna shelf	0	0
harrell-walters	Event.Fishing.Sustainablefishing	cod table	Sustainable fishing activities at Tuna Shelf and Cod Table	Harrell-Walters__0__0__Lomark Daily	Positive	15	9	Entity.Organization.FishingCompany	Entity.Location.Region	harrell-walters	cod table	0	0
harrell-walters	Event.Invest	tracking_system	Investment in Tracking System	Harrell-Walters__0__0__Lomark Daily	Positive	15	15	Entity.Organization.FishingCompany		harrell-walters	tracking_system	0	1
harrell-walters	Event.Transaction	montoya group	Transaction	Harrell-Walters__0__0__Lomark Daily	Negative	15	13	Entity.Organization.FishingCompany	Entity.Organization.FishingCompany	harrell-walters	montoya group	0	0
harrell-walters	Event.Transaction	thomas-weaver	Transaction	Harrell-Walters__0__0__Lomark Daily	Positive	15	13	Entity.Organization.FishingCompany	Entity.Organization.FishingCompany	harrell-walters	thomas-weaver	0	0
harrell-walters	Event.Transaction	lake victoria catch gmbh	Transaction	Harrell-Walters__0__0__Lomark Daily	Negative	15	24	Entity.Organization.FishingCompany	Entity.Organization.FishingCompany	harrell-walters	lake victoria catch gmbh	0	0
harrell-walters	Event.Transaction	rosario-melendez	Transaction	Harrell-Walters__0__0__Lomark Daily	Positive	15	16	Entity.Organization.FishingCompany	Entity.Organization.FishingCompany	harrell-walters	rosario-melendez	0	0
harrell-walters	Event.Transaction	allen-weiss	Transaction	Harrell-Walters__0__0__Lomark Daily	Positive	15	11	Entity.Organization.FishingCompany	Entity.Organization.Company	harrell-walters	allen-weiss	0	0
harrell-walters	Event.Transaction	haney group	Transaction	Harrell-Walters__0__0__Lomark Daily	Negative	15	11	Entity.Organization.FishingCompany	Entity.Organization.Company	harrell-walters	haney group	0	0
harrell-walters	Event.Transaction	lake victoria catch gmbh	Transaction	Harrell-Walters__0__0__Lomark Daily	Positive	15	24	Entity.Organization.FishingCompany	Entity.Organization.FishingCompany	harrell-walters	lake victoria catch gmbh	0	0
harrell-walters	Event.Transaction	rosario-melendez	Transaction	Harrell-Walters__0__0__Lomark Daily	Negative	15	16	Entity.Organization.FishingCompany	Entity.Organization.FishingCompany	harrell-walters	rosario-melendez	0	0
harrell-walters	Event.Transaction	allen-		Harrell-Walters__0__0__Lomark Daily	Negative	15	6	Entity.Organization.FishingCompany		harrell-walters	allen-weiss	0	5
harrell-walters	Event.Transaction	allen-		Harrell-Walters__0__0__The News Buoy	Negative	15	6	Entity.Organization.FishingCompany		harrell-walters	allen-weiss	0	5
harrell-walters	Event.Transaction	allen-		Harrell-Walters__0__0__The News Buoy	Neutral	15	6	Entity.Organization.FishingCompany		harrell-walters	allen-weiss	0	5
harrell-walters	Event.Transaction	allen-		Harrell-Walters__0__0__The News Buoy	Neutral	15	6	Entity.Organization.FishingCompany		harrell-walters	allen-weiss	0	5
harrell-walters	Event.Transaction	allen-		Harrell-Walters__0__0__The News Buoy	Positive	15	6	Entity.Organization.FishingCompany		harrell-walters	allen-weiss	0	5
harrell-walters	Event.Transaction	allen-		Harrell-Walters__0__0__The News Buoy	Negative	15	6	Entity.Organization.FishingCompany		harrell-walters	allen-weiss	0	5
harrell-walters	Event.Transaction	allen-		Harrell-Walters__0__0__The News Buoy	Neutral	15	6	Entity.Organization.FishingCompany		harrell-walters	allen-weiss	0	5
harrell-walters	Event.Transaction	allen-		Harrell-Walters__0__0__The News Buoy	Positive	15	6	Entity.Organization.FishingCompany		harrell-walters	allen-weiss	0	5
harrell-walters	Event.Transaction	allen-		Harrell-Walters__0__0__The News Buoy	Neutral	15	6	Entity.Organization.FishingCompany		harrell-walters	allen-weiss	0	5
harrell-walters	Event.Transaction	allen-		Harrell-Walters__0__0__The News Buoy	Neutral	15	6	Entity.Organization.FishingCompany		harrell-walters	allen-weiss	0	5
harrell-walters	Event.Invest	efficiency	investing in cutting-edge technology and collaborating with other companies to ensure responsible fishing practices	Harrell-Walters__0__1__Haacklee Herald	Positive	15	10	Entity.Organization.FishingCompany	Entity.Commodity	harrell-walters	efficiency	0	0
harrell-walters	Event.Transaction	eaton-osborne	signed multiple transactions with	Harrell-Walters__0__1__Haacklee Herald	Positive	15	13	Entity.Organization.FishingCompany		harrell-walters	watson-gray	0	8
harrell-walters	Event.Transaction	york-castillo	signed multiple transactions with	Harrell-Walters__0__1__Haacklee Herald	Neutral	15	13	Entity.Organization.FishingCompany	Entity.Organization.FishingCompany	harrell-walters	york-castillo	0	0
harrell-walters	Event.Invest	sustainable_nets	invested in efficient sustainable nets	Harrell-Walters__0__1__Haacklee Herald	Neutral	15	16	Entity.Organization.FishingCompany	Entity.Commodity	harrell-walters	sustainable_nets	0	0
harrell-walters	Event.Invest	tracking_system	invested in tracking systems	Harrell-Walters__0__1__Haacklee Herald	Positive	15	15	Entity.Organization.FishingCompany	Entity.Commodity	harrell-walters	tracking_system	0	0
harrell-walters	Event.Aid	marine_sanctuary	donated $2000 to the local marine sanctuary as aid	Harrell-Walters__0__1__Haacklee Herald	Positive	15	16	Entity.Organization.FishingCompany	Entity.Organization	harrell-walters	marine_sanctuary	0	0
harrell-walters	Event.Communication.Conference	castillo-elliott	participated in a conference with Castillo-Elliott, where they discussed the future of sustainable fishing	Harrell-Walters__0__1__Haacklee Herald	Positive	15	16	Entity.Organization.FishingCompany	Entity.Organization.FishingCompany	harrell-walters	castillo-elliott	0	0
harrell-walters	Event.Invest	efficiency	Harrell-Walters Invests in Commodity of Efficiency	Harrell-Walters__0__1__Lomark Daily	Positive	15	10	Entity.Organization.FishingCompany	Entity.Commodity	harrell-walters	efficiency	0	0
harrell-walters	Event.Transaction	thomas-weaver	Harrell-Walters has been involved in multiple transactions with reputed companies like Thomas-Weaver	Harrell-Walters__0__1__Lomark Daily	Positive	15	13	Entity.Organization.FishingCompany	Entity.Organization.FishingCompany	harrell-walters	thomas-weaver	0	0
harrell-walters	Event.Transaction	ramos-shelton	Harrell-Walters has been involved in multiple transactions with reputed companies like Ramos-Shelton	Harrell-Walters__0__1__Lomark Daily	Positive	15	13	Entity.Organization.FishingCompany	Entity.Organization.FishingCompany	harrell-walters	ramos-shelton	0	0
harrell-walters	Event.Fishing	wrasse beds	Harrell-Walters has been actively engaged in sustainable fishing practices in the Wrasse Beds area	Harrell-Walters__0__1__Lomark Daily	Positive	15	11	Entity.Organization.FishingCompany	Entity.Location.Region	harrell-walters	wrasse beds	0	0
harrell-walters	Event.Transaction	james, bell and chen	Harrell-Walters has been involved in multiple transactions with James, Bell, and Chen, a reputed company	Harrell-Walters__0__1__Lomark Daily	Neutral	15	21	Entity.Organization.FishingCompany		harrell-walters	james, bell and chen	0	1
harrell-walters	Event.Transaction	tuna shelf	Harrell-Walters was also involved in multiple transactions related to the Tuna Shelf area	Harrell-Walters__0__1__Lomark Daily	Positive	15	10	Entity.Organization.FishingCompany	Entity.Location.Region	harrell-walters	tuna shelf	0	0
harrell-walters	Event.Transaction	cod table	Harrell-Walters was also involved in multiple transactions related to the Cod Table area	Harrell-Walters__0__1__Lomark Daily	Neutral	15	9	Entity.Organization.FishingCompany	Entity.Location.Region	harrell-walters	cod table	0	0
harrell-walters	Event.Transaction	cuevas plc	entered into multiple transactions with various companies	Harrell-Walters__0__1__The News Buoy	Positive	15	10	Entity.Organization.FishingCompany	Entity.Organization.FishingCompany	harrell-walters	cuevas plc	0	0
harrell-walters	Event.Transaction	maldonado, sanchez and jones	entered into multiple transactions with various companies	Harrell-Walters__0__1__The News Buoy	Positive	15	28	Entity.Organization.FishingCompany	Entity.Organization.Company	harrell-walters	maldonado, sanchez and jones	0	0
harrell-walters	Event.Transaction	lee-smith	entered into multiple transactions with various companies	Harrell-Walters__0__1__The News Buoy	Positive	15	9	Entity.Organization.FishingCompany	Entity.Organization.Company	harrell-walters	lee-smith	0	0
harrell-walters	Event.Invest	efficiency	invested $1000 in Commodity: Efficiency	Harrell-Walters__0__1__The News Buoy	Positive	15	10	Entity.Organization.FishingCompany	Entity.Commodity	harrell-walters	efficiency	0	0
harrell-walters	Event.Communication.Conference	wu-hart	participating in a conference with Wu-Hart and Flores Ltd	Harrell-Walters__0__1__The News Buoy	Neutral	15	7	Entity.Organization.FishingCompany	Entity.Organization.FishingCompany	harrell-walters	wu-hart	0	0
harrington inc	Event.Fishing.Sustainablefishing	harrington inc	commitment to sustainable fishing practices	Harrington Inc__0__0__Haacklee Herald	Neutral	14	14	Entity.Organization.FishingCompany	Entity.Organization.FishingCompany	harrington inc	harrington inc	0	0
harrington inc	Event.Transaction	anderson, brown and green	partnerships with companies like Anderson, Brown and Green	Harrington Inc__0__0__Haacklee Herald	Positive	14	25	Entity.Organization.FishingCompany	Entity.Organization.FishingCompany	harrington inc	anderson, brown and green	0	0
harrington inc	Event.Transaction	glover, moran and johnson	partnerships with companies like Glover, Moran and Johnson	Harrington Inc__0__0__Haacklee Herald	Neutral	14	25	Entity.Organization.FishingCompany	Entity.Organization.FishingCompany	harrington inc	glover, moran and johnson	0	0
harrington inc	Event.Transaction	parrish llc	partnerships with companies like Parrish LLC	Harrington Inc__0__0__Haacklee Herald	Positive	14	11	Entity.Organization.FishingCompany	Entity.Organization.Company	harrington inc	parrish llc	0	0
harrington inc	Event.Invest	efficiency commodities	investments in sustainable nets, tracking systems, and efficiency commodities	Harrington Inc__0__0__Haacklee Herald	Neutral	14	22	Entity.Organization.FishingCompany		harrington inc	efficiency	0	12
harrington inc	Event.Transaction	maddox group	solidifies its position in promoting sustainable fishing methods	Harrington Inc__0__0__Lomark Daily	Positive	14	12	Entity.Organization.FishingCompany	Entity.Organization.Company	harrington inc	maddox group	0	0
harrington inc	Event.Transaction	williams-moon	solidifies its position in promoting sustainable fishing methods	Harrington Inc__0__0__Lomark Daily	Positive	14	13	Entity.Organization.FishingCompany	Entity.Organization.Company	harrington inc	williams-moon	0	0
harrington inc	Event.Transaction	cooper, wood and smith	solidifies its position in promoting sustainable fishing methods	Harrington Inc__0__0__Lomark Daily	Positive	14	22	Entity.Organization.FishingCompany	Entity.Organization.Company	harrington inc	cooper, wood and smith	0	0
harrington inc	Event.Invest	tracking systems, efficiency commodities, and sustainable nets	Recent investments underscore the company's dedication to minimizing its ecological footprint while maximizing efficiency	Harrington Inc__0__0__Lomark Daily	Positive	14	62	Entity.Organization.FishingCompany		harrington inc	jackson, mendez and nguyen	0	44
harrington inc	Event.Aid	marine sanctuaries	Involvement in aiding marine sanctuaries demonstrates its holistic approach to environmental conservation	Harrington Inc__0__0__Lomark Daily	Positive	14	18	Entity.Organization.FishingCompany		harrington inc	marine_sanctuary	0	4
harrington inc	Event.Transaction	fisherman's best n.v. express	reflects Harrington Inc's expansion efforts and strategic collaborations in the industry	Harrington Inc__0__0__Lomark Daily	Positive	14	29	Entity.Organization.FishingCompany	Entity.Organization.Company	harrington inc	fisherman's best n.v. express	0	0
harrington inc	Event.Transaction	martinez-daniels	reflects Harrington Inc's expansion efforts and strategic collaborations in the industry	Harrington Inc__0__0__Lomark Daily	Neutral	14	16	Entity.Organization.FishingCompany	Entity.Organization.Company	harrington inc	martinez-daniels	0	0
city of south paackland	Event.Certificateissued	harrington inc	obtained certifications and expands collaborations in Sustainable Fishing	Harrington Inc__0__0__The News Buoy	Positive	23	14	Entity.Organization.GovernmentOrg	Entity.Organization.FishingCompany	city of south paackland	harrington inc	0	0
city of centralia	Event.Certificateissued	harrington inc	obtained certifications and expands collaborations in Sustainable Fishing	Harrington Inc__0__0__The News Buoy	Neutral	17	14	Entity.Organization.GovernmentOrg	Entity.Organization.FishingCompany	city of centralia	harrington inc	0	0
harrington inc	Event.Invest	efficiency commodities, tracking systems, sustainable nets	solidifies its position as a leader in sustainable fishing	Harrington Inc__0__0__The News Buoy	Positive	14	58	Entity.Organization.FishingCompany		harrington inc	clements, allen and sullivan	0	42
harrington inc	Event.Owns.Partiallyowns	walker, gonzalez and blanchard	enhance the company’s reach and impact in the industry	Harrington Inc__0__0__The News Buoy	Positive	14	30	Entity.Organization.FishingCompany	Entity.Organization.Company	harrington inc	walker, gonzalez and blanchard	0	0
harrington inc	Event.Owns.Partiallyowns	lopez-delgado	enhance the company’s reach and impact in the industry	Harrington Inc__0__0__The News Buoy	Positive	14	13	Entity.Organization.FishingCompany	Entity.Organization.Company	harrington inc	lopez-delgado	0	0
harrington inc	Event.Owns.Partiallyowns	brown-stokes	enhance the company’s reach and impact in the industry	Harrington Inc__0__0__The News Buoy	Positive	14	12	Entity.Organization.FishingCompany	Entity.Organization.Company	harrington inc	brown-stokes	0	0
harrington inc	Event.Aid	like-minded organizations	drive positive change and preserve our oceans health	Harrington Inc__0__0__The News Buoy	Positive	14	25	Entity.Organization.FishingCompany		harrington inc	barnes and sons	0	17
harrington inc	Event.Invest	efficiency commodities	highlight dedication to reducing environmental impact	Harrington Inc__0__0__The News Buoy	Positive	14	22	Entity.Organization.FishingCompany		harrington inc	efficiency	0	12
harrington inc	Event.Invest	tracking systems	highlight dedication to reducing environmental impact	Harrington Inc__0__0__The News Buoy	Positive	14	16	Entity.Organization.FishingCompany		harrington inc	tracking_system	0	2
harrington inc	Event.Invest	sustainable_nets	highlight dedication to reducing environmental impact	Harrington Inc__0__0__The News Buoy	Positive	14	16	Entity.Organization.FishingCompany		harrington inc	sustainable_nets	0	1
harrington inc	Event.Communication.Conference	industry peers	commitment to knowledge-sharing and continuous improvement in sustainable fishing practices	Harrington Inc__0__0__The News Buoy	Positive	14	14	Entity.Organization.FishingCompany		harrington inc	wrasse beds	0	10
harrington inc	Event.Transaction	walker, gonzalez and blanchard	enhance the company’s reach and impact in the industry	Harrington Inc__0__0__The News Buoy	Neutral	14	30	Entity.Organization.FishingCompany	Entity.Organization.Company	harrington inc	walker, gonzalez and blanchard	0	0
harrington inc	Event.Transaction	lopez-delgado	enhance the company’s reach and impact in the industry	Harrington Inc__0__0__The News Buoy	Positive	14	13	Entity.Organization.FishingCompany	Entity.Organization.Company	harrington inc	lopez-delgado	0	0
harrington inc	Event.Transaction	brown-stokes	enhance the company’s reach and impact in the industry	Harrington Inc__0__0__The News Buoy	Positive	14	12	Entity.Organization.FishingCompany	Entity.Organization.Company	harrington inc	brown-stokes	0	0
harrington inc	Event.Collaboration	like-minded organizations	drive positive change and preserve our oceans health	Harrington Inc__0__0__The News Buoy	Positive	14	25	Entity.Organization.FishingCompany		harrington inc	barnes and sons	0	17
harrington inc	Event.Invest	efficiency commodities	dedication to reducing environmental impact	Harrington Inc__0__0__The News Buoy	Positive	14	22	Entity.Organization.FishingCompany		harrington inc	efficiency	0	12
harrington inc	Event.Invest	tracking systems	dedication to	Harrington Inc__0__0__The News Buoy	Positive	14	16	Entity.Organization.FishingCompany		harrington inc	tracking_system	0	2
harrington inc	Event.Transaction	anderson, brown and green	acquiring shares in various fishing and logistics companies	Harrington Inc__0__1__Haacklee Herald	Neutral	15	25		Entity.Organization.FishingCompany	harrington inc	anderson, brown and green	1	0
harrington inc	Event.Transaction	franco-stuart	acquiring shares in various fishing and logistics companies	Harrington Inc__0__1__Haacklee Herald	Neutral	15	13		Entity.Organization.FishingCompany	harrington inc	franco-stuart	1	0
harrington inc	Event.Transaction	patterson, moreno and jensen	acquiring shares in various fishing and logistics companies	Harrington Inc__0__1__Haacklee Herald	Positive	15	28		Entity.Organization.Company	harrington inc	patterson, moreno and jensen	1	0
harrington inc	Event.Invest	sustainable_fishing practices	invested in the Cod Table area	Harrington Inc__0__1__Haacklee Herald	Positive	15	29			harrington inc	sustainable_nets	1	14
harrington inc	Event.Invest	efficiency of fishing nets	working to improve the efficiency of fishing nets	Harrington Inc__0__1__Haacklee Herald	Neutral	15	26			harrington inc	efficiency	1	16
harrington inc	Event.Invest	safety of fishing vessels	working on a system that ensures the safety of fishing vessels	Harrington Inc__0__1__Haacklee Herald	Neutral	15	25			harrington inc	tainamarine fishing co	1	17
harrington inc	Event.Communication.Conference	vargas-jensen conference	involved in the Vargas-Jensen Conference	Harrington Inc__0__1__Haacklee Herald	Neutral	15	24			harrington inc	vargas-jensen	1	11
harrington inc	Event.Communication.Conference	barnett ltd conference	involved in the Barnett Ltd Conference	Harrington Inc__0__1__Haacklee Herald	Positive	15	22			harrington inc	barnett ltd	1	11
harrington inc	Event.Invest	efficient sustainable nets and tracking systems	Harrington Inc. Invests in Sustainable Fishing	Harrington Inc__0__1__Lomark Daily	Positive	15	47			harrington inc	sustainable_nets	1	32
harrington inc	Event.Aid	local marine sanctuary	Provided $2000 as aid	Harrington Inc__0__1__Lomark Daily	Positive	15	22			harrington inc	marine_sanctuary	1	7
harrington inc	Event.Transaction	eaton-osborne	Signed multiple fishing transactions	Harrington Inc__0__1__Lomark Daily	Neutral	15	13			harrington inc	watson-gray	1	8
harrington inc	Event.Transaction	york-castillo	Signed multiple fishing transactions	Harrington Inc__0__1__Lomark Daily	Positive	15	13		Entity.Organization.FishingCompany	harrington inc	york-castillo	1	0
harrington inc	Event.Transaction	mclaughlin-chandler	Acquired a tracking system	Harrington Inc__0__1__Lomark Daily	Neutral	15	19		Entity.Organization.FishingCompany	harrington inc	mclaughlin-chandler	1	0
harrington inc	Event.Transaction	barnes and sons	Participated in conference	Harrington Inc__0__1__Lomark Daily	Neutral	15	15		Entity.Organization.FishingCompany	harrington inc	barnes and sons	1	0
harrington inc	Event.Transaction	martin llc	Participated in conference	Harrington Inc__0__1__Lomark Daily	Neutral	15	10		Entity.Organization.FishingCompany	harrington inc	martin llc	1	0
harrington inc	Event.Transaction	murphy, marshall and pope	Participated in conference	Harrington Inc__0__1__Lomark Daily	Positive	15	26			harrington inc	murphy, marshall and pope	1	1
harrington inc	Event.Invest	commodity safety	invested in Commodity Safety on March 31st, demonstrating their commitment to protecting their crews	Harrington Inc__0__1__The News Buoy	Positive	15	16			harrington inc	safety	1	10
harrington inc	Event.Fishing	cod table	engaged in fishing activities at the Cod Table and Tuna Shelf	Harrington Inc__0__1__The News Buoy	Neutral	15	9		Entity.Location.Region	harrington inc	cod table	1	0
harrington inc	Event.Fishing	tuna shelf	engaged in fishing activities at the Cod Table and Tuna Shelf	Harrington Inc__0__1__The News Buoy	Positive	15	10		Entity.Location.Region	harrington inc	tuna shelf	1	0
harrington inc	Event.Fishing	tuna shelf	engaged in fishing activities at the Cod Table and Tuna Shelf	Harrington Inc__0__1__The News Buoy	Positive	15	10		Entity.Location.Region	harrington inc	tuna shelf	1	0
harrington inc	Event.Fishing	cod table	engaged in fishing activities at the Cod Table and Tuna Shelf	Harrington Inc__0__1__The News Buoy	Positive	15	9		Entity.Location.Region	harrington inc	cod table	1	0
harrington inc	Event.Fishing	cod table	engaged in fishing activities at the Cod Table and Tuna Shelf	Harrington Inc__0__1__The News Buoy	Positive	15	9		Entity.Location.Region	harrington inc	cod table	1	0
harrington inc	Event.Fishing	cod table	engaged in fishing activities at the Cod Table and Tuna Shelf	Harrington Inc__0__1__The News Buoy	Neutral	15	9		Entity.Location.Region	harrington inc	cod table	1	0
harrington inc	Event.Transaction	burns inc	conducting transactions with Burns Inc. on the 31st	Harrington Inc__0__1__The News Buoy	Neutral	15	10			harrington inc	burns inc	1	1
harrington inc	Event.Transaction	davis-boyd	conducting transactions with Davis-Boyd on the 31st	Harrington Inc__0__1__The News Buoy	Positive	15	10		Entity.Organization.FishingCompany	harrington inc	davis-boyd	1	0
harrington inc	Event.Invest	commodity efficiency	another investment in Commodity Efficiency on June 30th, hinting at their dedication to optimizing operations	Harrington Inc__0__1__The News Buoy	Positive	15	20			harrington inc	efficiency	1	10
henderson, hall and lutz	Event.Transaction	martin llc	transactions with various partners	Henderson, Hall and Lutz__0__0__Haacklee Herald	Neutral	24	10	Entity.Organization.FishingCompany	Entity.Organization.FishingCompany	henderson, hall and lutz	martin llc	0	0
henderson, hall and lutz	Event.Transaction	craig ltd	transactions with various partners	Henderson, Hall and Lutz__0__0__Haacklee Herald	Neutral	24	9	Entity.Organization.FishingCompany	Entity.Organization.FishingCompany	henderson, hall and lutz	craig ltd	0	0
henderson, hall and lutz	Event.Transaction	moore-simon	transactions with various partners	Henderson, Hall and Lutz__0__0__Haacklee Herald	Positive	24	11	Entity.Organization.FishingCompany	Entity.Organization.FishingCompany	henderson, hall and lutz	moore-simon	0	0
henderson, hall and lutz	Event.Transaction	rivas-stevens	transactions with various partners	Henderson, Hall and Lutz__0__0__Haacklee Herald	Positive	24	13	Entity.Organization.FishingCompany	Entity.Organization.FishingCompany	henderson, hall and lutz	rivas-stevens	0	0
henderson, hall and lutz	Event.Transaction	perez-harmon	transactions with various partners	Henderson, Hall and Lutz__0__0__Haacklee Herald	Negative	24	12	Entity.Organization.FishingCompany	Entity.Organization.Company	henderson, hall and lutz	perez-harmon	0	0
henderson, hall and lutz	Event.Transaction	dawson-miles and little	transactions with various partners	Henderson, Hall and Lutz__0__0__Haacklee Herald	Negative	24	23	Entity.Organization.FishingCompany		henderson, hall and lutz	dawson, miles and little	0	2
henderson, hall and lutz	Event.Transaction	cervantes-kramer	transactions with various partners	Henderson, Hall and Lutz__0__0__Haacklee Herald	Negative	24	16	Entity.Organization.FishingCompany	Entity.Organization.FishingCompany	henderson, hall and lutz	cervantes-kramer	0	0
henderson, hall and lutz	Event.Transaction	johnson-johnson	transactions with various partners	Henderson, Hall and Lutz__0__0__Haacklee Herald	Negative	24	15	Entity.Organization.FishingCompany	Entity.Organization.Company	henderson, hall and lutz	johnson-johnson	0	0
henderson, hall and lutz	Event.Transaction	garcia-merritt and rose	transactions with various partners	Henderson, Hall and Lutz__0__0__Haacklee Herald	Positive	24	23	Entity.Organization.FishingCompany		henderson, hall and lutz	garcia, merritt and rose	0	2
henderson, hall and lutz	Event.Transaction	conrad ltd	transactions with various partners	Henderson, Hall and Lutz__0__0__Haacklee Herald	Positive	24	10	Entity.Organization.FishingCompany	Entity.Organization.FishingCompany	henderson, hall and lutz	conrad ltd	0	0
henderson, hall and lutz	Event.Transaction	barnes and sons	transactions with various partners	Henderson, Hall and Lutz__0__0__Haacklee Herald	Neutral	24	15	Entity.Organization.FishingCompany	Entity.Organization.FishingCompany	henderson, hall and lutz	barnes and sons	0	0
henderson, hall and lutz	Event.Transaction	anderson-brown and green	transactions with various partners	Henderson, Hall and Lutz__0__0__Haacklee Herald	Neutral	24	24	Entity.Organization.FishingCompany		henderson, hall and lutz	anderson, brown and green	0	2
henderson, hall and lutz	Event.Transaction	blackwell-clark and lam	transactions with various partners	Henderson, Hall and Lutz__0__0__Haacklee Herald	Positive	24	23	Entity.Organization.FishingCompany		henderson, hall and lutz	blackwell, clark and lam	0	2
henderson, hall and lutz	Event.Transaction	burns inc	transactions with various partners	Henderson, Hall and Lutz__0__0__Haacklee Herald	Positive	24	9	Entity.Organization.FishingCompany	Entity.Organization.FishingCompany	henderson, hall and lutz	burns inc	0	0
henderson, hall and lutz	Event.Transaction	smith-smith and barber	transactions with various partners	Henderson, Hall and Lutz__0__0__Haacklee Herald	Neutral	24	22	Entity.Organization.FishingCompany		henderson, hall and lutz	smith, smith and barber	0	2
henderson, hall and lutz	Event.Transaction	massey-king and quinn	transactions with various partners	Henderson, Hall and Lutz__0__0__Haacklee Herald	Positive	24	21	Entity.Organization.FishingCompany		henderson, hall and lutz	massey, king and quinn	0	2
henderson, hall and lutz	Event.Transaction	bishop-hernandez	transactions with various partners	Henderson, Hall and Lutz__0__0__Haacklee Herald	Positive	24	16	Entity.Organization.FishingCompany	Entity.Organization.FishingCompany	henderson, hall and lutz	bishop-hernandez	0	0
henderson, hall and lutz	Event.Transaction	roth-logan and moreno	transactions with various partners	Henderson, Hall and Lutz__0__0__Haacklee Herald	Positive	24	21	Entity.Organization.FishingCompany		henderson, hall and lutz	roth, logan and moreno	0	2
harrington inc	Event.Transaction	harrell-walters	Recent transactions highlight Harrington Incs dedication to sustainable fishing practices	Henderson, Hall and Lutz__0__0__Lomark Daily	Positive	14	15	Entity.Organization.FishingCompany	Entity.Organization.FishingCompany	harrington inc	harrell-walters	0	0
harrington inc	Event.Transaction	hernandez-rojas	Recent transactions highlight Harrington Incs dedication to sustainable fishing practices	Henderson, Hall and Lutz__0__0__Lomark Daily	Positive	14	15	Entity.Organization.FishingCompany	Entity.Organization.FishingCompany	harrington inc	hernandez-rojas	0	0
harrington inc	Event.Transaction	smith-hull	Recent transactions highlight Harrington Incs dedication to sustainable fishing practices	Henderson, Hall and Lutz__0__0__Lomark Daily	Positive	14	10	Entity.Organization.FishingCompany	Entity.Organization.FishingCompany	harrington inc	smith-hull	0	0
harrington inc	Event.Invest	efficiency commodities, tracking systems, and sustainable nets	Investments in efficiency commodities, tracking systems, and sustainable nets	Henderson, Hall and Lutz__0__0__Lomark Daily	Neutral	14	62	Entity.Organization.FishingCompany		harrington inc	clements, allen and sullivan	0	43
harrington inc	Event.Invest	efficiency commodities, tracking systems, and sustainable nets	demonstrating Harrington Incs proactive approach to minimizing environmental impact while maximizing operational efficiency	Henderson, Hall and Lutz__0__0__Lomark Daily	Positive	14	62	Entity.Organization.FishingCompany		harrington inc	clements, allen and sullivan	0	43
harrington inc	Event.Owns.Partiallyowns	harrell-walters	Collaborations with partners such as Harrell-Walters	Henderson, Hall and Lutz__0__0__Lomark Daily	Positive	14	15	Entity.Organization.FishingCompany	Entity.Organization.FishingCompany	harrington inc	harrell-walters	0	0
harrington inc	Event.Owns.Partiallyowns	hernandez-rojas	Collaborations with partners such as Hernandez-Rojas	Henderson, Hall and Lutz__0__0__Lomark Daily	Positive	14	15	Entity.Organization.FishingCompany	Entity.Organization.FishingCompany	harrington inc	hernandez-rojas	0	0
harrington inc	Event.Owns.Partiallyowns	smith-hull	Collaborations with partners such as Smith-Hull	Henderson, Hall and Lutz__0__0__Lomark Daily	Positive	14	10	Entity.Organization.FishingCompany	Entity.Organization.FishingCompany	harrington inc	smith-hull	0	0
henderson, hall and lutz	Event.Invest	sustainable_nets	invested in sustainable nets and secured certificates to fish in the Cod Table and Tuna Shelf from the City of South Paackland and Port Grove	Henderson, Hall and Lutz__0__0__The News Buoy	Neutral	24	16	Entity.Organization.FishingCompany	Entity.Commodity	henderson, hall and lutz	sustainable_nets	0	0
henderson, hall and lutz	Event.Transaction	craig ltd	participated in conferences with Craig Ltd and Phelps, Brown and Wallace	Henderson, Hall and Lutz__0__0__The News Buoy	Positive	24	9	Entity.Organization.FishingCompany	Entity.Organization.FishingCompany	henderson, hall and lutz	craig ltd	0	0
henderson, hall and lutz	Event.Transaction	phelps, brown and wallace	participated in conferences with Craig Ltd and Phelps, Brown and Wallace	Henderson, Hall and Lutz__0__0__The News Buoy	Positive	24	25	Entity.Organization.FishingCompany	Entity.Organization.FishingCompany	henderson, hall and lutz	phelps, brown and wallace	0	0
henderson, hall and lutz	Event.Invest	efficiency	made significant investments in sustainable nets, commodity efficiency, and tracking systems	Henderson, Hall and Lutz__0__0__The News Buoy	Positive	24	10	Entity.Organization.FishingCompany	Entity.Commodity	henderson, hall and lutz	efficiency	0	0
henderson, hall and lutz	Event.Transaction	anderson, brown and green	participated in conferences with Anderson, Brown and Green, and Jackson Inc	Henderson, Hall and Lutz__0__0__The News Buoy	Positive	24	25	Entity.Organization.FishingCompany	Entity.Organization.FishingCompany	henderson, hall and lutz	anderson, brown and green	0	0
henderson, hall and lutz	Event.Transaction	jackson inc	participated in conferences with Anderson, Brown and Green, and Jackson Inc	Henderson, Hall and Lutz__0__0__The News Buoy	Positive	24	11	Entity.Organization.FishingCompany	Entity.Organization.FishingCompany	henderson, hall and lutz	jackson inc	0	0
henderson, hall and lutz	Event.Transaction	franco-stuart	show several transactions with other companies including Franco-Stuart, Underwood Inc, Phelps, Brown and Wallace, Vargas-Jensen, Montogomery Group, Graham-Andrews, Gallagher-Compton, Frey Inc, Wu-Hart, Dunn Inc, Ellis-Hunter, Murphy, Marshall and Pope, Taylor, Prince and Sherman, Wilcox-Nelson, Rivas-Stevens	Henderson, Hall and Lutz__0__0__The News Buoy	Neutral	24	13	Entity.Organization.FishingCompany	Entity.Organization.FishingCompany	henderson, hall and lutz	franco-stuart	0	0
henderson, hall and lutz	Event.Transaction	underwood inc	show several transactions with other companies including Franco-Stuart, Underwood Inc, Phelps, Brown and Wallace, Vargas-Jensen, Montogomery Group, Graham-Andrews, Gallagher-Compton, Frey Inc, Wu-Hart, Dunn Inc, Ellis-Hunter, Murphy, Marshall and Pope, Taylor, Prince and Sherman, Wilcox-Nelson, Rivas-Stevens	Henderson, Hall and Lutz__0__0__The News Buoy	Positive	24	13	Entity.Organization.FishingCompany	Entity.Organization.FishingCompany	henderson, hall and lutz	underwood inc	0	0
henderson, hall and lutz	Event.Transaction	phelps, brown and wallace	show several transactions with other companies including Franco-Stuart, Underwood Inc, Phelps, Brown and Wallace, Vargas-Jensen, Montogomery Group, Graham-Andrews, Gallagher-Compton	Henderson, Hall and Lutz__0__0__The News Buoy	Positive	24	25	Entity.Organization.FishingCompany	Entity.Organization.FishingCompany	henderson, hall and lutz	phelps, brown and wallace	0	0
henderson, hall and lutz	Event.Invest	sustainable_nets	significant investments and initiatives aimed at enhancing environmental stewardship within the fishing industry	Henderson, Hall and Lutz__0__1__Haacklee Herald	Positive	24	16	Entity.Organization.FishingCompany	Entity.Commodity	henderson, hall and lutz	sustainable_nets	0	0
henderson, hall and lutz	Event.Aid	marine_sanctuary	provision of aid to marine sanctuaries demonstrates the companys broader commitment to environmental conservation beyond its immediate operations	Henderson, Hall and Lutz__0__1__Haacklee Herald	Positive	24	16	Entity.Organization.FishingCompany	Entity.Organization	henderson, hall and lutz	marine_sanctuary	0	0
henderson, hall and lutz	Event.Invest	tracking_system	Investments in tracking systems further emphasize Henderson, Hall and Lutzs emphasis on transparency and accountability throughout its supply chain	Henderson, Hall and Lutz__0__1__Haacklee Herald	Positive	24	15	Entity.Organization.FishingCompany	Entity.Commodity	henderson, hall and lutz	tracking_system	0	0
henderson, hall and lutz	Event.Fishing.Sustainablefishing	local marine sanctuaries	Aid provided to local marine sanctuaries	Henderson, Hall and Lutz__0__1__Lomark Daily	Neutral	25	24			henderson, hall and lutz	marine_sanctuary	1	10
henderson, hall and lutz	Event.Transaction	arellano group	Fishing transactions signed with Arellano Group	Henderson, Hall and Lutz__0__1__Lomark Daily	Neutral	25	14		Entity.Organization.FishingCompany	henderson, hall and lutz	arellano group	1	0
henderson, hall and lutz	Event.Transaction	maddox group	Fishing transactions signed with Maddox Group	Henderson, Hall and Lutz__0__1__Lomark Daily	Positive	25	12		Entity.Organization.Company	henderson, hall and lutz	maddox group	1	0
henderson, hall and lutz	Event.Transaction	cisneros-meyer	Fishing transactions signed with Cisneros-Meyer	Henderson, Hall and Lutz__0__1__Lomark Daily	Positive	25	14		Entity.Organization.FishingCompany	henderson, hall and lutz	cisneros-meyer	1	0
henderson, hall and lutz	Event.Invest	efficiency	Invested in commodities promoting efficiency	Henderson, Hall and Lutz__0__1__Lomark Daily	Positive	25	10		Entity.Commodity	henderson, hall and lutz	efficiency	1	0
henderson, hall and lutz	Event.Invest	safety	Invested in commodities promoting safety	Henderson, Hall and Lutz__0__1__Lomark Daily	Positive	25	6		Entity.Commodity	henderson, hall and lutz	safety	1	0
henderson, hall and lutz	Event.Aid	marine_sanctuary	donated $1000 to the Marine Sanctuary as aid	Henderson, Hall and Lutz__0__1__The News Buoy	Neutral	25	16			henderson, hall and lutz	marine_sanctuary	1	1
henderson, hall and lutz	Event.Transaction	cooper, wood and smith	signed multiple transactions with Cooper, Wood and Smith	Henderson, Hall and Lutz__0__1__The News Buoy	Neutral	25	22		Entity.Organization.Company	henderson, hall and lutz	cooper, wood and smith	1	0
henderson, hall and lutz	Event.Transaction	willis, vasquez and goodwin	signed multiple transactions with Willis, Vasquez and Goodwin	Henderson, Hall and Lutz__0__1__The News Buoy	Neutral	25	27		Entity.Organization.Company	henderson, hall and lutz	willis, vasquez and goodwin	1	0
henderson, hall and lutz	Event.Transaction	glover, moran and johnson	signed multiple transactions with Glover, Moran and Johnson	Henderson, Hall and Lutz__0__1__The News Buoy	Neutral	25	25		Entity.Organization.FishingCompany	henderson, hall and lutz	glover, moran and johnson	1	0
henderson, hall and lutz	Event.Transaction	wilcox-nelson	signed multiple transactions with Wilcox-Nelson	Henderson, Hall and Lutz__0__1__The News Buoy	Positive	25	13		Entity.Organization.FishingCompany	henderson, hall and lutz	wilcox-nelson	1	0
henderson, hall and lutz	Event.Transaction	harrington inc	signed multiple transactions with Harrington Inc	Henderson, Hall and Lutz__0__1__The News Buoy	Neutral	25	14		Entity.Organization.FishingCompany	henderson, hall and lutz	harrington inc	1	0
henderson, hall and lutz	Event.Certificateissued	henderson, hall and lutz	interest in sustainable legal fishing	Henderson, Hall and Lutz__0__1__The News Buoy	Positive	25	25			henderson, hall and lutz	henderson, hall and lutz	1	1
henderson, hall and lutz	Event.Communication.Conference	henderson, hall and lutz	discussed the importance of sustainable fishing and the need for efficient tracking systems	Henderson, Hall and Lutz__0__1__The News Buoy	Positive	25	25			henderson, hall and lutz	henderson, hall and lutz	1	1
henderson, hall and lutz	Event.Invest	safety	invested in safety	Henderson, Hall and Lutz__0__1__The News Buoy	Neutral	25	6		Entity.Commodity	henderson, hall and lutz	safety	1	0
henderson, hall and lutz	Event.Invest	efficiency	invested in efficiency	Henderson, Hall and Lutz__0__1__The News Buoy	Positive	25	10		Entity.Commodity	henderson, hall and lutz	efficiency	1	0
henderson, hall and lutz	Event.Invest	sustainable_nets	invested in sustainable nets	Henderson, Hall and Lutz__0__1__The News Buoy	Positive	25	16		Entity.Commodity	henderson, hall and lutz	sustainable_nets	1	0
henderson, hall and lutz	Event.Invest	tracking_system	invested in a tracking system	Henderson, Hall and Lutz__0__1__The News Buoy	Positive	25	15		Entity.Commodity	henderson, hall and lutz	tracking_system	1	0
city of south paackland	Event.Certificateissued	hernandez-rojas	granted a certificate to operate in the Tuna Shelf and Cod Table areas	Hernandez-Rojas__0__0__Haacklee Herald	Negative	23	15	Entity.Organization.GovernmentOrg	Entity.Organization.FishingCompany	city of south paackland	hernandez-rojas	0	0
hernandez-rojas	Event.Invest	efficiency	investing in efficient sustainable nets and tracking systems	Hernandez-Rojas__0__0__Haacklee Herald	Negative	15	10	Entity.Organization.FishingCompany	Entity.Commodity	hernandez-rojas	efficiency	0	0
hernandez-rojas	Event.Transaction	york-castillo	involved in several transactions	Hernandez-Rojas__0__0__Haacklee Herald	Positive	15	13	Entity.Organization.FishingCompany	Entity.Organization.FishingCompany	hernandez-rojas	york-castillo	0	0
hernandez-rojas	Event.Transaction	eaton-osborne	involved in several transactions	Hernandez-Rojas__0__0__Haacklee Herald	Neutral	15	13	Entity.Organization.FishingCompany		hernandez-rojas	watson-gray	0	8
hernandez-rojas	Event.Aid	marine_sanctuary	awarded with aid	Hernandez-Rojas__0__0__Haacklee Herald	Negative	15	16	Entity.Organization.FishingCompany		hernandez-rojas	marine_sanctuary	0	1
hernandez-rojas	Event.Invest	sustainable fishing practices	investments in sustainable technology and contributions to marine conservation efforts	Hernandez-Rojas__0__0__Lomark Daily	Positive	15	29	Entity.Organization.FishingCompany		hernandez-rojas	sustainable_nets	0	15
hernandez-rojas	Event.Certificateissued	hernandez-rojas	implemented rigorous sustainability practices throughout its operations	Hernandez-Rojas__0__0__Lomark Daily	Neutral	15	15	Entity.Organization.FishingCompany	Entity.Organization.FishingCompany	hernandez-rojas	hernandez-rojas	0	0
hernandez-rojas	Event.Fishing.Sustainablefishing	local communities and stakeholders	actively engages with local communities and stakeholders to promote awareness and education about the importance of sustainable fishing practices	Hernandez-Rojas__0__0__Lomark Daily	Positive	15	34	Entity.Organization.FishingCompany		hernandez-rojas	barnes and sons	0	22
hernandez-rojas	Event.Invest	sustainable_nets	investing in sustainable and efficient fishing practices	Hernandez-Rojas__0__0__The News Buoy	Positive	15	16	Entity.Organization.FishingCompany	Entity.Commodity	hernandez-rojas	sustainable_nets	0	0
hernandez-rojas	Event.Invest	tracking_system	investing in sustainable and efficient fishing practices	Hernandez-Rojas__0__0__The News Buoy	Positive	15	15	Entity.Organization.FishingCompany	Entity.Commodity	hernandez-rojas	tracking_system	0	0
hernandez-rojas	Event.Transaction	cuevas plc	involved in several transactions	Hernandez-Rojas__0__0__The News Buoy	Neutral	15	10	Entity.Organization.FishingCompany	Entity.Organization.FishingCompany	hernandez-rojas	cuevas plc	0	0
hernandez-rojas	Event.Transaction	roth, logan and moreno	involved in several transactions	Hernandez-Rojas__0__0__The News Buoy	Positive	15	23	Entity.Organization.FishingCompany		hernandez-rojas	roth, logan and moreno	0	1
hernandez-rojas	Event.Certificateissued	tuna shelf	awarded certificates of ownership	Hernandez-Rojas__0__0__The News Buoy	Positive	15	10	Entity.Organization.FishingCompany	Entity.Location.Region	hernandez-rojas	tuna shelf	0	0
hernandez-rojas	Event.Certificateissued	cod table	awarded certificates of ownership	Hernandez-Rojas__0__0__The News Buoy	Negative	15	9	Entity.Organization.FishingCompany	Entity.Location.Region	hernandez-rojas	cod table	0	0
hines-douglas	Event.Invest	efficiency and safety	Investment in Efficiency and Safety	Hines-Douglas__0__0__Haacklee Herald	Negative	13	21	Entity.Organization.FishingCompany		hines-douglas	efficiency	0	11
hines-douglas	Event.Invest	sustainable nets and tracking systems	Investment in Sustainable Nets and Tracking Systems	Hines-Douglas__0__0__Haacklee Herald	Positive	13	37	Entity.Organization.FishingCompany		hines-douglas	sustainable_nets	0	22
hines-douglas	Event.Aid	marine sanctuaries	Support for Marine Sanctuaries	Hines-Douglas__0__0__Haacklee Herald	Positive	13	18	Entity.Organization.FishingCompany		hines-douglas	marine_sanctuary	0	4
hines-douglas	Event.Transaction	unknown	Transactions and Conferences	Hines-Douglas__0__0__Haacklee Herald	Positive	13	7	Entity.Organization.FishingCompany		hines-douglas	dunn inc	0	5
hines-douglas	Event.Invest	efficiency	Hines-Douglas Leads Sustainable Fishing Efforts with Strategic Investments	Hines-Douglas__0__0__Lomark Daily	Neutral	13	10	Entity.Organization.FishingCompany	Entity.Commodity	hines-douglas	efficiency	0	0
hines-douglas	Event.Transaction	tracking_system	Hines-Douglas Leads Sustainable Fishing Efforts with Strategic Investments	Hines-Douglas__0__0__Lomark Daily	Negative	13	15	Entity.Organization.FishingCompany	Entity.Commodity	hines-douglas	tracking_system	0	0
hines-douglas	Event.Transaction	sustainable_nets	Hines-Douglas Leads Sustainable Fishing Efforts with Strategic Investments	Hines-Douglas__0__0__Lomark Daily	Negative	13	16	Entity.Organization.FishingCompany	Entity.Commodity	hines-douglas	sustainable_nets	0	0
hines-douglas	Event.Invest	sustainable_nets	Hines-Douglas Leads Sustainable Fishing Efforts with Strategic Investments	Hines-Douglas__0__0__Lomark Daily	Negative	13	16	Entity.Organization.FishingCompany	Entity.Commodity	hines-douglas	sustainable_nets	0	0
hines-douglas	Event.Transaction	sustainable_nets	Hines-Douglas Leads Sustainable Fishing Efforts with Strategic Investments	Hines-Douglas__0__0__Lomark Daily	Negative	13	16	Entity.Organization.FishingCompany	Entity.Commodity	hines-douglas	sustainable_nets	0	0
hines-douglas	Event.Transaction	tracking_system	Hines-Douglas Leads Sustainable Fishing Efforts with Strategic Investments	Hines-Douglas__0__0__Lomark Daily	Positive	13	15	Entity.Organization.FishingCompany	Entity.Commodity	hines-douglas	tracking_system	0	0
hines-douglas	Event.Transaction	sustainable_nets	Hines-Douglas Leads Sustainable Fishing Efforts with Strategic Investments	Hines-Douglas__0__0__Lomark Daily	Negative	13	16	Entity.Organization.FishingCompany	Entity.Commodity	hines-douglas	sustainable_nets	0	0
hines-douglas	Event.Transaction	sustainable_nets	Hines-Douglas Leads Sustainable Fishing Efforts with Strategic Investments	Hines-Douglas__0__0__Lomark Daily	Negative	13	16	Entity.Organization.FishingCompany	Entity.Commodity	hines-douglas	sustainable_nets	0	0
hines-douglas	Event.Invest	tracking_system	Hines-Douglas Leads Sustainable Fishing Efforts with Strategic Investments	Hines-Douglas__0__0__Lomark Daily	Positive	13	15	Entity.Organization.FishingCompany	Entity.Commodity	hines-douglas	tracking_system	0	0
hines-douglas	Event.Transaction	sustainable_nets	Hines-Douglas Leads Sustainable Fishing Efforts with Strategic Investments	Hines-Douglas__0__0__Lomark Daily	Negative	13	16	Entity.Organization.FishingCompany	Entity.Commodity	hines-douglas	sustainable_nets	0	0
hines-douglas	Event.Transaction	tracking_system	Hines-Douglas Leads Sustainable Fishing Efforts with Strategic Investments	Hines-Douglas__0__0__Lomark Daily	Negative	13	15	Entity.Organization.FishingCompany	Entity.Commodity	hines-douglas	tracking_system	0	0
hines-douglas	Event.Transaction	sustainable_nets	Hines-Douglas Leads Sustainable Fishing Efforts with Strategic Investments	Hines-Douglas__0__0__Lomark Daily	Neutral	13	16	Entity.Organization.FishingCompany	Entity.Commodity	hines-douglas	sustainable_nets	0	0
hines-douglas	Event.Invest	sustainable_nets and tracking_system	investing in sustainable nets and tracking systems	Hines-Douglas__0__0__The News Buoy	Negative	13	36	Entity.Organization.FishingCompany		hines-douglas	sustainable_nets	0	20
hines-douglas	Event.Aid	local marine sanctuary	donated $2000	Hines-Douglas__0__0__The News Buoy	Positive	13	22	Entity.Organization.FishingCompany		hines-douglas	marine_sanctuary	0	7
hines-douglas	Event.Transaction	eaton-osborne	signed multiple fishing transactions	Hines-Douglas__0__0__The News Buoy	Positive	13	13	Entity.Organization.FishingCompany		hines-douglas	watson-gray	0	8
hines-douglas	Event.Transaction	york-castillo	signed multiple fishing transactions	Hines-Douglas__0__0__The News Buoy	Neutral	13	13	Entity.Organization.FishingCompany	Entity.Organization.FishingCompany	hines-douglas	york-castillo	0	0
hines-douglas	Event.Communication.Conference	other companies	engaging in conferences with other companies to promote sustainable fishing practices	Hines-Douglas__0__0__The News Buoy	Positive	13	15	Entity.Organization.FishingCompany		hines-douglas	thompson-padilla	0	11
city of centralia	Event.Certificateissued	horn and sons	certificates granting permission to operate in the Tuna Shelf and Cod Table areas	Horn and Sons__0__0__Haacklee Herald	Positive	17	13	Entity.Organization.GovernmentOrg	Entity.Organization.FishingCompany	city of centralia	horn and sons	0	0
city of south paackland	Event.Certificateissued	horn and sons	certificates granting permission to operate in the Tuna Shelf and Cod Table areas	Horn and Sons__0__0__Haacklee Herald	Positive	23	13	Entity.Organization.GovernmentOrg	Entity.Organization.FishingCompany	city of south paackland	horn and sons	0	0
horn and sons	Event.Transaction	holt plc	transactions on April 26, 2035	Horn and Sons__0__0__Haacklee Herald	Neutral	13	8	Entity.Organization.FishingCompany	Entity.Organization.Company	horn and sons	holt plc	0	0
horn and sons	Event.Transaction	hernandez, levy and hanson	transactions on April 26, 2035	Horn and Sons__0__0__Haacklee Herald	Neutral	13	26	Entity.Organization.FishingCompany	Entity.Organization.Company	horn and sons	hernandez, levy and hanson	0	0
horn and sons	Event.Transaction	olson and sons	transactions on April 26, 2035	Horn and Sons__0__0__Haacklee Herald	Positive	13	14	Entity.Organization.FishingCompany	Entity.Organization.Company	horn and sons	olson and sons	0	0
horn and sons	Event.Invest	safety	investments in safety	Horn and Sons__0__0__Haacklee Herald	Neutral	13	6	Entity.Organization.FishingCompany	Entity.Commodity	horn and sons	safety	0	0
horn and sons	Event.Invest	efficiency	investments in efficiency	Horn and Sons__0__0__Haacklee Herald	Neutral	13	10	Entity.Organization.FishingCompany	Entity.Commodity	horn and sons	efficiency	0	0
horn and sons	Event.Invest	sustainable_nets	investments in sustainable nets	Horn and Sons__0__0__Haacklee Herald	Negative	13	16	Entity.Organization.FishingCompany	Entity.Commodity	horn and sons	sustainable_nets	0	0
horn and sons	Event.Invest	tracking_system	investments in a tracking system	Horn and Sons__0__0__Haacklee Herald	Positive	13	15	Entity.Organization.FishingCompany	Entity.Commodity	horn and sons	tracking_system	0	0
horn and sons	Event.Transaction	holt plc	transactions on June 9, 2035 in sustainable fishing ventures in the Tuna Shelf area	Horn and Sons__0__0__Haacklee Herald	Neutral	13	8	Entity.Organization.FishingCompany	Entity.Organization.Company	horn and sons	holt plc	0	0
horn and sons	Event.Transaction	hernandez, levy and hanson	transactions on June 9, 2035 in sustainable fishing ventures in the Tuna Shelf area	Horn and Sons__0__0__Haacklee Herald	Positive	13	26	Entity.Organization.FishingCompany	Entity.Organization.Company	horn and sons	hernandez, levy and hanson	0	0
horn and sons	Event.Transaction	olson and sons	transactions on June 9, 2035 in sustainable fishing ventures in the Tuna Shelf area	Horn and Sons__0__0__Haacklee Herald	Negative	13	14	Entity.Organization.FishingCompany	Entity.Organization.Company	horn and sons	olson and sons	0	0
horn and sons	Event.Aid	marine_sanctuary	involvement in marine sanctuary aid on June 9, 2035	Horn and Sons__0__0__Haacklee Herald	Positive	13	16	Entity.Organization.FishingCompany		horn and sons	marine_sanctuary	0	1
horn and sons	Event.Invest	tracking_system	invested in tracking systems to monitor its fishing activities and ensure compliance with sustainable limits	Horn and Sons__0__0__Lomark Daily	Negative	13	15	Entity.Organization.FishingCompany	Entity.Commodity	horn and sons	tracking_system	0	0
horn and sons	Event.Owns.Partiallyowns	local organizations	collaborated with local organizations to promote sustainable fishing practices and protect marine ecosystems	Horn and Sons__0__0__Lomark Daily	Negative	13	19	Entity.Organization.FishingCompany		horn and sons	olson and sons	0	11
horn and sons	Event.Transaction	flores ltd	entered into multiple transactions with various companies	Horn and Sons__0__0__Lomark Daily	Positive	13	10	Entity.Organization.FishingCompany	Entity.Organization.FishingCompany	horn and sons	flores ltd	0	0
horn and sons	Event.Transaction	thomas-weaver	entered into multiple transactions with various companies	Horn and Sons__0__0__Lomark Daily	Positive	13	13	Entity.Organization.FishingCompany	Entity.Organization.FishingCompany	horn and sons	thomas-weaver	0	0
horn and sons	Event.Invest	sustainable_nets	invested in sustainable nets and marine sanctuaries	Horn and Sons__0__0__Lomark Daily	Neutral	13	16	Entity.Organization.FishingCompany	Entity.Commodity	horn and sons	sustainable_nets	0	0
horn and sons	Event.Aid	marine_sanctuaries	invested in sustainable nets and marine sanctuaries	Horn and Sons__0__0__Lomark Daily	Positive	13	18	Entity.Organization.FishingCompany		horn and sons	marine_sanctuary	0	3
horn and sons	Event.Fishing.Sustainablefishing	local organizations	promote sustainable fishing practices and protect marine ecosystems	Horn and Sons__0__0__Lomark Daily	Positive	13	19	Entity.Organization.FishingCompany		horn and sons	olson and sons	0	11
horn and sons	Event.Fishing.Sustainablefishing	local organizations	committed to sustainable and environmentally friendly fishing practices	Horn and Sons__0__0__Lomark Daily	Neutral	13	19	Entity.Organization.FishingCompany		horn and sons	olson and sons	0	11
horn and sons	Event.Invest	sustainable_nets	latest initiatives include substantial investments in sustainable nets	Horn and Sons__0__0__The News Buoy	Negative	13	16	Entity.Organization.FishingCompany	Entity.Commodity	horn and sons	sustainable_nets	0	0
horn and sons	Event.Invest	tracking_system	latest initiatives include substantial investments in advanced tracking systems	Horn and Sons__0__0__The News Buoy	Neutral	13	15	Entity.Organization.FishingCompany	Entity.Commodity	horn and sons	tracking_system	0	0
horn and sons	Event.Aid	local_marine_sanctuaries	significant contributions to local marine sanctuaries	Horn and Sons__0__0__The News Buoy	Negative	13	24	Entity.Organization.FishingCompany		horn and sons	marine_sanctuary	0	9
horn and sons	Event.Transaction	paul inc	inked multiple fishing agreements with Paul Inc	Horn and Sons__0__0__The News Buoy	Negative	13	8	Entity.Organization.FishingCompany	Entity.Organization.Company	horn and sons	paul inc	0	0
horn and sons	Event.Transaction	thompson-padilla	inked multiple fishing agreements with Thompson-Padilla	Horn and Sons__0__0__The News Buoy	Positive	13	16	Entity.Organization.FishingCompany	Entity.Organization.FishingCompany	horn and sons	thompson-padilla	0	0
horn and sons	Event.Communication.Conference	cervantes-kramer	Working closely with partners like Cervantes-Kramer, steadfast in its mission to advocate for sustainable fishing methods	Horn and Sons__0__0__The News Buoy	Positive	13	16	Entity.Organization.FishingCompany	Entity.Organization.FishingCompany	horn and sons	cervantes-kramer	0	0
horn and sons	Event.Owns.Partiallyowns	cervantes-kramer	Working closely with partners like Cervantes-Kramer, steadfast in its mission to advocate for sustainable fishing methods	Horn and Sons__0__0__The News Buoy	Negative	13	16	Entity.Organization.FishingCompany	Entity.Organization.FishingCompany	horn and sons	cervantes-kramer	0	0
horn and sons	Event.Certificateissued	environmental_groups	earned prestigious certifications for its sustainable fishing practices	Horn and Sons__0__0__The News Buoy	Negative	13	20	Entity.Organization.FishingCompany		horn and sons	montoya group	0	12
horn and sons	Event.Certificateissued	local_authorities	earned prestigious certifications for its sustainable fishing practices	Horn and Sons__0__0__The News Buoy	Negative	13	17	Entity.Organization.FishingCompany		horn and sons	ross-curtis	0	11
horn and sons	Event.Communication.Conference	horn and sons	our unwavering commitment lies in the promotion of sustainable and responsible fishing practices	Horn and Sons__0__0__The News Buoy	Negative	13	13	Entity.Organization.FishingCompany	Entity.Organization.FishingCompany	horn and sons	horn and sons	0	0
horn and sons	Event.Communication.Conference	horn and sons	firmly believe in safeguarding the environment and preserving our fishing resources for the benefit of future generations	Horn and Sons__0__0__The News Buoy	Negative	13	13	Entity.Organization.FishingCompany	Entity.Organization.FishingCompany	horn and sons	horn and sons	0	0
hughes-clark	Event.Fishing.Sustainablefishing	hughes-clark	Demonstrates Leadership in Sustainable Fishing Practices	Hughes-Clark__0__0__Haacklee Herald	Negative	12	12	Entity.Organization.FishingCompany	Entity.Organization.FishingCompany	hughes-clark	hughes-clark	0	0
hughes-clark	Event.Transaction	jackson inc	Notable transactions include engagements with companies like Jackson Inc	Hughes-Clark__0__0__Haacklee Herald	Negative	12	11	Entity.Organization.FishingCompany	Entity.Organization.FishingCompany	hughes-clark	jackson inc	0	0
hughes-clark	Event.Transaction	arellano group	Notable transactions include engagements with companies like Arellano Group	Hughes-Clark__0__0__Haacklee Herald	Neutral	12	14	Entity.Organization.FishingCompany	Entity.Organization.FishingCompany	hughes-clark	arellano group	0	0
hughes-clark	Event.Transaction	cuevas plc	Notable transactions include engagements with companies like Cuevas PLC	Hughes-Clark__0__0__Haacklee Herald	Negative	12	10	Entity.Organization.FishingCompany	Entity.Organization.FishingCompany	hughes-clark	cuevas plc	0	0
hughes-clark	Event.Transaction	clarke, scott and sloan	Notable transactions include engagements with companies like Clarke, Scott and Sloan	Hughes-Clark__0__0__Haacklee Herald	Negative	12	23	Entity.Organization.FishingCompany	Entity.Organization.FishingCompany	hughes-clark	clarke, scott and sloan	0	0
hughes-clark	Event.Invest	efficiency	Pioneering the Future of Fishing and investing in sustainable and efficient fishing practices, including cutting-edge nets and tracking systems	Hughes-Clark__0__0__Lomark Daily	Negative	12	10	Entity.Organization.FishingCompany	Entity.Commodity	hughes-clark	efficiency	0	0
hughes-clark	Event.Aid	local marine sanctuary	contributing $2000 to the Local Marine Sanctuary as aid	Hughes-Clark__0__0__Lomark Daily	Negative	12	22	Entity.Organization.FishingCompany		hughes-clark	marine_sanctuary	0	7
hughes-clark	Event.Transaction	arellano group	forged numerous fishing partnerships with esteemed entities such as the Arellano Group	Hughes-Clark__0__0__Lomark Daily	Negative	12	14	Entity.Organization.FishingCompany	Entity.Organization.FishingCompany	hughes-clark	arellano group	0	0
hughes-clark	Event.Transaction	cod table	forged numerous fishing partnerships with esteemed entities such as the Cod Table	Hughes-Clark__0__0__Lomark Daily	Negative	12	9	Entity.Organization.FishingCompany	Entity.Location.Region	hughes-clark	cod table	0	0
hughes-clark	Event.Transaction	tuna shelf	forged numerous fishing partnerships with esteemed entities such as the Tuna Shelf	Hughes-Clark__0__0__Lomark Daily	Negative	12	10	Entity.Organization.FishingCompany	Entity.Location.Region	hughes-clark	tuna shelf	0	0
hughes-clark	Event.Aid	local marine sanctuary	reaffirmed its commitment to marine conservation by once again providing $2000 in aid to the Local Marine Sanctuary	Hughes-Clark__0__0__Lomark Daily	Negative	12	22	Entity.Organization.FishingCompany		hughes-clark	marine_sanctuary	0	7
hughes-clark	Event.Transaction	arellano group	continued to strengthen its sustainable fishing endeavors through multiple fishing transactions with key partners like the Arellano Group	Hughes-Clark__0__0__Lomark Daily	Positive	12	14	Entity.Organization.FishingCompany	Entity.Organization.FishingCompany	hughes-clark	arellano group	0	0
hughes-clark	Event.Transaction	cod table	continued to strengthen its sustainable fishing endeavors through multiple fishing transactions with key partners like the Cod Table	Hughes-Clark__0__0__Lomark Daily	Positive	12	9	Entity.Organization.FishingCompany	Entity.Location.Region	hughes-clark	cod table	0	0
hughes-clark	Event.Transaction	tuna shelf	continued to strengthen its sustainable fishing endeavors through multiple fishing transactions with key partners like the Tuna Shelf	Hughes-Clark__0__0__Lomark Daily	Positive	12	10	Entity.Organization.FishingCompany	Entity.Location.Region	hughes-clark	tuna shelf	0	0
hughes-clark	Event.Aid	local marine sanctuary	Donation of $2,000 to a local marine sanctuary, reaffirming its dedication to protecting marine ecosystems	Hughes-Clark__0__0__The News Buoy	Positive	12	22	Entity.Organization.FishingCompany		hughes-clark	marine_sanctuary	0	7
hughes-clark	Event.Invest	efficiency	Investments in efficiency and safety measures	Hughes-Clark__0__0__The News Buoy	Positive	12	10	Entity.Organization.FishingCompany	Entity.Commodity	hughes-clark	efficiency	0	0
hughes-clark	Event.Invest	safety	Investments in efficiency and safety measures	Hughes-Clark__0__0__The News Buoy	Positive	12	6	Entity.Organization.FishingCompany	Entity.Commodity	hughes-clark	safety	0	0
hughes-clark	Event.Transaction	tuna shelf	Transactions in sustainable fishing practices in the Tuna Shelf area	Hughes-Clark__0__0__The News Buoy	Positive	12	10	Entity.Organization.FishingCompany	Entity.Location.Region	hughes-clark	tuna shelf	0	0
hughes-clark	Event.Transaction	cod table	Transactions in sustainable fishing practices in the Cod Table area	Hughes-Clark__0__0__The News Buoy	Positive	12	9	Entity.Organization.FishingCompany	Entity.Location.Region	hughes-clark	cod table	0	0
hughes-clark	Event.Transaction	tracking systems	Transactions in investments in technologies such as tracking systems	Hughes-Clark__0__0__The News Buoy	Positive	12	16	Entity.Organization.FishingCompany		hughes-clark	tracking_system	0	2
hughes-clark	Event.Transaction	sustainable_nets	Transactions in investments in technologies such as sustainable nets	Hughes-Clark__0__0__The News Buoy	Positive	12	16	Entity.Organization.FishingCompany		hughes-clark	sustainable_nets	0	1
hughes-clark	Event.Transaction	various stakeholders	Transactions in ongoing efforts to collaborate with various stakeholders in the fishing industry	Hughes-Clark__0__0__The News Buoy	Neutral	12	20	Entity.Organization.FishingCompany		hughes-clark	rivas-stevens	0	12
hughes-clark	Event.Invest	efficiency	made significant moves towards enhancing operational efficiency and technological advancement in 2035	Hughes-Clark__0__1__Haacklee Herald	Positive	12	10	Entity.Organization.FishingCompany	Entity.Commodity	hughes-clark	efficiency	0	0
hughes-clark	Event.Invest	tracking_system	investing in a tracking system, underscoring its commitment to modernizing its operations while ensuring transparency and accountability	Hughes-Clark__0__1__Haacklee Herald	Negative	12	15	Entity.Organization.FishingCompany	Entity.Commodity	hughes-clark	tracking_system	0	0
hughes-clark	Event.Communication.Conference	harrington inc	participated in conferences alongside key stakeholders	Hughes-Clark__0__1__Haacklee Herald	Negative	12	14	Entity.Organization.FishingCompany	Entity.Organization.FishingCompany	hughes-clark	harrington inc	0	0
hughes-clark	Event.Communication.Conference	blackwell, clark and lam	participated in conferences alongside key stakeholders	Hughes-Clark__0__1__Haacklee Herald	Negative	12	24	Entity.Organization.FishingCompany	Entity.Organization.FishingCompany	hughes-clark	blackwell, clark and lam	0	0
hughes-clark	Event.Transaction	roth, logan and moreno	engaged in strategic transactions with industry peers	Hughes-Clark__0__1__Haacklee Herald	Negative	12	22	Entity.Organization.FishingCompany	Entity.Organization.FishingCompany	hughes-clark	roth, logan and moreno	0	0
hughes-clark	Event.Transaction	york-castillo	engaged in strategic transactions with industry peers	Hughes-Clark__0__1__Haacklee Herald	Negative	12	13	Entity.Organization.FishingCompany	Entity.Organization.FishingCompany	hughes-clark	york-castillo	0	0
hughes-clark	Event.Transaction	conrad ltd	engaged in strategic transactions with industry peers	Hughes-Clark__0__1__Haacklee Herald	Negative	12	10	Entity.Organization.FishingCompany	Entity.Organization.FishingCompany	hughes-clark	conrad ltd	0	0
hughes-clark	Event.Transaction	davis-boyd	engaged in strategic transactions with industry peers	Hughes-Clark__0__1__Haacklee Herald	Negative	12	10	Entity.Organization.FishingCompany	Entity.Organization.FishingCompany	hughes-clark	davis-boyd	0	0
hughes-clark	Event.Transaction	arellano group	engaged in strategic transactions with industry peers	Hughes-Clark__0__1__Haacklee Herald	Negative	12	14	Entity.Organization.FishingCompany	Entity.Organization.FishingCompany	hughes-clark	arellano group	0	0
hughes-clark	Event.Aid	local marine sanctuary	contributed $2000 to the Local Marine Sanctuary as aid	Hughes-Clark__0__1__Lomark Daily	Negative	12	22	Entity.Organization.FishingCompany		hughes-clark	marine_sanctuary	0	7
hughes-clark	Event.Transaction	franco-stuart	signed multiple fishing transactions with Franco-Stuart	Hughes-Clark__0__1__Lomark Daily	Positive	12	13	Entity.Organization.FishingCompany	Entity.Organization.FishingCompany	hughes-clark	franco-stuart	0	0
hughes-clark	Event.Transaction	harper inc	signed multiple fishing transactions with Harper Inc	Hughes-Clark__0__1__Lomark Daily	Positive	12	10	Entity.Organization.FishingCompany	Entity.Organization.FishingCompany	hughes-clark	harper inc	0	0
hughes-clark	Event.Communication.Conference	industry leaders and experts	recently hosting a conference on sustainable fishing	Hughes-Clark__0__1__Lomark Daily	Neutral	12	28	Entity.Organization.FishingCompany		hughes-clark	mann, myers and rivera	0	17
hughes-clark	Event.Invest	safety	shown a commitment to ensuring the safety of its commodities	Hughes-Clark__0__1__Lomark Daily	Positive	12	6	Entity.Organization.FishingCompany	Entity.Commodity	hughes-clark	safety	0	0
hughes-clark	Event.Invest	efficiency	invests in future of fishing	Hughes-Clark__0__1__The News Buoy	Neutral	12	10	Entity.Organization.FishingCompany	Entity.Commodity	hughes-clark	efficiency	0	0
hughes-clark	Event.Aid	local marine sanctuary	provided aid to Local marine sanctuary in the amount of $10000	Hughes-Clark__0__1__The News Buoy	Neutral	12	22	Entity.Organization.FishingCompany		hughes-clark	marine_sanctuary	0	7
hughes-clark	Event.Transaction	fisherman's best n.v. express	entered into multiple transactions with Fishermans Best N.V. Express	Hughes-Clark__0__1__The News Buoy	Positive	12	28	Entity.Organization.FishingCompany		hughes-clark	fisherman's best n.v. express	0	1
hughes-clark	Event.Transaction	ellis-hunter	entered into multiple transactions with Ellis-Hunter	Hughes-Clark__0__1__The News Buoy	Neutral	12	12	Entity.Organization.FishingCompany	Entity.Organization.Company	hughes-clark	ellis-hunter	0	0
hughes-clark	Event.Transaction	jackson, mendez and nguyen	entered into multiple transactions with Jackson, Mendez and Nguyen	Hughes-Clark__0__1__The News Buoy	Positive	12	26	Entity.Organization.FishingCompany	Entity.Organization.Company	hughes-clark	jackson, mendez and nguyen	0	0
jackson inc	Event.Aid	marine_sanctuary	donation of $2,000 to a local marine sanctuary on February 19, 2035	Jackson Inc__0__0__Haacklee Herald	Positive	11	16	Entity.Organization.FishingCompany		jackson inc	marine_sanctuary	0	1
jackson inc	Event.Fishing.Sustainablefishing	cod table region	actively engaged in sustainable fishing practices, particularly in the Cod Table region	Jackson Inc__0__0__Haacklee Herald	Positive	11	16	Entity.Organization.FishingCompany		jackson inc	cod table	0	7
jackson inc	Event.Transaction	cook plc	transaction on February 19, 2035	Jackson Inc__0__0__Haacklee Herald	Positive	11	8	Entity.Organization.FishingCompany	Entity.Organization.FishingCompany	jackson inc	cook plc	0	0
jackson inc	Event.Transaction	mann, myers and rivera	transaction on February 19, 2035	Jackson Inc__0__0__Haacklee Herald	Neutral	11	22	Entity.Organization.FishingCompany	Entity.Organization.FishingCompany	jackson inc	mann, myers and rivera	0	0
jackson inc	Event.Transaction	hughes-clark	transaction on February 19, 2035	Jackson Inc__0__0__Haacklee Herald	Positive	11	12	Entity.Organization.FishingCompany	Entity.Organization.FishingCompany	jackson inc	hughes-clark	0	0
jackson inc	Event.Transaction	vasquez, chaney and martinez	transaction on February 19, 2035	Jackson Inc__0__0__Haacklee Herald	Positive	11	28	Entity.Organization.FishingCompany	Entity.Organization.FishingCompany	jackson inc	vasquez, chaney and martinez	0	0
jackson inc	Event.Transaction	johnson-johnson	transaction on February 19, 2035	Jackson Inc__0__0__Haacklee Herald	Neutral	11	15	Entity.Organization.FishingCompany	Entity.Organization.Company	jackson inc	johnson-johnson	0	0
jackson inc	Event.Transaction	wong-harrell	transaction on February 19, 2035	Jackson Inc__0__0__Haacklee Herald	Positive	11	12	Entity.Organization.FishingCompany	Entity.Organization.Company	jackson inc	wong-harrell	0	0
jackson inc	Event.Invest	efficiency	continued investments in efficiency	Jackson Inc__0__0__Haacklee Herald	Neutral	11	10	Entity.Organization.FishingCompany	Entity.Commodity	jackson inc	efficiency	0	0
jackson inc	Event.Invest	safety	continued investments in safety measures	Jackson Inc__0__0__Haacklee Herald	Positive	11	6	Entity.Organization.FishingCompany	Entity.Commodity	jackson inc	safety	0	0
jackson inc	Event.Transaction	johnson-johnson	transaction on February 19, 2035	Jackson Inc__0__0__Haacklee Herald	Positive	11	15	Entity.Organization.FishingCompany	Entity.Organization.Company	jackson inc	johnson-johnson	0	0
jackson inc	Event.Transaction	wong-harrell	transaction on February 19, 2035	Jackson Inc__0__0__Haacklee Herald	Neutral	11	12	Entity.Organization.FishingCompany	Entity.Organization.Company	jackson inc	wong-harrell	0	0
jackson inc	Event.Aid	local marine sanctuary	has given $2000 to Local marine sanctuary as aid	Jackson Inc__0__0__Lomark Daily	Positive	12	22			jackson inc	marine_sanctuary	1	7
jackson inc	Event.Transaction	eaton-osborne	signed multiple transactions with reputed companies such as Eaton-Osborne, York-Castillo, and Fishermans Best N.V. Express	Jackson Inc__0__0__Lomark Daily	Positive	12	13			jackson inc	watson-gray	1	8
jackson inc	Event.Transaction	york-castillo	signed multiple transactions with reputed companies such as Eaton-Osborne, York-Castillo, and Fishermans Best N.V. Express	Jackson Inc__0__0__Lomark Daily	Neutral	12	13		Entity.Organization.FishingCompany	jackson inc	york-castillo	1	0
jackson inc	Event.Transaction	fisherman's best n.v. express	signed multiple transactions with reputed companies such as Eaton-Osborne, York-Castillo, and Fishermans Best N.V. Express	Jackson Inc__0__0__Lomark Daily	Positive	12	28			jackson inc	fisherman's best n.v. express	1	1
jackson inc	Event.Transaction	eaton-osborne	signed a transaction with Eaton-Osborne, a well-known Logistic Company, worth $10 million	Jackson Inc__0__0__Lomark Daily	Positive	12	13			jackson inc	watson-gray	1	8
jackson inc	Event.Invest	efficiency	invested in efficient sustainable nets, tracking systems	Jackson Inc__0__0__Lomark Daily	Neutral	12	10		Entity.Commodity	jackson inc	efficiency	1	0
jackson inc	Event.Transaction	eaton-osborne	signed a transaction with Eaton-Osborne, a well-known Logistic Company, worth $10 million	Jackson Inc__0__0__Lomark Daily	Positive	12	13			jackson inc	watson-gray	1	8
jackson inc	Event.Invest	tracking_system	invested $5 million in a tracking system	Jackson Inc__0__0__Lomark Daily	Positive	12	15		Entity.Commodity	jackson inc	tracking_system	1	0
jackson inc	Event.Aid	local marine sanctuary	given $2000 to Local marine sanctuary as aid	Jackson Inc__0__0__The News Buoy	Positive	11	22	Entity.Organization.FishingCompany		jackson inc	marine_sanctuary	0	7
jackson inc	Event.Transaction	eaton-osborne	signed multiple fishing transactions with reputed companies like Eaton-Osborne	Jackson Inc__0__0__The News Buoy	Neutral	11	13	Entity.Organization.FishingCompany		jackson inc	watson-gray	0	8
jackson inc	Event.Transaction	york-castillo fishing	signed multiple fishing transactions with reputed companies like York-Castillo fishing	Jackson Inc__0__0__The News Buoy	Positive	11	21	Entity.Organization.FishingCompany		jackson inc	york-castillo	0	8
jackson inc	Event.Transaction	payne group	transaction worth $500000 with Payne Group	Jackson Inc__0__0__The News Buoy	Positive	11	11	Entity.Organization.FishingCompany	Entity.Organization.Company	jackson inc	payne group	0	0
jackson inc	Event.Communication.Conference	nguyen, marsh and hall	conference with Nguyen, Marsh and Hall discussing the future of fishing and sustainable practices	Jackson Inc__0__0__The News Buoy	Positive	11	22	Entity.Organization.FishingCompany	Entity.Organization.Company	jackson inc	nguyen, marsh and hall	0	0
jackson inc	Event.Aid	marine_sanctuary	given $1000 to Marine Sanctuary as aid	Jackson Inc__0__0__The News Buoy	Neutral	11	16	Entity.Organization.FishingCompany		jackson inc	marine_sanctuary	0	1
jackson inc	Event.Invest	efficiency	investing in efficient sustainable nets	Jackson Inc__0__0__The News Buoy	Neutral	11	10	Entity.Organization.FishingCompany	Entity.Commodity	jackson inc	efficiency	0	0
jackson inc	Event.Invest	tracking_system	investing in tracking systems	Jackson Inc__0__0__The News Buoy	Positive	11	15	Entity.Organization.FishingCompany	Entity.Commodity	jackson inc	tracking_system	0	0
jackson inc	Event.Fishing	sustainable legal fishing	interested in sustainable legal fishing	Jackson Inc__0__0__The News Buoy	Neutral	11	25	Entity.Organization.FishingCompany		jackson inc	sustainable_nets	0	12
jones group	Event.Fishing.Sustainablefishing	jones group	Jones Group appears to be focusing on sustainable fishing practices. They invested in: Sustainable nets, Tracking system, Safety	Jones Group__0__0__Haacklee Herald	Positive	11	11	Entity.Organization.FishingCompany	Entity.Organization.FishingCompany	jones group	jones group	0	0
rechfish freight plc	Event.Certificateissued.Summons	rechfish freight plc	RechFish Freight Plc was repeatedly summoned for overfishing in Cod Table, Wrasse Beds, and Don Limpet Preserve (February, March, April, May 2035)	Jones Group__0__0__Haacklee Herald	Neutral	20	20	Entity.Organization.LogisticsCompany	Entity.Organization.LogisticsCompany	rechfish freight plc	rechfish freight plc	0	0
arawakfish cargo ges.m.b.h.	Event.Fishing.Overfishing	arawakfish cargo ges.m.b.h.	ArawakFish Cargo Ges.m.b.H. for overfishing in Tuna Shelf, Cod Table, Wrasse Beds, Nemo Reef, and Ghoti Preserve (February, March, April 2035)	Jones Group__0__0__Haacklee Herald	Neutral	27	27	Entity.Organization.Company	Entity.Organization.Company	arawakfish cargo ges.m.b.h.	arawakfish cargo ges.m.b.h.	0	0
dry creekrybachit marine a/s	Event.Fishing.Overfishing	dry creekrybachit marine a/s	Dry CreekRybachit Marine A/S for overfishing in Wrasse Beds (March, July 2035)	Jones Group__0__0__Haacklee Herald	Neutral	28	28	Entity.Organization.FishingCompany	Entity.Organization.FishingCompany	dry creekrybachit marine a/s	dry creekrybachit marine a/s	0	0
baringoamerica marine ges.m.b.h.	Event.Fishing.Overfishing	baringoamerica marine ges.m.b.h.	BaringoAmerica Marine Ges.m.b.H. for overfishing in Cod Table and Tuna Shelf (May 2035)	Jones Group__0__0__Haacklee Herald	Neutral	32	32	Entity.Organization.FishingCompany	Entity.Organization.FishingCompany	baringoamerica marine ges.m.b.h.	baringoamerica marine ges.m.b.h.	0	0
dry creekworldlogistics ltd.	Event.Fishing.Overfishing	dry creekworldlogistics ltd.	Dry CreekWorldLogistics Ltd., a logistics company licensed to fish only in the Wrasse Beds, has been repeatedly cited and criticized by environmental groups for exceeding their quota	Jones Group__0__0__Haacklee Herald	Positive	28	28			dry creekworldlogistics ltd. liability co	dry creekworldlogistics ltd. liability co	13	13
kambalasea freight inc	Event.Certificateissued.Summons	kambalasea freight inc	KambalaSea Freight Inc. was accused of overfishing in Cod Table on February 7, They were subsequently summoned by the City of Paackland and the City of South Paackland and criticized by the Marine Sentinels Initiative	Jones Group__0__0__Haacklee Herald	Positive	23	23			kambalasea freight inc	kambalasea freight inc	1	1
kisumuseafoodbrothers ltd	Event.Certificateissued.Summons	kisumuseafoodbrothers ltd	KisumuSeafoodBrothers Ltd., a company licensed to fish in	Jones Group__0__0__Haacklee Herald	Positive	26	26			kisumuseafoodbrothers ltd	kisumuseafoodbrothers ltd	1	1
oceanus guardians alliance	Event.Criticize	rechfish freight plc	accused of overfishing in the Cod Table and Wrasse Beds on multiple occasions from February to May 2035	Jones Group__0__0__Lomark Daily	Positive	26	20		Entity.Organization.LogisticsCompany	phelps, brown and wallace	rechfish freight plc	16	0
coral reef protection coalition	Event.Criticize	rechfish freight plc	accused of overfishing in the Cod Table and Wrasse Beds on multiple occasions from February to May 2035	Jones Group__0__0__Lomark Daily	Positive	31	20		Entity.Organization.LogisticsCompany	clarke, scott and sloan	rechfish freight plc	20	0
city of paackland	Event.Certificateissued.Summons	rechfish freight plc	accused of overfishing in the Cod Table and Wrasse Beds on multiple occasions from February to May 2035	Jones Group__0__0__Lomark Daily	Positive	17	20	Entity.Organization.GovernmentOrg	Entity.Organization.LogisticsCompany	city of paackland	rechfish freight plc	0	0
city of lomark	Event.Certificateissued.Summons	rechfish freight plc	accused of overfishing in the Cod Table and Wrasse Beds on multiple occasions from February to May 2035	Jones Group__0__0__Lomark Daily	Positive	14	20	Entity.Organization.GovernmentOrg	Entity.Organization.LogisticsCompany	city of lomark	rechfish freight plc	0	0
marine sentinels initiative	Event.Criticize	arawakfish cargo ges.m.b.h.	cited for overfishing in the Cod Table, Tuna Shelf, and Ghoti Preserve from February to April 2035	Jones Group__0__0__Lomark Daily	Positive	27	27		Entity.Organization.Company	mann, myers and rivera	arawakfish cargo ges.m.b.h.	18	0
city of south paackland	Event.Certificateissued.Summons	arawakfish cargo ges.m.b.h.	cited for overfishing in the Cod Table, Tuna Shelf, and Ghoti Preserve from February to April 2035	Jones Group__0__0__Lomark Daily	Positive	23	27	Entity.Organization.GovernmentOrg	Entity.Organization.Company	city of south paackland	arawakfish cargo ges.m.b.h.	0	0
city of paackland	Event.Certificateissued.Summons	arawakfish cargo ges.m.b.h.	cited for overfishing in the Cod Table, Tuna Shelf, and Ghoti Preserve from February to April 2035	Jones Group__0__0__Lomark Daily	Neutral	17	27	Entity.Organization.GovernmentOrg	Entity.Organization.Company	city of paackland	arawakfish cargo ges.m.b.h.	0	0
jones group	Event.Invest	jones group	recently invested in sustainable fishing nets and tracking systems in May and June	Jones Group__0__0__Lomark Daily	Neutral	11	11	Entity.Organization.FishingCompany	Entity.Organization.FishingCompany	jones group	jones group	0	0
jones group	Event.Transaction	barnett ltd	recent transactions with various entities, including Barnett Ltd	Jones Group__0__0__The News Buoy	Neutral	11	11	Entity.Organization.FishingCompany	Entity.Organization.FishingCompany	jones group	barnett ltd	0	0
jones group	Event.Transaction	willis, vasquez and goodwin	recent transactions with various entities, including Willis, Vasquez, and Goodwin	Jones Group__0__0__The News Buoy	Positive	11	28	Entity.Organization.FishingCompany		jones group	willis, vasquez and goodwin	0	1
jones group	Event.Certificateissued	city of himark	received certificates from the City Of Himark, granting permission to fish in Wrasse Beds	Jones Group__0__0__The News Buoy	Positive	11	14	Entity.Organization.FishingCompany		jones group	frey inc	0	11
jones group	Event.Certificateissued	city of lomark	received certificates from the City Of Lomark, granting permission to fish in Wrasse Beds	Jones Group__0__0__The News Buoy	Positive	11	14	Entity.Organization.FishingCompany		jones group	hughes-clark	0	10
jones group	Event.Transaction	clements, allen and sullivan	subsequent transactions on June 16	Jones Group__0__0__The News Buoy	Positive	11	28	Entity.Organization.FishingCompany	Entity.Organization.FishingCompany	jones group	clements, allen and sullivan	0	0
jones group	Event.Transaction	barnett ltd	subsequent transactions on June 16	Jones Group__0__0__The News Buoy	Positive	11	11	Entity.Organization.FishingCompany	Entity.Organization.FishingCompany	jones group	barnett ltd	0	0
jones group	Event.Transaction	willis, vasquez and goodwin	subsequent transactions on June 16	Jones Group__0__0__The News Buoy	Positive	11	28	Entity.Organization.FishingCompany		jones group	willis, vasquez and goodwin	0	1
jones group	Event.Transaction	brown, clarke and martinez	transactions on July 25	Jones Group__0__0__The News Buoy	Positive	11	27	Entity.Organization.FishingCompany		jones group	brown, clarke and martinez	0	1
jones group	Event.Transaction	floyd-cantu	transactions on July 25	Jones Group__0__0__The News Buoy	Positive	11	11	Entity.Organization.FishingCompany	Entity.Organization.FishingCompany	jones group	floyd-cantu	0	0
jones group	Event.Transaction	mcgee and sons	transactions on July 25	Jones Group__0__0__The News Buoy	Positive	11	14	Entity.Organization.FishingCompany	Entity.Organization.FishingCompany	jones group	mcgee and sons	0	0
dry creekworldlogistics ltd. liability co	Event.Fishing.Overfishing	city of lomark	accused of overfishing in Wrasse Beds area and issued summons	Jones Group__0__1__Haacklee Herald	Positive	41	14	Entity.Organization.LogisticsCompany		dry creekworldlogistics ltd. liability co	hughes-clark	0	10
dry creekworldlogistics ltd. liability co	Event.Fishing.Overfishing	city of himark	accused of overfishing in Wrasse Beds area and issued summons	Jones Group__0__1__Haacklee Herald	Positive	41	14	Entity.Organization.LogisticsCompany		dry creekworldlogistics ltd. liability co	frey inc	0	11
dry creekworldlogistics ltd. liability co	Event.Criticize	seawatch conservation society	criticized the company for not following sustainable and environment friendly fishing practices	Jones Group__0__1__Haacklee Herald	Neutral	41	29	Entity.Organization.LogisticsCompany	Entity.Organization.NGO	dry creekworldlogistics ltd. liability co	seawatch conservation society	0	0
dry creekworldlogistics ltd. liability co	Event.Aid	local marine sanctuary	given $2000 as aid in March 2035	Jones Group__0__1__Haacklee Herald	Neutral	41	22	Entity.Organization.LogisticsCompany		dry creekworldlogistics ltd. liability co	marine_sanctuary	0	7
dry creekworldlogistics ltd.	Event.Fishing.Overfishing	coral reef protection coalition	Dry CreekWorldLogistics Ltd. is facing criticism from environmental groups for allegedly overfishing in unauthorized areas.	Jones Group__0__1__Lomark Daily	Neutral	28	31		Entity.Organization.NGO	dry creekworldlogistics ltd. liability co	coral reef protection coalition	13	0
dry creekworldlogistics ltd.	Event.Fishing.Overfishing	oceanus guardians alliance	Dry CreekWorldLogistics Ltd. faces criticism from the Oceanus Guardians Alliance for fishing in the Ghoti Preserve, an unauthorized area.	Jones Group__0__1__Lomark Daily	Positive	28	26		Entity.Organization.NGO	dry creekworldlogistics ltd. liability co	oceanus guardians alliance	13	0
dry creekworldlogistics ltd.	Event.Fishing.Overfishing	city of lomark	Dry CreekWorldLogistics Ltd. was cited by the City of Lomark for overfishing in March 2035.	Jones Group__0__1__Lomark Daily	Neutral	28	14			dry creekworldlogistics ltd. liability co	hughes-clark	13	10
dry creekworldlogistics ltd.	Event.Fishing.Overfishing	city of himark	Dry CreekWorldLogistics Ltd. was cited by the City of Himark for overfishing in March 2035.	Jones Group__0__1__Lomark Daily	Positive	28	14			dry creekworldlogistics ltd. liability co	frey inc	13	11
dry creekworldlogistics ltd.	Event.Fishing.Overfishing	city of himark	Dry CreekWorldLogistics Ltd. was cited for overfishing in the Wrasse Beds in May 2035.	Jones Group__0__1__Lomark Daily	Neutral	28	14			dry creekworldlogistics ltd. liability co	frey inc	13	11
dry creekworldlogistics ltd.	Event.Fishing.Overfishing	oceanus guardians alliance	Dry CreekWorldLogistics Ltd. was criticized by the Oceanus Guardians Alliance for overfishing in the Ghoti Preserve in May 2035.	Jones Group__0__1__Lomark Daily	Positive	28	26		Entity.Organization.NGO	dry creekworldlogistics ltd. liability co	oceanus guardians alliance	13	0
kambalasea freight inc	Event.Fishing.Overfishing	city of paackland	KambalaSea Freight Inc. was cited by the City of Paackland for overfishing in April 2035.	Jones Group__0__1__Lomark Daily	Positive	23	17			kambalasea freight inc	cook plc	1	12
kambalasea freight inc	Event.Fishing.Overfishing	city of south paackland	KambalaSea Freight Inc. was cited by the City of South Paackland for overfishing in April 2035.	Jones Group__0__1__Lomark Daily	Positive	23	23			kambalasea freight inc	thompson-padilla	1	15
kambalasea freight inc	Event.Fishing.Overfishing	oceanus guardians alliance	KambalaSea Freight Inc. was criticized by the Oceanus Guardians Alliance for overfishing in April 2035.	Jones Group__0__1__Lomark Daily	Neutral	23	26		Entity.Organization.NGO	kambalasea freight inc	oceanus guardians alliance	1	0
dry creekworldlogistics ltd. liability co	Event.Fishing.Overfishing	seawatch conservation society	was cited for overfishing in the Wrasse Beds	Jones Group__0__1__The News Buoy	Positive	42	29		Entity.Organization.NGO	dry creekworldlogistics ltd. liability co	seawatch conservation society	1	0
dry creekworldlogistics ltd. liability co	Event.Fishing.Overfishing	seawatch conservation society	was again caught overfishing in the Wrasse Beds, and additionally cited for illegal fishing in the Don Limpet Preserve and the Ghoti Preserve	Jones Group__0__1__The News Buoy	Positive	42	29		Entity.Organization.NGO	dry creekworldlogistics ltd. liability co	seawatch conservation society	1	0
dry creekworldlogistics ltd. liability co	Event.Certificateissued.Summons	city of lomark	issued summonses to Dry CreekWorldLogistics	Jones Group__0__1__The News Buoy	Positive	42	14			dry creekworldlogistics ltd. liability co	hughes-clark	1	10
dry creekworldlogistics ltd. liability co	Event.Certificateissued.Summons	city of himark	issued summonses to Dry CreekWorldLogistics	Jones Group__0__1__The News Buoy	Positive	42	14			dry creekworldlogistics ltd. liability co	frey inc	1	11
dry creekworldlogistics ltd. liability co	Event.Criticize	oceanus guardians alliance	joined SeaWatch in criticizing Dry CreekWorldLogistics	Jones Group__0__1__The News Buoy	Neutral	42	26		Entity.Organization.NGO	dry creekworldlogistics ltd. liability co	oceanus guardians alliance	1	0
dry creekworldlogistics ltd. liability co	Event.Criticize	seawatch conservation society	This is a blatant disregard for the law and for the health of our marine ecosystems	Jones Group__0__1__The News Buoy	Neutral	42	29		Entity.Organization.NGO	dry creekworldlogistics ltd. liability co	seawatch conservation society	1	0
kambalasea freight inc	Event.Fishing.Overfishing	marine sentinels initiative	criticized their practices	Jones Group__0__1__The News Buoy	Positive	23	27		Entity.Organization.NGO	kambalasea freight inc	marine sentinels initiative	1	0
city of centralia	Event.Certificateissued	jones, davis and grant	sustainable practices in the Cod Table and Tuna Shelf regions	Jones, Davis and Grant__0__0__Haacklee Herald	Neutral	17	22	Entity.Organization.GovernmentOrg	Entity.Organization.FishingCompany	city of centralia	jones, davis and grant	0	0
city of south paackland	Event.Certificateissued	jones, davis and grant	sustainable practices in the Cod Table and Tuna Shelf regions	Jones, Davis and Grant__0__0__Haacklee Herald	Positive	23	22	Entity.Organization.GovernmentOrg	Entity.Organization.FishingCompany	city of south paackland	jones, davis and grant	0	0
jones, davis and grant	Event.Transaction	cisneros-meyer	engaged in multiple transactions	Jones, Davis and Grant__0__0__Haacklee Herald	Neutral	22	14	Entity.Organization.FishingCompany	Entity.Organization.FishingCompany	jones, davis and grant	cisneros-meyer	0	0
jones, davis and grant	Event.Transaction	cuevas plc	engaged in multiple transactions	Jones, Davis and Grant__0__0__Haacklee Herald	Positive	22	10	Entity.Organization.FishingCompany	Entity.Organization.FishingCompany	jones, davis and grant	cuevas plc	0	0
jones, davis and grant	Event.Invest	safety	further invested in safety	Jones, Davis and Grant__0__0__Haacklee Herald	Positive	22	6	Entity.Organization.FishingCompany	Entity.Commodity	jones, davis and grant	safety	0	0
jones, davis and grant	Event.Invest	efficiency	further invested in efficiency commodities	Jones, Davis and Grant__0__0__Haacklee Herald	Neutral	22	10	Entity.Organization.FishingCompany	Entity.Commodity	jones, davis and grant	efficiency	0	0
jones, davis and grant	Event.Aid	marine_sanctuary	ongoing support for marine sanctuaries with a significant donation	Jones, Davis and Grant__0__0__Haacklee Herald	Positive	22	16	Entity.Organization.FishingCompany		jones, davis and grant	marine_sanctuary	0	1
jones, davis and grant	Event.Invest	sustainable_nets	continued to invest in sustainable nets	Jones, Davis and Grant__0__0__Haacklee Herald	Neutral	22	16	Entity.Organization.FishingCompany	Entity.Commodity	jones, davis and grant	sustainable_nets	0	0
jones, davis and grant	Event.Invest	tracking_system	continued to invest in tracking systems	Jones, Davis and Grant__0__0__Haacklee Herald	Neutral	22	15	Entity.Organization.FishingCompany	Entity.Commodity	jones, davis and grant	tracking_system	0	0
jones, davis and grant	Event.Invest	tracking_system	continued to invest in tracking systems	Jones, Davis and Grant__0__0__Lomark Daily	Positive	22	15	Entity.Organization.FishingCompany	Entity.Commodity	jones, davis and grant	tracking_system	0	0
jones, davis and grant	Event.Invest	tracking_system	continued to invest in tracking systems	Jones, Davis and Grant__0__0__Lomark Daily	Positive	22	15	Entity.Organization.FishingCompany	Entity.Commodity	jones, davis and grant	tracking_system	0	0
jones, davis and grant	Event.Invest	efficiency	The companys latest initiatives include substantial investments in commodity efficiency and the deployment of advanced tracking systems, aimed at improving sustainable fishing methods.	Jones, Davis and Grant__0__0__Lomark Daily	Neutral	22	10	Entity.Organization.FishingCompany	Entity.Commodity	jones, davis and grant	efficiency	0	0
jones, davis and grant	Event.Transaction	allen-weiss	Jones, Davis and Grant have been actively expanding their business network through strategic transactions with respected entities like Allen-Weiss.	Jones, Davis and Grant__0__0__Lomark Daily	Neutral	22	11	Entity.Organization.FishingCompany	Entity.Organization.Company	jones, davis and grant	allen-weiss	0	0
jones, davis and grant	Event.Transaction	cain, simpson and hernandez	Jones, Davis and Grant have been actively expanding their business network through strategic transactions with respected entities like Cain, Simpson and Hernandez.	Jones, Davis and Grant__0__0__Lomark Daily	Neutral	22	27	Entity.Organization.FishingCompany	Entity.Organization.FishingCompany	jones, davis and grant	cain, simpson and hernandez	0	0
jones, davis and grant	Event.Transaction	cooper, holland and nelson	Jones, Davis and Grant have been actively expanding their business network through strategic transactions with respected entities like Cooper, Holland and Nelson.	Jones, Davis and Grant__0__0__Lomark Daily	Positive	22	26	Entity.Organization.FishingCompany	Entity.Organization.FishingCompany	jones, davis and grant	cooper, holland and nelson	0	0
jones, davis and grant	Event.Communication.Conference	cisneros-meyer	They also engaged in several industry conferences alongside partners such as Cisneros-Meyer and Cuevas PLC, focusing on discussions about the future of fishing technology and sustainability.	Jones, Davis and Grant__0__0__Lomark Daily	Positive	22	14	Entity.Organization.FishingCompany	Entity.Organization.FishingCompany	jones, davis and grant	cisneros-meyer	0	0
jones, davis and grant	Event.Communication.Conference	cuevas plc	They also engaged in several industry conferences alongside partners such as Cisneros-Meyer and Cuevas PLC, focusing on discussions about the future of fishing technology and sustainability.	Jones, Davis and Grant__0__0__Lomark Daily	Positive	22	10	Entity.Organization.FishingCompany	Entity.Organization.FishingCompany	jones, davis and grant	cuevas plc	0	0
jones, davis and grant	Event.Communication.Conference	cuevas plc	They also engaged in several industry conferences alongside partners such as Cisneros-Meyer and Cuevas PLC, focusing on discussions about the future of fishing technology and sustainability.	Jones, Davis and Grant__0__0__Lomark Daily	Positive	22	10	Entity.Organization.FishingCompany	Entity.Organization.FishingCompany	jones, davis and grant	cuevas plc	0	0
jones, davis and grant	Event.Invest	efficiency	significant investments in the fishing industry, particularly in enhancing efficiency and safety measures	Jones, Davis and Grant__0__0__The News Buoy	Positive	22	10	Entity.Organization.FishingCompany	Entity.Commodity	jones, davis and grant	efficiency	0	0
jones, davis and grant	Event.Transaction	murray, friedman and wall	engaged in several transactions with reputable companies	Jones, Davis and Grant__0__0__The News Buoy	Positive	22	25	Entity.Organization.FishingCompany	Entity.Organization.FishingCompany	jones, davis and grant	murray, friedman and wall	0	0
jones, davis and grant	Event.Transaction	clements, allen and sullivan	engaged in several transactions with reputable companies	Jones, Davis and Grant__0__0__The News Buoy	Positive	22	28	Entity.Organization.FishingCompany	Entity.Organization.FishingCompany	jones, davis and grant	clements, allen and sullivan	0	0
jones, davis and grant	Event.Transaction	ellis-hunter	engaged in several transactions with reputable companies	Jones, Davis and Grant__0__0__The News Buoy	Neutral	22	12	Entity.Organization.FishingCompany	Entity.Organization.Company	jones, davis and grant	ellis-hunter	0	0
jones, davis and grant	Event.Transaction	craig ltd	Recent conferences attended by Jones, Davis and Grant	Jones, Davis and Grant__0__0__The News Buoy	Positive	22	9	Entity.Organization.FishingCompany	Entity.Organization.FishingCompany	jones, davis and grant	craig ltd	0	0
jones, davis and grant	Event.Transaction	serrano-cruz	Recent conferences attended by Jones, Davis and Grant	Jones, Davis and Grant__0__0__The News Buoy	Positive	22	12	Entity.Organization.FishingCompany	Entity.Organization.FishingCompany	jones, davis and grant	serrano-cruz	0	0
jones, davis and grant	Event.Transaction	conrad ltd	invested in safety measures	Jones, Davis and Grant__0__0__The News Buoy	Neutral	22	10	Entity.Organization.FishingCompany	Entity.Organization.FishingCompany	jones, davis and grant	conrad ltd	0	0
jones, davis and grant	Event.Transaction	ross-curtis	invested in safety measures	Jones, Davis and Grant__0__0__The News Buoy	Positive	22	11	Entity.Organization.FishingCompany	Entity.Organization.Company	jones, davis and grant	ross-curtis	0	0
jones, davis and grant	Event.Transaction	hernandez, levy and hanson	invested in safety measures	Jones, Davis and Grant__0__0__The News Buoy	Negative	22	26	Entity.Organization.FishingCompany	Entity.Organization.Company	jones, davis and grant	hernandez, levy and hanson	0	0
city of himark	Event.Certificateissued	kelly-smith	permissions to operate in the Wrasse Beds	Kelly-Smith__0__0__Haacklee Herald	Negative	14	11	Entity.Organization.GovernmentOrg	Entity.Organization.FishingCompany	city of himark	kelly-smith	0	0
city of lomark	Event.Certificateissued	kelly-smith	permissions to operate in the Wrasse Beds	Kelly-Smith__0__0__Haacklee Herald	Negative	14	11	Entity.Organization.GovernmentOrg	Entity.Organization.FishingCompany	city of lomark	kelly-smith	0	0
kelly-smith	Event.Invest	efficiency	investments in sustainable nets and tracking systems	Kelly-Smith__0__0__Haacklee Herald	Negative	11	10	Entity.Organization.FishingCompany	Entity.Commodity	kelly-smith	efficiency	0	0
kelly-smith	Event.Aid	marine_sanctuary	aiding marine sanctuaries	Kelly-Smith__0__0__Haacklee Herald	Positive	11	16	Entity.Organization.FishingCompany		kelly-smith	marine_sanctuary	0	1
kelly-smith	Event.Transaction	alvarez plc	collaborations	Kelly-Smith__0__0__Haacklee Herald	Positive	11	11	Entity.Organization.FishingCompany	Entity.Organization.FishingCompany	kelly-smith	alvarez plc	0	0
kelly-smith	Event.Transaction	evans-burns	collaborations	Kelly-Smith__0__0__Haacklee Herald	Positive	11	11	Entity.Organization.FishingCompany	Entity.Organization.Company	kelly-smith	evans-burns	0	0
kelly-smith	Event.Transaction	willis, vasquez and goodwin	collaborations	Kelly-Smith__0__0__Haacklee Herald	Negative	11	28	Entity.Organization.FishingCompany		kelly-smith	willis, vasquez and goodwin	0	1
kelly-smith	Event.Communication.Conference	clarke, scott and sloan	engagements at conferences	Kelly-Smith__0__0__Haacklee Herald	Negative	11	23	Entity.Organization.FishingCompany	Entity.Organization.FishingCompany	kelly-smith	clarke, scott and sloan	0	0
kelly-smith	Event.Communication.Conference	wu-hart	engagements at conferences	Kelly-Smith__0__0__Haacklee Herald	Negative	11	7	Entity.Organization.FishingCompany	Entity.Organization.FishingCompany	kelly-smith	wu-hart	0	0
kelly-smith	Event.Fishing.Sustainablefishing	himark and lomark local governments	significantly increased its engagement in sustainable fishing practices, particularly in the Wrasse Beds, earning recognition and certifications from local governments in Himark and Lomark as of February 2, 2035	Kelly-Smith__0__0__Lomark Daily	Negative	11	35	Entity.Organization.FishingCompany		kelly-smith	sparmans marine carriers oyj	0	23
kelly-smith	Event.Invest	advanced tracking systems and sustainable nets	$10000 investment in advanced tracking systems and sustainable nets, marking a major step in its strategy to minimize the ecological impact of its fishing operations	Kelly-Smith__0__0__Lomark Daily	Negative	11	46	Entity.Organization.FishingCompany		kelly-smith	sustainable_nets	0	31
kelly-smith	Event.Transaction	jefferson inc and evans-burns	significant dealings with established firms like Jefferson Inc and Evans-Burns, reinforcing its reputation for reliability and ethical business practices	Kelly-Smith__0__0__Lomark Daily	Negative	11	29	Entity.Organization.FishingCompany		kelly-smith	jefferson inc	0	16
kelly-smith	Event.Aid	marine sanctuaries	aiding marine sanctuaries repeatedly throughout the year, with a significant contribution noted on March 26, 2035	Kelly-Smith__0__0__Lomark Daily	Negative	11	18	Entity.Organization.FishingCompany		kelly-smith	marine_sanctuary	0	4
kelly-smith	Event.Communication.Conference	industry leaders	actively participated in several high-profile industry conferences, collaborating with other industry leaders to forge paths forward in sustainability	Kelly-Smith__0__0__Lomark Daily	Negative	11	16	Entity.Organization.FishingCompany		kelly-smith	sustainable_nets	0	11
kelly-smith	Event.Aid	marine_sanctuary	made a notable contribution of $2,000 to a local marine sanctuary	Kelly-Smith__0__0__The News Buoy	Negative	11	16	Entity.Organization.FishingCompany		kelly-smith	marine_sanctuary	0	1
kelly-smith	Event.Invest	efficiency	invested in technologies such as sustainable nets and tracking systems	Kelly-Smith__0__0__The News Buoy	Negative	11	10	Entity.Organization.FishingCompany	Entity.Commodity	kelly-smith	efficiency	0	0
kelly-smith	Event.Transaction	arellano group	collaborations with companies like Arellano Group	Kelly-Smith__0__0__The News Buoy	Positive	11	14	Entity.Organization.FishingCompany	Entity.Organization.FishingCompany	kelly-smith	arellano group	0	0
kelly-smith	Event.Transaction	castillo-elliott	collaborations with companies like Castillo-Elliott	Kelly-Smith__0__0__The News Buoy	Neutral	11	16	Entity.Organization.FishingCompany	Entity.Organization.FishingCompany	kelly-smith	castillo-elliott	0	0
kelly-smith	Event.Transaction	olson and sons	collaborations with companies like Olson and Sons	Kelly-Smith__0__0__The News Buoy	Neutral	11	14	Entity.Organization.FishingCompany	Entity.Organization.Company	kelly-smith	olson and sons	0	0
kelly-smith	Event.Fishing.Sustainablefishing	wrasse beds	actively pursued sustainable fishing practices	Kelly-Smith__0__0__The News Buoy	Positive	11	11	Entity.Organization.FishingCompany	Entity.Location.Region	kelly-smith	wrasse beds	0	0
kelly-smith	Event.Invest	efficiency	investments in efficiency and safety measures	Kelly-Smith__0__0__The News Buoy	Positive	11	10	Entity.Organization.FishingCompany	Entity.Commodity	kelly-smith	efficiency	0	0
kelly-smith	Event.Invest	safety	investments in efficiency and safety measures	Kelly-Smith__0__0__The News Buoy	Negative	11	6	Entity.Organization.FishingCompany	Entity.Commodity	kelly-smith	safety	0	0
kelly-smith	Event.Transaction	arellano group	collaborations with companies like Arellano Group	Kelly-Smith__0__0__The News Buoy	Positive	11	14	Entity.Organization.FishingCompany	Entity.Organization.FishingCompany	kelly-smith	arellano group	0	0
kelly-smith	Event.Transaction	castillo-elliott	collaborations with companies like Castillo-Elliott	Kelly-Smith__0__0__The News Buoy	Negative	11	16	Entity.Organization.FishingCompany	Entity.Organization.FishingCompany	kelly-smith	castillo-elliott	0	0
kelly-smith	Event.Transaction	olson and sons	collaborations with companies like Olson and Sons	Kelly-Smith__0__0__The News Buoy	Negative	11	14	Entity.Organization.FishingCompany	Entity.Organization.Company	kelly-smith	olson and sons	0	0
kelly-smith	Event.Invest	efficiency	continued investments in efficiency and safety technologies	Kelly-Smith__0__0__The News Buoy	Positive	11	10	Entity.Organization.FishingCompany	Entity.Commodity	kelly-smith	efficiency	0	0
kelly-smith	Event.Invest	safety	continued investments in efficiency and safety technologies	Kelly-Smith__0__0__The News Buoy	Positive	11	6	Entity.Organization.FishingCompany	Entity.Commodity	kelly-smith	safety	0	0
city of port grove	Event.Applaud	klein llc	applauded by the City of Port Grove and Paackland for their commitment to sustainable fishing in the Cod Table	Klein LLC__0__0__Haacklee Herald	Negative	18	9	Entity.Organization.GovernmentOrg	Entity.Organization.FishingCompany	city of port grove	klein llc	0	0
paackland	Event.Applaud	klein llc	applauded by the City of Port Grove and Paackland for their commitment to sustainable fishing in the Cod Table	Klein LLC__0__0__Haacklee Herald	Neutral	9	9		Entity.Organization.FishingCompany	craig ltd	klein llc	7	0
klein llc	Event.Invest	safety	investing in commodity safety and tracking systems on February 26th	Klein LLC__0__0__Haacklee Herald	Neutral	9	6	Entity.Organization.FishingCompany	Entity.Commodity	klein llc	safety	0	0
klein llc	Event.Transaction	phillips-newton	made several transactions with Phillips-Newton, Rhodes-Thompson, and Conrad Ltd on February 3rd	Klein LLC__0__0__Haacklee Herald	Positive	9	15	Entity.Organization.FishingCompany	Entity.Organization.FishingCompany	klein llc	phillips-newton	0	0
klein llc	Event.Transaction	rhodes-thompson	made several transactions with Phillips-Newton, Rhodes-Thompson, and Conrad Ltd on February 3rd	Klein LLC__0__0__Haacklee Herald	Positive	9	15	Entity.Organization.FishingCompany	Entity.Organization.FishingCompany	klein llc	rhodes-thompson	0	0
klein llc	Event.Transaction	conrad ltd	made several transactions with Phillips-Newton, Rhodes-Thompson, and Conrad Ltd on February 3rd	Klein LLC__0__0__Haacklee Herald	Positive	9	10	Entity.Organization.FishingCompany	Entity.Organization.FishingCompany	klein llc	conrad ltd	0	0
klein llc	Event.Invest	tracking_system	investing in tracking systems and sustainable nets on February 3rd	Klein LLC__0__0__Haacklee Herald	Neutral	9	15	Entity.Organization.FishingCompany	Entity.Commodity	klein llc	tracking_system	0	0
klein llc	Event.Invest	sustainable_nets	investing in tracking systems and sustainable nets on February 3rd	Klein LLC__0__0__Haacklee Herald	Neutral	9	16	Entity.Organization.FishingCompany	Entity.Commodity	klein llc	sustainable_nets	0	0
klein llc	Event.Fishing	cod table	fishing sustainably in the Cod Table on multiple dates throughout February, March, May, and July	Klein LLC__0__0__Haacklee Herald	Positive	9	9	Entity.Organization.FishingCompany	Entity.Location.Region	klein llc	cod table	0	0
klein llc	Event.Transaction	maldonado, sanchez and jones	conducting numerous transactions with Maldonado, Sanchez and Jones, Wong-Harrell, Jackson, Mendez and Nguyen, and Bates-Anderson amongst others	Klein LLC__0__0__Haacklee Herald	Neutral	9	28	Entity.Organization.FishingCompany	Entity.Organization.Company	klein llc	maldonado, sanchez and jones	0	0
klein llc	Event.Transaction	wong-harrell	conducting numerous transactions with Maldonado, Sanchez and Jones, Wong-Harrell, Jackson, Mendez and Nguyen, and Bates-Anderson amongst others	Klein LLC__0__0__Haacklee Herald	Positive	9	12	Entity.Organization.FishingCompany	Entity.Organization.Company	klein llc	wong-harrell	0	0
klein llc	Event.Transaction	jackson, mendez and nguyen	conducting numerous transactions with Maldonado, Sanchez and Jones, Wong-Harrell, Jackson, Mendez and Nguyen, and Bates-Anderson amongst others	Klein LLC__0__0__Haacklee Herald	Positive	9	26	Entity.Organization.FishingCompany	Entity.Organization.Company	klein llc	jackson, mendez and nguyen	0	0
klein llc	Event.Transaction	bates		Klein LLC__0__0__Haacklee Herald	Positive	9	5	Entity.Organization.FishingCompany		klein llc	safety	0	4
klein llc	Event.Transaction	hernandez-rojas	several transactions initiated on February 3, 2035	Klein LLC__0__0__Lomark Daily	Positive	9	15	Entity.Organization.FishingCompany	Entity.Organization.FishingCompany	klein llc	hernandez-rojas	0	0
klein llc	Event.Transaction	horn and sons	several transactions initiated on February 3, 2035	Klein LLC__0__0__Lomark Daily	Negative	9	13	Entity.Organization.FishingCompany	Entity.Organization.FishingCompany	klein llc	horn and sons	0	0
klein llc	Event.Transaction	nguyen, marsh and hall	several transactions initiated on February 3, 2035	Klein LLC__0__0__Lomark Daily	Negative	9	22	Entity.Organization.FishingCompany	Entity.Organization.Company	klein llc	nguyen, marsh and hall	0	0
klein llc	Event.Certificateissued	city of port grove	certificate secured to operate in the Cod Table region	Klein LLC__0__0__Lomark Daily	Positive	9	18	Entity.Organization.FishingCompany		klein llc	montoya group	0	12
klein llc	Event.Certificateissued	city of paackland	certificate secured to operate in the Cod Table region	Klein LLC__0__0__Lomark Daily	Positive	9	17	Entity.Organization.FishingCompany		klein llc	cook plc	0	12
klein llc	Event.Fishing	cod table	subsequent fishing expeditions	Klein LLC__0__0__Lomark Daily	Positive	9	9	Entity.Organization.FishingCompany	Entity.Location.Region	klein llc	cod table	0	0
klein llc	Event.Invest	safety equipment	investments made in safety equipment	Klein LLC__0__0__Lomark Daily	Positive	9	16	Entity.Organization.FishingCompany		klein llc	safety	0	10
klein llc	Event.Invest	efficiency enhancements	investments made in efficiency enhancements	Klein LLC__0__0__Lomark Daily	Negative	9	23	Entity.Organization.FishingCompany		klein llc	efficiency	0	13
klein llc	Event.Invest	sustainable fishing practices	investments made in sustainable fishing practices	Klein LLC__0__0__Lomark Daily	Negative	9	29	Entity.Organization.FishingCompany		klein llc	sustainable_nets	0	15
klein llc	Event.Transaction	maddox group	notable transactions involving Maddox Group	Klein LLC__0__0__Lomark Daily	Positive	9	12	Entity.Organization.FishingCompany	Entity.Organization.Company	klein llc	maddox group	0	0
klein llc	Event.Transaction	patterson, moreno and jensen	notable transactions involving Patterson, Moreno and Jensen	Klein LLC__0__0__Lomark Daily	Positive	9	28	Entity.Organization.FishingCompany	Entity.Organization.Company	klein llc	patterson, moreno and jensen	0	0
klein llc	Event.Transaction	lake victoria catch gmbh	notable transactions involving Lake Victoria Catch GmbH	Klein LLC__0__0__Lomark Daily	Positive	9	24	Entity.Organization.FishingCompany	Entity.Organization.FishingCompany	klein llc	lake victoria catch gmbh	0	0
klein llc	Event.Invest	sustainable_nets	investment in sustainable nets	Klein LLC__0__0__Lomark Daily	Negative	9	16	Entity.Organization.FishingCompany		klein llc	sustainable_nets	0	1
klein llc	Event.Invest	tracking systems	investment in tracking systems	Klein LLC__0__0__Lomark Daily	Positive	9	16	Entity.Organization.FishingCompany		klein llc	tracking_system	0	2
klein llc	Event.Communication.Conference	marine conservation	participation in conferences	Klein LLC__0__0__Lomark Daily	Negative	9	19	Entity.Organization.FishingCompany		klein llc	marine_sanctuary	0	11
klein llc	Event.Aid	marine conservation	participation in aid programs	Klein LLC__0__0__Lomark Daily	Negative	9	19	Entity.Organization.FishingCompany		klein llc	marine_sanctuary	0	11
klein llc	Event.Criticize	environmental groups and industry stakeholders	positive reception and accolades from environmental groups and industry stakeholders	Klein LLC__0__0__Lomark Daily	Neutral	9	46	Entity.Organization.FishingCompany		klein llc	anderson, brown and green	0	32
city of port grove	Event.Certificateissued	klein llc	certificates issued by the cities of Port Grove and Paackland	Klein LLC__0__0__The News Buoy	Negative	18	9	Entity.Organization.GovernmentOrg	Entity.Organization.FishingCompany	city of port grove	klein llc	0	0
city of paackland	Event.Certificateissued	klein llc	certificates issued by the cities of Port Grove and Paackland	Klein LLC__0__0__The News Buoy	Positive	17	9	Entity.Organization.GovernmentOrg	Entity.Organization.FishingCompany	city of paackland	klein llc	0	0
jones, davis and grant	Event.Communication.Conference	klein llc	participation in conferences	Klein LLC__0__0__The News Buoy	Negative	22	9	Entity.Organization.FishingCompany	Entity.Organization.FishingCompany	jones, davis and grant	klein llc	0	0
cisneros-meyer	Event.Communication.Conference	klein llc	participation in conferences	Klein LLC__0__0__The News Buoy	Negative	14	9	Entity.Organization.FishingCompany	Entity.Organization.FishingCompany	cisneros-meyer	klein llc	0	0
rasmussen, nelson and king	Event.Transaction	klein llc	transactions in February and March	Klein LLC__0__0__The News Buoy	Negative	26	9	Entity.Organization.FishingCompany	Entity.Organization.FishingCompany	rasmussen, nelson and king	klein llc	0	0
floyd-cantu	Event.Transaction	klein llc	transactions in February and March	Klein LLC__0__0__The News Buoy	Negative	11	9		Entity.Organization.FishingCompany	flores ltd	klein llc	7	0
gallagher-compton	Event.Transaction	klein llc	partnerships with reputable companies	Klein LLC__0__0__The News Buoy	Negative	17	9		Entity.Organization.FishingCompany	rhodes-thompson	klein llc	11	0
holt plc	Event.Transaction	klein llc	partnerships with reputable companies	Klein LLC__0__0__The News Buoy	Negative	8	9		Entity.Organization.FishingCompany	cook plc	klein llc	3	0
conrad ltd	Event.Transaction	klein llc	transactions in late March and April	Klein LLC__0__0__The News Buoy	Neutral	10	9	Entity.Organization.FishingCompany	Entity.Organization.FishingCompany	conrad ltd	klein llc	0	0
chavez, anderson and taylor	Event.Transaction	klein llc	transactions in late March and April	Klein LLC__0__0__The News Buoy	Positive	27	9		Entity.Organization.FishingCompany	valdez, dalton and cook	klein llc	14	0
alvarez plc	Event.Communication.Conference	klein llc	conferences featuring Alvarez PLC	Klein LLC__0__0__The News Buoy	Positive	11	9	Entity.Organization.FishingCompany	Entity.Organization.FishingCompany	alvarez plc	klein llc	0	0
castillo-elliott	Event.Communication.Conference	klein llc	conferences featuring Castillo-Elliott	Klein LLC__0__0__The News Buoy	Neutral	16	9	Entity.Organization.FishingCompany	Entity.Organization.FishingCompany	castillo-elliott	klein llc	0	0
mclaughlin-chandler	Event.Communication.Conference	klein llc	conferences hosted by Mclaughlin-Chandler	Klein LLC__0__0__The News Buoy	Positive	19	9	Entity.Organization.FishingCompany	Entity.Organization.FishingCompany	mclaughlin-chandler	klein llc	0	0
smith-hull	Event.Communication.Conference	klein llc	conferences hosted by Smith-Hull	Klein LLC__0__0__The News Buoy	Neutral	10	9	Entity.Organization.FishingCompany	Entity.Organization.FishingCompany	smith-hull	klein llc	0	0
cervantes-kramer	Event.Invest	efficiency	investing in efficient sustainable nets, tracking systems, and aid to a local marine sanctuary	Lutz-Fleming__0__0__Haacklee Herald	Positive	16	10	Entity.Organization.FishingCompany	Entity.Commodity	cervantes-kramer	efficiency	0	0
cervantes-kramer	Event.Transaction	eaton-osborne	signed multiple fishing transactions	Lutz-Fleming__0__0__Haacklee Herald	Positive	16	13	Entity.Organization.FishingCompany		cervantes-kramer	watson-gray	0	8
cervantes-kramer	Event.Transaction	york-castillo	signed multiple fishing transactions	Lutz-Fleming__0__0__Haacklee Herald	Positive	16	13	Entity.Organization.FishingCompany	Entity.Organization.FishingCompany	cervantes-kramer	york-castillo	0	0
lutz-fleming	Event.Aid	marine_sanctuary	expressed interest in sustainable legal fishing and investing in efficiency and safety of commercial fishing	Lutz-Fleming__0__0__Haacklee Herald	Neutral	12	16	Entity.Organization.FishingCompany		lutz-fleming	marine_sanctuary	0	1
lutz-fleming	Event.Transaction	eaton-osborne	investing in efficiency and safety of commercial fishing	Lutz-Fleming__0__0__Haacklee Herald	Positive	12	13	Entity.Organization.FishingCompany		lutz-fleming	watson-gray	0	8
lutz-fleming	Event.Transaction	york-castillo	investing in efficiency and safety of commercial fishing	Lutz-Fleming__0__0__Haacklee Herald	Positive	12	13	Entity.Organization.FishingCompany	Entity.Organization.FishingCompany	lutz-fleming	york-castillo	0	0
lutz-fleming	Event.Transaction	logistic companies	expanding operations in the Cod Table area	Lutz-Fleming__0__0__Haacklee Herald	Positive	12	18	Entity.Organization.FishingCompany		lutz-fleming	martinez-daniels	0	12
lutz-fleming	Event.Transaction	logistic companies	expanding operations in the Cod Table area	Lutz-Fleming__0__0__Lomark Daily	Neutral	12	18	Entity.Organization.FishingCompany		lutz-fleming	martinez-daniels	0	12
lutz-fleming	Event.Transaction	logistic companies	expanding operations in the Cod Table area	Lutz-Fleming__0__0__Lomark Daily	Positive	12	18	Entity.Organization.FishingCompany		lutz-fleming	martinez-daniels	0	12
lutz-fleming	Event.Transaction	logistic companies	expanding operations in the Cod Table area	Lutz-Fleming__0__0__Lomark Daily	Positive	12	18	Entity.Organization.FishingCompany		lutz-fleming	martinez-daniels	0	12
lutz-fleming	Event.Transaction	logistic companies	expanding operations in the Cod Table area	Lutz-Fleming__0__0__Lomark Daily	Negative	12	18	Entity.Organization.FishingCompany		lutz-fleming	martinez-daniels	0	12
lutz-fleming	Event.Transaction	logistic companies	expanding operations in the Cod Table area	Lutz-Fleming__0__0__Lomark Daily	Negative	12	18	Entity.Organization.FishingCompany		lutz-fleming	martinez-daniels	0	12
lutz-fleming	Event.Transaction	logistic companies	expanding operations in the Cod Table area	Lutz-Fleming__0__0__Lomark Daily	Negative	12	18	Entity.Organization.FishingCompany		lutz-fleming	martinez-daniels	0	12
lutz-fleming	Event.Transaction	logistic companies	expanding operations in the Cod Table area	Lutz-Fleming__0__0__Lomark Daily	Negative	12	18	Entity.Organization.FishingCompany		lutz-fleming	martinez-daniels	0	12
lutz-fleming	Event.Transaction	logistic companies	expanding operations in the Cod Table area	Lutz-Fleming__0__0__Lomark Daily	Negative	12	18	Entity.Organization.FishingCompany		lutz-fleming	martinez-daniels	0	12
lutz-fleming	Event.Transaction	logistic companies	expanding operations in the Cod Table area	Lutz-Fleming__0__0__Lomark Daily	Negative	12	18	Entity.Organization.FishingCompany		lutz-fleming	martinez-daniels	0	12
lutz-fleming	Event.Aid	marine_sanctuary	has given $2,000 to a local marine sanctuary as aid	Lutz-Fleming__0__0__The News Buoy	Negative	12	16	Entity.Organization.FishingCompany		lutz-fleming	marine_sanctuary	0	1
lutz-fleming	Event.Transaction	wilson-grant	signed multiple fishing transactions	Lutz-Fleming__0__0__The News Buoy	Negative	12	12	Entity.Organization.FishingCompany	Entity.Organization.Company	lutz-fleming	wilson-grant	0	0
lutz-fleming	Event.Transaction	ellis-hunter	signed multiple fishing transactions	Lutz-Fleming__0__0__The News Buoy	Negative	12	12	Entity.Organization.FishingCompany	Entity.Organization.Company	lutz-fleming	ellis-hunter	0	0
lutz-fleming	Event.Transaction	phelps, brown and wallace	signed multiple fishing transactions	Lutz-Fleming__0__0__The News Buoy	Negative	12	25	Entity.Organization.FishingCompany	Entity.Organization.FishingCompany	lutz-fleming	phelps, brown and wallace	0	0
lutz-fleming	Event.Owns.Partiallyowns	efficient fishing gear company	invested in a company that provides efficient fishing gear	Lutz-Fleming__0__0__The News Buoy	Negative	12	30	Entity.Organization.FishingCompany		lutz-fleming	efficiency	0	20
lutz-fleming	Event.Invest	sustainable fishing practices	invested in a company that provides efficient fishing gear	Lutz-Fleming__0__0__The News Buoy	Negative	12	29	Entity.Organization.FishingCompany		lutz-fleming	sustainable_nets	0	15
lutz-fleming	Event.Communication.Conference	martin llc	participating in conferences and events related to sustainable fishing	Lutz-Fleming__0__0__The News Buoy	Negative	12	10	Entity.Organization.FishingCompany	Entity.Organization.FishingCompany	lutz-fleming	martin llc	0	0
lutz-fleming	Event.Communication.Conference	evans-pearson	participating in conferences and events related to sustainable fishing	Lutz-Fleming__0__0__The News Buoy	Negative	12	13	Entity.Organization.FishingCompany	Entity.Organization.FishingCompany	lutz-fleming	evans-pearson	0	0
mann, myers and rivera	Event.Invest	efficiency	Invests in Sustainable Fishing and Marine Conservation	Mann, Myers and Rivera__0__0__Haacklee Herald	Positive	22	10	Entity.Organization.FishingCompany	Entity.Commodity	mann, myers and rivera	efficiency	0	0
mann, myers and rivera	Event.Aid	marine_sanctuary	Invests in Sustainable Fishing and Marine Conservation	Mann, Myers and Rivera__0__0__Haacklee Herald	Positive	22	16	Entity.Organization.FishingCompany		mann, myers and rivera	marine_sanctuary	0	1
mann, myers and rivera	Event.Transaction	cain, simpson and hernandez	Invests in Sustainable Fishing and Marine Conservation	Mann, Myers and Rivera__0__0__Haacklee Herald	Neutral	22	27	Entity.Organization.FishingCompany	Entity.Organization.FishingCompany	mann, myers and rivera	cain, simpson and hernandez	0	0
mann, myers and rivera	Event.Transaction	frank group	Invests in Sustainable Fishing and Marine Conservation	Mann, Myers and Rivera__0__0__Haacklee Herald	Positive	22	11	Entity.Organization.FishingCompany	Entity.Organization.FishingCompany	mann, myers and rivera	frank group	0	0
mann, myers and rivera	Event.Communication.Conference	lutz-fleming	Invests in Sustainable Fishing and Marine Conservation	Mann, Myers and Rivera__0__0__Haacklee Herald	Neutral	22	12	Entity.Organization.FishingCompany	Entity.Organization.FishingCompany	mann, myers and rivera	lutz-fleming	0	0
mann, myers and rivera	Event.Communication.Conference	taylor, prince and sherman	Invests in Sustainable Fishing and Marine Conservation	Mann, Myers and Rivera__0__0__Haacklee Herald	Neutral	22	26	Entity.Organization.FishingCompany	Entity.Organization.FishingCompany	mann, myers and rivera	taylor, prince and sherman	0	0
mann, myers and rivera	Event.Invest	safety	Invests in Sustainable Fishing and Marine Conservation	Mann, Myers and Rivera__0__0__Haacklee Herald	Negative	22	6	Entity.Organization.FishingCompany	Entity.Commodity	mann, myers and rivera	safety	0	0
mann, myers and rivera	Event.Transaction	cain, simpson and hernandez	Invests in Sustainable Fishing and Marine Conservation	Mann, Myers and Rivera__0__0__Haacklee Herald	Neutral	22	27	Entity.Organization.FishingCompany	Entity.Organization.FishingCompany	mann, myers and rivera	cain, simpson and hernandez	0	0
mann, myers and rivera	Event.Transaction	frank group	Invests in Sustainable Fishing and Marine Conservation	Mann, Myers and Rivera__0__0__Haacklee Herald	Positive	22	11	Entity.Organization.FishingCompany	Entity.Organization.FishingCompany	mann, myers and rivera	frank group	0	0
mann, myers and rivera	Event.Invest	sustainable_nets	Invests in Sustainable Fishing and Marine Conservation	Mann, Myers and Rivera__0__0__Haacklee Herald	Neutral	22	16	Entity.Organization.FishingCompany	Entity.Commodity	mann, myers and rivera	sustainable_nets	0	0
mann, myers and rivera	Event.Transaction	cain, simpson and hernandez	Invests in Sustainable Fishing and Marine Conservation	Mann, Myers and Rivera__0__0__Haacklee Herald	Positive	22	27	Entity.Organization.FishingCompany	Entity.Organization.FishingCompany	mann, myers and rivera	cain, simpson and hernandez	0	0
mann, myers and rivera	Event.Transaction	frank group	Invests in Sustainable Fishing and Marine Conservation	Mann, Myers and Rivera__0__0__Haacklee Herald	Positive	22	11	Entity.Organization.FishingCompany	Entity.Organization.FishingCompany	mann, myers and rivera	frank group	0	0
mann, myers and rivera	Event.Aid	marine_sanctuary	Invests in Sustainable Fishing and Marine Conservation	Mann, Myers and Rivera__0__0__Haacklee Herald	Positive	22	16	Entity.Organization.FishingCompany		mann, myers and rivera	marine_sanctuary	0	1
mann, myers and rivera	Event.Invest	tracking_system	Invests in Sustainable Fishing and Marine Conservation	Mann, Myers and Rivera__0__0__Haacklee Herald	Positive	22	15	Entity.Organization.FishingCompany	Entity.Commodity	mann, myers and rivera	tracking_system	0	0
city of paackland	Event.Certificateissued	mann, myers and rivera	certificates issued by both municipalities underscore MMRs compliance with conservation regulations, allowing the company to operate using eco-friendly vessels	Mann, Myers and Rivera__0__0__Lomark Daily	Positive	17	22	Entity.Organization.GovernmentOrg	Entity.Organization.FishingCompany	city of paackland	mann, myers and rivera	0	0
city of port grove	Event.Certificateissued	mann, myers and rivera	certificates issued by both municipalities underscore MMRs compliance with conservation regulations, allowing the company to operate using eco-friendly vessels	Mann, Myers and Rivera__0__0__Lomark Daily	Neutral	18	22	Entity.Organization.GovernmentOrg	Entity.Organization.FishingCompany	city of port grove	mann, myers and rivera	0	0
mann, myers and rivera	Event.Invest	safety commodities, sustainable nets, efficiency enhancements	subsequent fishing activities on February 2 were complemented by investments in sustainable nets, safety commodities, and efficiency enhancements	Mann, Myers and Rivera__0__0__Lomark Daily	Neutral	22	61	Entity.Organization.FishingCompany		mann, myers and rivera	paackland fishermen's rights enforcement network	0	45
mann, myers and rivera	Event.Transaction	cisneros-meyer	transactions involving reputable entities like Cisneros-Meyer	Mann, Myers and Rivera__0__0__Lomark Daily	Positive	22	14	Entity.Organization.FishingCompany	Entity.Organization.FishingCompany	mann, myers and rivera	cisneros-meyer	0	0
mann, myers and rivera	Event.Transaction	jones group	transactions involving reputable entities like Jones Group	Mann, Myers and Rivera__0__0__Lomark Daily	Positive	22	11	Entity.Organization.FishingCompany	Entity.Organization.FishingCompany	mann, myers and rivera	jones group	0	0
mann, myers and rivera	Event.Communication.Conference	watson-gray	engagements in conferences hosted by Watson-Gray and Bell, Reynolds and Forbes provided platforms for knowledge exchange and collaboration within the industry	Mann, Myers and Rivera__0__0__Lomark Daily	Positive	22	11	Entity.Organization.FishingCompany	Entity.Organization.FishingCompany	mann, myers and rivera	watson-gray	0	0
mann, myers and rivera	Event.Communication.Conference	bell, reynolds and forbes	engagements in conferences hosted by Watson-Gray and Bell, Reynolds and Forbes provided platforms for knowledge exchange and collaboration within the industry	Mann, Myers and Rivera__0__0__Lomark Daily	Positive	22	25	Entity.Organization.FishingCompany	Entity.Organization.FishingCompany	mann, myers and rivera	bell, reynolds and forbes	0	0
mann, myers and rivera	Event.Aid	marine sanctuaries	the companys ongoing aid contributions to marine sanctuaries demonstrate its broader commitment to environmental stewardship	Mann, Myers and Rivera__0__0__Lomark Daily	Positive	22	18	Entity.Organization.FishingCompany		mann, myers and rivera	marine_sanctuary	0	4
mann, myers and rivera	Event.Invest	tracking systems, sustainable nets	April saw MMRs dedication to sustainability persist, with additional investments in tracking systems and sustainable nets	Mann, Myers and Rivera__0__0__Lomark Daily	Positive	22	34	Entity.Organization.FishingCompany		mann, myers and rivera	sustainable_nets	0	19
mann, myers and rivera	Event.Transaction	roth, logan and moreno	transactions with partners such as Roth, Logan and Moreno	Mann, Myers and Rivera__0__0__Lomark Daily	Positive	22	22	Entity.Organization.FishingCompany	Entity.Organization.FishingCompany	mann, myers and rivera	roth, logan and moreno	0	0
mann, myers and rivera	Event.Transaction	ramos-shelton	transactions with partners such as Ramos-Shelton	Mann, Myers and Rivera__0__0__Lomark Daily	Positive	22	13	Entity.Organization.FishingCompany	Entity.Organization.FishingCompany	mann, myers and rivera	ramos-shelton	0	0
city of paackland	Event.Certificateissued	mann, myers and rivera	granted the requisite fishing certifications from the City of Paackland	Mann, Myers and Rivera__0__0__The News Buoy	Positive	17	22	Entity.Organization.GovernmentOrg	Entity.Organization.FishingCompany	city of paackland	mann, myers and rivera	0	0
city of port grove	Event.Certificateissued	mann, myers and rivera	granted the requisite fishing certifications from the City of Port Grove	Mann, Myers and Rivera__0__0__The News Buoy	Positive	18	22	Entity.Organization.GovernmentOrg	Entity.Organization.FishingCompany	city of port grove	mann, myers and rivera	0	0
mann, myers and rivera	Event.Invest	efficiency	investments in sustainable nets, aiming to boost both safety and efficiency in their operations	Mann, Myers and Rivera__0__0__The News Buoy	Positive	22	10	Entity.Organization.FishingCompany	Entity.Commodity	mann, myers and rivera	efficiency	0	0
mann, myers and rivera	Event.Transaction	garcia, merritt and rose	significant transactions with notable industry players like Garcia, Merritt and Rose	Mann, Myers and Rivera__0__0__The News Buoy	Neutral	22	24	Entity.Organization.FishingCompany	Entity.Organization.Company	mann, myers and rivera	garcia, merritt and rose	0	0
mann, myers and rivera	Event.Transaction	maddox group	significant transactions with notable industry players like the Maddox Group	Mann, Myers and Rivera__0__0__The News Buoy	Positive	22	12	Entity.Organization.FishingCompany	Entity.Organization.Company	mann, myers and rivera	maddox group	0	0
mann, myers and rivera	Event.Aid	marine_sanctuary	substantial contributions to marine sanctuaries, with a notable donation on February 1, 2035	Mann, Myers and Rivera__0__0__The News Buoy	Positive	22	16	Entity.Organization.FishingCompany		mann, myers and rivera	marine_sanctuary	0	1
mann, myers and rivera	Event.Invest	safety	ongoing investments in sustainable practices throughout February and March, culminating in additional funding towards efficiency and safety commodities	Mann, Myers and Rivera__0__0__The News Buoy	Positive	22	6	Entity.Organization.FishingCompany	Entity.Commodity	mann, myers and rivera	safety	0	0
city of lomark	Event.Certificateissued	martin llc	official certificates, allowing Martin LLC to fish in the Wrasse Beds	Martin LLC__0__0__Haacklee Herald	Neutral	14	10	Entity.Organization.GovernmentOrg	Entity.Organization.FishingCompany	city of lomark	martin llc	0	0
city of port grove	Event.Certificateissued	martin llc	official certificates, allowing Martin LLC to fish in the Wrasse Beds	Martin LLC__0__0__Haacklee Herald	Neutral	18	10	Entity.Organization.GovernmentOrg	Entity.Organization.FishingCompany	city of port grove	martin llc	0	0
martin llc	Event.Fishing	wrasse beds	series of sustainable fishing activities in the Wrasse Beds	Martin LLC__0__0__Haacklee Herald	Positive	10	11	Entity.Organization.FishingCompany	Entity.Location.Region	martin llc	wrasse beds	0	0
martin llc	Event.Invest	tracking_system	investing $2 million in a state-of-the-art tracking system	Martin LLC__0__0__Haacklee Herald	Positive	10	15	Entity.Organization.FishingCompany		martin llc	tracking_system	0	1
martin llc	Event.Invest	efficiency	investing $1.5 million in enhancing commodity efficiency	Martin LLC__0__0__Haacklee Herald	Positive	10	10	Entity.Organization.FishingCompany	Entity.Commodity	martin llc	efficiency	0	0
martin llc	Event.Transaction	arellano group	partnerships with the Arellano Group	Martin LLC__0__0__Haacklee Herald	Positive	10	14	Entity.Organization.FishingCompany	Entity.Organization.FishingCompany	martin llc	arellano group	0	0
martin llc	Event.Transaction	murphy, marshall and pope	partnerships with Murphy, Marshall and Pope	Martin LLC__0__0__Haacklee Herald	Positive	10	25	Entity.Organization.FishingCompany	Entity.Organization.FishingCompany	martin llc	murphy, marshall and pope	0	0
martin llc	Event.Aid	marine sanctuaries	substantial contributions to marine sanctuaries amounting to $500,000	Martin LLC__0__0__Haacklee Herald	Positive	10	18	Entity.Organization.FishingCompany		martin llc	marine_sanctuary	0	4
martin llc	Event.Communication.Conference	industry leaders	hosted several conferences, engaging with industry leaders	Martin LLC__0__0__Haacklee Herald	Positive	10	16	Entity.Organization.FishingCompany		martin llc	sustainable_nets	0	11
martin llc	Event.Transaction	jefferson inc	strategic partnership with Jefferson Inc	Martin LLC__0__0__Haacklee Herald	Positive	10	13	Entity.Organization.FishingCompany	Entity.Organization.Company	martin llc	jefferson inc	0	0
martin llc	Event.Invest	sustainable_nets	investments totaling over $3 million in sustainable nets	Martin LLC__0__0__Haacklee Herald	Positive	10	16	Entity.Organization.FishingCompany		martin llc	sustainable_nets	0	1
martin llc	Event.Invest	safety commodities	investments totaling over $3 million in safety commodities	Martin LLC__0__0__Haacklee Herald	Positive	10	18	Entity.Organization.FishingCompany		martin llc	safety	0	12
martin llc	Event.Invest	efficiency	investing in efficient sustainable nets, and tracking system	Martin LLC__0__0__Lomark Daily	Positive	10	10	Entity.Organization.FishingCompany	Entity.Commodity	martin llc	efficiency	0	0
martin llc	Event.Aid	marine_sanctuary	given $2,000 to a local marine sanctuary as aid	Martin LLC__0__0__Lomark Daily	Positive	10	16	Entity.Organization.FishingCompany		martin llc	marine_sanctuary	0	1
martin llc	Event.Transaction	eaton-osborne	signed multiple fishing transactions	Martin LLC__0__0__Lomark Daily	Positive	10	13	Entity.Organization.FishingCompany		martin llc	watson-gray	0	8
martin llc	Event.Transaction	york-castillo	signed multiple fishing transactions	Martin LLC__0__0__Lomark Daily	Positive	10	13	Entity.Organization.FishingCompany	Entity.Organization.FishingCompany	martin llc	york-castillo	0	0
martin llc	Event.Transaction	logistic companies	signed multiple fishing transactions	Martin LLC__0__0__Lomark Daily	Negative	10	18	Entity.Organization.FishingCompany		martin llc	martinez-daniels	0	12
martin llc	Event.Fishing	sustainable legal fishing	interested in sustainable legal fishing	Martin LLC__0__0__Lomark Daily	Negative	10	25	Entity.Organization.FishingCompany		martin llc	sustainable_nets	0	12
martin llc	Event.Invest	efficiency	investing in efficient sustainable nets, tracking systems, and aiding local marine sanctuaries	Martin LLC__0__0__The News Buoy	Negative	10	10	Entity.Organization.FishingCompany	Entity.Commodity	martin llc	efficiency	0	0
martin llc	Event.Transaction	thompson-padilla	involved in multiple fishing transactions	Martin LLC__0__0__The News Buoy	Positive	10	16	Entity.Organization.FishingCompany	Entity.Organization.FishingCompany	martin llc	thompson-padilla	0	0
martin llc	Event.Transaction	serrano-cruz	involved in multiple fishing transactions	Martin LLC__0__0__The News Buoy	Positive	10	12	Entity.Organization.FishingCompany	Entity.Organization.FishingCompany	martin llc	serrano-cruz	0	0
martin llc	Event.Transaction	olson and sons	involved in multiple fishing transactions	Martin LLC__0__0__The News Buoy	Positive	10	14	Entity.Organization.FishingCompany	Entity.Organization.Company	martin llc	olson and sons	0	0
martin llc	Event.Aid	local marine sanctuary	given $2,000 as aid	Martin LLC__0__0__The News Buoy	Positive	10	22	Entity.Organization.FishingCompany		martin llc	marine_sanctuary	0	7
martin llc	Event.Transaction	eaton-osborne	signed multiple fishing transactions	Martin LLC__0__0__The News Buoy	Positive	10	13	Entity.Organization.FishingCompany		martin llc	watson-gray	0	8
martin llc	Event.Transaction	york-castillo	signed multiple fishing transactions	Martin LLC__0__0__The News Buoy	Positive	10	13	Entity.Organization.FishingCompany	Entity.Organization.FishingCompany	martin llc	york-castillo	0	0
martinez-le	Event.Transaction	patterson, moreno and jensen	engaged in a series of transactions	Martinez-Le__0__0__Haacklee Herald	Positive	11	28	Entity.Organization.FishingCompany	Entity.Organization.Company	martinez-le	patterson, moreno and jensen	0	0
martinez-le	Event.Transaction	garcia, merritt and rose	engaged in a series of transactions	Martinez-Le__0__0__Haacklee Herald	Positive	11	24	Entity.Organization.FishingCompany	Entity.Organization.Company	martinez-le	garcia, merritt and rose	0	0
martinez-le	Event.Transaction	faulkner, schmidt and wheeler	engaged in a series of transactions	Martinez-Le__0__0__Haacklee Herald	Positive	11	29	Entity.Organization.FishingCompany	Entity.Organization.Company	martinez-le	faulkner, schmidt and wheeler	0	0
martinez-le	Event.Invest	tracking_system	made investments in a tracking system	Martinez-Le__0__0__Haacklee Herald	Neutral	11	15	Entity.Organization.FishingCompany	Entity.Commodity	martinez-le	tracking_system	0	0
martinez-le	Event.Communication.Conference	enhancing operational efficiency and safety measures	participated in conferences aimed at enhancing operational efficiency and safety measures	Martinez-Le__0__0__Haacklee Herald	Positive	11	52	Entity.Organization.FishingCompany		martinez-le	taylor, prince and sherman	0	35
martinez-le	Event.Aid	marine_sanctuary	extended its support to marine sanctuary aid	Martinez-Le__0__0__Haacklee Herald	Positive	11	16	Entity.Organization.FishingCompany	Entity.Organization	martinez-le	marine_sanctuary	0	0
martinez-le	Event.Invest	efficiency	made investments in efficiency	Martinez-Le__0__0__Haacklee Herald	Positive	11	10	Entity.Organization.FishingCompany	Entity.Commodity	martinez-le	efficiency	0	0
martinez-le	Event.Fishing	cod table and tuna shelf areas	engaging in sustainable fishing practices in the Cod Table and Tuna Shelf areas	Martinez-Le__0__0__Haacklee Herald	Positive	11	30	Entity.Organization.FishingCompany		martinez-le	tuna shelf	0	20
martinez-le	Event.Transaction	york-castillo	engaging in transactions with York-Castillo	Martinez-Le__0__0__Haacklee Herald	Neutral	11	13	Entity.Organization.FishingCompany	Entity.Organization.FishingCompany	martinez-le	york-castillo	0	0
martinez-le	Event.Transaction	moore-simon	engaging in transactions with Moore-Simon	Martinez-Le__0__0__Haacklee Herald	Neutral	11	11	Entity.Organization.FishingCompany	Entity.Organization.FishingCompany	martinez-le	moore-simon	0	0
martinez-le	Event.Aid	marine_sanctuary	participating in marine sanctuary aid	Martinez-Le__0__0__Haacklee Herald	Positive	11	16	Entity.Organization.FishingCompany	Entity.Organization	martinez-le	marine_sanctuary	0	0
martinez-le	Event.Fishing	cod table and tuna shelf areas	engaging in fishing operations in the Cod Table and Tuna Shelf areas	Martinez-Le__0__0__Haacklee Herald	Positive	11	30	Entity.Organization.FishingCompany		martinez-le	tuna shelf	0	20
martinez-le	Event.Transaction	murphy, marshall and pope	engaging in transactions with Murphy, Marshall and Pope	Martinez-Le__0__0__Haacklee Herald	Positive	11	25	Entity.Organization.FishingCompany	Entity.Organization.FishingCompany	martinez-le	murphy, marshall and pope	0	0
martinez-le	Event.Transaction	greer-holder	engaging in transactions with Greer-Holder	Martinez-Le__0__0__Haacklee Herald	Neutral	11	12	Entity.Organization.FishingCompany	Entity.Organization.FishingCompany	martinez-le	greer-holder	0	0
martinez-le	Event.Invest	tracking_system	The company invested in tracking systems and sustainable nets on multiple occasions throughout the month, demonstrating their commitment to responsible fishing practices	Martinez-Le__0__0__Lomark Daily	Neutral	11	15	Entity.Organization.FishingCompany	Entity.Commodity	martinez-le	tracking_system	0	0
martinez-le	Event.Invest	sustainable_nets	The company invested in tracking systems and sustainable nets on multiple occasions throughout the month, demonstrating their commitment to responsible fishing practices	Martinez-Le__0__0__Lomark Daily	Neutral	11	16	Entity.Organization.FishingCompany	Entity.Commodity	martinez-le	sustainable_nets	0	0
martinez-le	Event.Communication.Conference	rasmussen, nelson and king	Additionally, they participated in conferences with industry leaders Rasmussen, Nelson and King, and Anderson, Brown and Green, potentially to discuss these initiatives	Martinez-Le__0__0__Lomark Daily	Neutral	11	26	Entity.Organization.FishingCompany	Entity.Organization.FishingCompany	martinez-le	rasmussen, nelson and king	0	0
martinez-le	Event.Communication.Conference	anderson, brown and green	Additionally, they participated in conferences with industry leaders Rasmussen, Nelson and King, and Anderson, Brown and Green, potentially to discuss these initiatives	Martinez-Le__0__0__Lomark Daily	Neutral	11	25	Entity.Organization.FishingCompany	Entity.Organization.FishingCompany	martinez-le	anderson, brown and green	0	0
martinez-le	Event.Invest	efficiency	Their focus on efficiency and safety was evident through further investments in these areas	Martinez-Le__0__0__Lomark Daily	Neutral	11	10	Entity.Organization.FishingCompany	Entity.Commodity	martinez-le	efficiency	0	0
martinez-le	Event.Transaction	craig ltd	Martinez-Le also conducted multiple transactions with various companies, including Craig Ltd, Smith-Hull, Wu-Hart, Hines-Douglas, Dawson, Miles and Little, Olson and Sons, Harrington Inc., Montoya Group, Jackson Inc., Mclaughlin-Chandler, Evans-Burns, and Bryant, Macdonald and Howard	Martinez-Le__0__0__Lomark Daily	Negative	11	9	Entity.Organization.FishingCompany	Entity.Organization.FishingCompany	martinez-le	craig ltd	0	0
martinez-le	Event.Transaction	smith-hull	Martinez-Le also conducted multiple transactions with various companies, including Craig Ltd, Smith-Hull, Wu-Hart, Hines-Douglas, Dawson, Miles and Little, Olson and Sons, Harrington Inc., Montoya Group, Jackson Inc., Mclaughlin-Chandler, Evans-Burns, and Bryant, Macdonald and Howard	Martinez-Le__0__0__Lomark Daily	Negative	11	10	Entity.Organization.FishingCompany	Entity.Organization.FishingCompany	martinez-le	smith-hull	0	0
martinez-le	Event.Transaction	wu-hart	Martinez-Le also conducted multiple transactions with various companies, including Craig Ltd, Smith-Hull, Wu-Hart, Hines-Douglas, Dawson, Miles and Little, Olson and Sons, Harrington Inc., Montoya Group, Jackson Inc., Mclaughlin-Chandler, Evans-Burns, and Bryant, Macdonald and Howard	Martinez-Le__0__0__Lomark Daily	Positive	11	7	Entity.Organization.FishingCompany	Entity.Organization.FishingCompany	martinez-le	wu-hart	0	0
martinez-le	Event.Transaction	hines-douglas	Martinez-Le also conducted multiple transactions with various	Martinez-Le__0__0__Lomark Daily	Positive	11	13	Entity.Organization.FishingCompany	Entity.Organization.FishingCompany	martinez-le	hines-douglas	0	0
martinez-le	Event.Transaction	hines-douglas	Martinez-Le also conducted multiple transactions with various	Martinez-Le__0__0__The News Buoy	Positive	11	13	Entity.Organization.FishingCompany	Entity.Organization.FishingCompany	martinez-le	hines-douglas	0	0
martinez-le	Event.Fishing.Overfishing	local fishermen	reports surface about their questionable fishing practices	Martinez-Le__0__0__The News Buoy	Negative	11	15	Entity.Organization.FishingCompany		martinez-le	tuna shelf	0	10
martinez-le	Event.Communication.Conference	brown, clarke and martinez	Martinez-Le seems to have its tentacles wrapped around every corner of the fishing industry	Martinez-Le__0__0__The News Buoy	Neutral	11	26	Entity.Organization.FishingCompany	Entity.Organization.FishingCompany	martinez-le	brown, clarke and martinez	0	0
martinez-le	Event.Transaction	barnes and sons	Martinez-Le seems to have its tentacles wrapped around every corner of the fishing industry	Martinez-Le__0__0__The News Buoy	Positive	11	15	Entity.Organization.FishingCompany	Entity.Organization.FishingCompany	martinez-le	barnes and sons	0	0
martinez-le	Event.Criticize	local fishermen	"""Its like theyre trying to vacuum up every fish in the sea,"" one fisherman whispers, casting a wary glance over his shoulder. ""Theyre playing fast and loose with our marine resources, and someone needs to hold them accountable."""	Martinez-Le__0__0__The News Buoy	Positive	11	15	Entity.Organization.FishingCompany		martinez-le	tuna shelf	0	10
martinez-le	Event.Criticize	local fishermen	"""Its all about the money for them,"" another local fisherman remarks, shaking his head in disgust. ""They dont care about the long-term consequences of their actions. As long as their pockets are getting fatter, theyll keep plundering the seas."""	Martinez-Le__0__0__The News Buoy	Neutral	11	15	Entity.Organization.FishingCompany		martinez-le	tuna shelf	0	10
martinez-le	Event.Certificateissued.Summons	governmental bodies	raising suspicions of corruption and backroom deals	Martinez-Le__0__0__The News Buoy	Neutral	11	19	Entity.Organization.FishingCompany		martinez-le	horn and sons	0	12
martinez-le	Event.Criticize	concerned citizens and environmentalists	concerned citizens and environmentalists are demanding answers. Will this expose force Martinez-Le to clean up its act, or will they continue to pillage the oceans for profit? Stay tuned for all the latest updates on this scandalous saga!	Martinez-Le__0__0__The News Buoy	Neutral	11	40	Entity.Organization.FishingCompany		martinez-le	cooper, holland and nelson	0	25
martinez-le	Event.Criticize	concerned citizens and environmentalists	concerned citizens and environmentalists are demanding answers. Will this expose force Martinez-Le to clean up its act, or will they continue to pillage the oceans for profit? Stay tuned for all the latest updates on this scandalous saga!	Martinez-Le__0__0__The News Buoy	Neutral	11	40	Entity.Organization.FishingCompany		martinez-le	cooper, holland and nelson	0	25
mcgee and sons	Event.Invest	efficiency	invested in efficient sustainable nets, tracking system, and has given $2,000 to a local marine sanctuary as aid	Mcgee and Sons__0__0__Haacklee Herald	Neutral	14	10	Entity.Organization.FishingCompany	Entity.Commodity	mcgee and sons	efficiency	0	0
mcgee and sons	Event.Transaction	eaton-osborne	signed multiple transactions	Mcgee and Sons__0__0__Haacklee Herald	Neutral	14	13	Entity.Organization.FishingCompany		mcgee and sons	watson-gray	0	8
mcgee and sons	Event.Transaction	york-castillo fishing	signed multiple transactions	Mcgee and Sons__0__0__Haacklee Herald	Neutral	14	21	Entity.Organization.FishingCompany		mcgee and sons	york-castillo	0	8
mcgee and sons	Event.Transaction	logistic companies	signed multiple transactions	Mcgee and Sons__0__0__Haacklee Herald	Positive	14	18	Entity.Organization.FishingCompany		mcgee and sons	martinez-daniels	0	12
mcgee and sons	Event.Invest	safety	invested in efficiency and safety	Mcgee and Sons__0__0__Haacklee Herald	Neutral	14	6	Entity.Organization.FishingCompany	Entity.Commodity	mcgee and sons	safety	0	0
mcgee and sons	Event.Aid	marine_sanctuary	has given $2,000 to a local marine sanctuary as aid	Mcgee and Sons__0__0__Haacklee Herald	Positive	14	16	Entity.Organization.FishingCompany		mcgee and sons	marine_sanctuary	0	1
mcgee and sons	Event.Invest	sustainable_nets	invested in efficient sustainable nets	Mcgee and Sons__0__0__Haacklee Herald	Positive	14	16	Entity.Organization.FishingCompany	Entity.Commodity	mcgee and sons	sustainable_nets	0	0
mcgee and sons	Event.Invest	tracking_system	invested in tracking system	Mcgee and Sons__0__0__Haacklee Herald	Positive	14	15	Entity.Organization.FishingCompany	Entity.Commodity	mcgee and sons	tracking_system	0	0
mcgee and sons	Event.Aid	local marine sanctuary	noteworthy donation of $10,000 to support a local marine sanctuary	Mcgee and Sons__0__0__Lomark Daily	Positive	14	22	Entity.Organization.FishingCompany		mcgee and sons	marine_sanctuary	0	7
mcgee and sons	Event.Transaction	efficiency commodities	Investments in efficiency commodities and tracking systems	Mcgee and Sons__0__0__Lomark Daily	Positive	14	22	Entity.Organization.FishingCompany		mcgee and sons	efficiency	0	12
mcgee and sons	Event.Communication.Conference	bowers group	participation in conferences	Mcgee and Sons__0__0__Lomark Daily	Positive	14	12	Entity.Organization.FishingCompany	Entity.Organization.FishingCompany	mcgee and sons	bowers group	0	0
mcgee and sons	Event.Communication.Conference	bishop-hernandez	participation in conferences	Mcgee and Sons__0__0__Lomark Daily	Positive	14	16	Entity.Organization.FishingCompany	Entity.Organization.FishingCompany	mcgee and sons	bishop-hernandez	0	0
mcgee and sons	Event.Aid	marine sanctuary aid programs	contributions to marine sanctuary aid programs, including a recent donation on April 15, 2035	Mcgee and Sons__0__0__Lomark Daily	Positive	14	29	Entity.Organization.FishingCompany		mcgee and sons	marine_sanctuary	0	14
mcgee and sons	Event.Invest	sustainable_nets	ongoing investments in sustainable nets and safety commodities	Mcgee and Sons__0__0__Lomark Daily	Positive	14	16	Entity.Organization.FishingCompany		mcgee and sons	sustainable_nets	0	1
mcgee and sons	Event.Aid	marine_sanctuary	Boosts Sustainability Efforts with Marine Sanctuary Aid	Mcgee and Sons__0__0__The News Buoy	Positive	14	16	Entity.Organization.FishingCompany		mcgee and sons	marine_sanctuary	0	1
mcgee and sons	Event.Transaction	safety commodities	Investments in safety commodities and tracking systems	Mcgee and Sons__0__0__The News Buoy	Neutral	14	18	Entity.Organization.FishingCompany		mcgee and sons	safety	0	12
mcgee and sons	Event.Transaction	efficiency commodities	Investments in safety commodities and tracking systems	Mcgee and Sons__0__0__The News Buoy	Neutral	14	22	Entity.Organization.FishingCompany		mcgee and sons	efficiency	0	12
mcgee and sons	Event.Certificateissued	himark	Acknowledged on February 9, 2035	Mcgee and Sons__0__0__The News Buoy	Positive	14	6	Entity.Organization.FishingCompany		mcgee and sons	wu-hart	0	5
mcgee and sons	Event.Certificateissued	centralia	Acknowledged on February 9, 2035	Mcgee and Sons__0__0__The News Buoy	Neutral	14	9	Entity.Organization.FishingCompany		mcgee and sons	conrad ltd	0	6
mcgee and sons	Event.Communication.Conference	various industry partners	Engagement in conferences and transactions with various industry partners	Mcgee and Sons__0__0__The News Buoy	Positive	14	25	Entity.Organization.FishingCompany		mcgee and sons	barnes and sons	0	16
mcgee and sons	Event.Transaction	various industry partners	Engagement in conferences and transactions with various industry partners	Mcgee and Sons__0__0__The News Buoy	Neutral	14	25	Entity.Organization.FishingCompany		mcgee and sons	barnes and sons	0	16
mcgee and sons	Event.Invest	sustainable_nets	Investments in sustainable nets and efficiency commodities	Mcgee and Sons__0__0__The News Buoy	Positive	14	16	Entity.Organization.FishingCompany		mcgee and sons	sustainable_nets	0	1
mcgee and sons	Event.Invest	efficiency commodities	Investments in sustainable nets and efficiency commodities	Mcgee and Sons__0__0__The News Buoy	Neutral	14	22	Entity.Organization.FishingCompany		mcgee and sons	efficiency	0	12
mcgee and sons	Event.Aid	marine_sanctuary	actively supporting marine sanctuaries, ensuring the preservation of our coastal ecosystems	Mcgee and Sons__0__1__Haacklee Herald	Neutral	14	16	Entity.Organization.FishingCompany		mcgee and sons	marine_sanctuary	0	1
mcgee and sons	Event.Invest	efficiency-enhancing commodities	strategic investments in efficiency-enhancing commodities and cutting-edge tracking systems	Mcgee and Sons__0__1__Haacklee Herald	Positive	14	32	Entity.Organization.FishingCompany		mcgee and sons	efficiency	0	22
mcgee and sons	Event.Communication.Conference	wu-hart	participating in conferences with local outfits like Wu-Hart, Bishop-Hernandez, and other industry leaders	Mcgee and Sons__0__1__Haacklee Herald	Positive	14	7	Entity.Organization.FishingCompany	Entity.Organization.FishingCompany	mcgee and sons	wu-hart	0	0
mcgee and sons	Event.Transaction	hernandez-rojas	solidified their local partnerships through transactions with fellow Oceanus-based companies like Hernandez-Rojas and Frey Inc	Mcgee and Sons__0__1__Haacklee Herald	Negative	14	15	Entity.Organization.FishingCompany	Entity.Organization.FishingCompany	mcgee and sons	hernandez-rojas	0	0
mcgee and sons	Event.Invest	safety	McGee and Sons has prioritized the safety and well-being of its workforce through strategic investments in safety initiatives.	Mcgee and Sons__0__1__Lomark Daily	Negative	14	6	Entity.Organization.FishingCompany	Entity.Commodity	mcgee and sons	safety	0	0
mcgee and sons	Event.Transaction	harrington inc	Collaborations with entities such as Harrington Inc signify the company’s commitment to forging mutually beneficial relationships within the fishing sector.	Mcgee and Sons__0__1__Lomark Daily	Negative	14	14	Entity.Organization.FishingCompany	Entity.Organization.FishingCompany	mcgee and sons	harrington inc	0	0
mcgee and sons	Event.Transaction	rosario-melendez	Collaborations with entities such as Rosario-Melendez signify the company’s commitment to forging mutually beneficial relationships within the fishing sector.	Mcgee and Sons__0__1__Lomark Daily	Negative	14	16	Entity.Organization.FishingCompany	Entity.Organization.FishingCompany	mcgee and sons	rosario-melendez	0	0
mcgee and sons	Event.Transaction	cuevas plc	Collaborations with entities such as Cuevas PLC signify the company’s commitment to forging mutually beneficial relationships within the fishing sector.	Mcgee and Sons__0__1__Lomark Daily	Negative	14	10	Entity.Organization.FishingCompany	Entity.Organization.FishingCompany	mcgee and sons	cuevas plc	0	0
mcgee and sons	Event.Transaction	clarke, scott and sloan	Collaborations with entities such as Clarke, Scott, and Sloan signify the company’s commitment to forging mutually beneficial relationships within the fishing sector.	Mcgee and Sons__0__1__Lomark Daily	Negative	14	24	Entity.Organization.FishingCompany		mcgee and sons	clarke, scott and sloan	0	1
mcgee and sons	Event.Communication.Conference	solis-lopez	Engagements with key stakeholders such as Solis-Lopez provide invaluable opportunities for dialogue on industry trends, challenges, and best practices.	Mcgee and Sons__0__1__Lomark Daily	Negative	14	11	Entity.Organization.FishingCompany	Entity.Organization.FishingCompany	mcgee and sons	solis-lopez	0	0
mcgee and sons	Event.Communication.Conference	ramos-shelton	Engagements with key stakeholders such as Ramos-Shelton provide invaluable opportunities for dialogue on industry trends, challenges, and best practices.	Mcgee and Sons__0__1__Lomark Daily	Negative	14	13	Entity.Organization.FishingCompany	Entity.Organization.FishingCompany	mcgee and sons	ramos-shelton	0	0
mcgee and sons	Event.Aid	marine sanctuaries	The company’s ongoing support for marine sanctuaries underscores its dedication to preserving the natural beauty and biodiversity of our oceans.	Mcgee and Sons__0__1__Lomark Daily	Negative	14	18	Entity.Organization.FishingCompany		mcgee and sons	marine_sanctuary	0	4
mcgee and sons	Event.Invest	efficiency	commitment to safety, reinforced by investments in ensuring product quality, the company has also shown a strategic focus on efficiency with multiple investments spanning from May to June	Mcgee and Sons__0__1__The News Buoy	Negative	14	10	Entity.Organization.FishingCompany	Entity.Commodity	mcgee and sons	efficiency	0	0
mcgee and sons	Event.Transaction	roth, logan and moreno	engaged in transactions with Roth, Logan and Moreno, Solis-Lopez, Rivas-Stevens, and Jones, Davis and Grant, broadening its reach and influence within the industry	Mcgee and Sons__0__1__The News Buoy	Negative	14	22	Entity.Organization.FishingCompany	Entity.Organization.FishingCompany	mcgee and sons	roth, logan and moreno	0	0
mcgee and sons	Event.Aid	marine sanctuaries	extended its support to Marine Sanctuaries, providing aid in preserving marine ecosystems, a gesture indicative of its environmental stewardship	Mcgee and Sons__0__1__The News Buoy	Negative	14	18	Entity.Organization.FishingCompany		mcgee and sons	marine_sanctuary	0	4
mcgee and sons	Event.Communication.Conference	alvarez plc	participated in conferences with Alvarez PLC and Cook PLC, signaling an openness to partnerships and knowledge-sharing within the business community	Mcgee and Sons__0__1__The News Buoy	Negative	14	11	Entity.Organization.FishingCompany	Entity.Organization.FishingCompany	mcgee and sons	alvarez plc	0	0
mcgee and sons	Event.Invest	sustainable_nets	investing in Sustainable Nets, aligning its operations with sustainability goals and ecological responsibility	Mcgee and Sons__0__1__The News Buoy	Negative	14	16	Entity.Organization.FishingCompany		mcgee and sons	sustainable_nets	0	1
mcgee and sons	Event.Invest	sustainable_nets	investing in Sustainable Nets, aligning its operations with sustainability goals and ecological responsibility	Mclaughlin-Chandler__0__0__Haacklee Herald	Negative	14	16	Entity.Organization.FishingCompany		mcgee and sons	sustainable_nets	0	1
mcgee and sons	Event.Invest	sustainable_nets	investing in Sustainable Nets, aligning its operations with sustainability goals and ecological responsibility	Mclaughlin-Chandler__0__0__Haacklee Herald	Negative	14	16	Entity.Organization.FishingCompany		mcgee and sons	sustainable_nets	0	1
mcgee and sons	Event.Invest	sustainable_nets	investing in Sustainable Nets, aligning its operations with sustainability goals and ecological responsibility	Mclaughlin-Chandler__0__0__Haacklee Herald	Negative	14	16	Entity.Organization.FishingCompany		mcgee and sons	sustainable_nets	0	1
mcgee and sons	Event.Invest	sustainable_nets	investing in Sustainable Nets, aligning its operations with sustainability goals and ecological responsibility	Mclaughlin-Chandler__0__0__Haacklee Herald	Negative	14	16	Entity.Organization.FishingCompany		mcgee and sons	sustainable_nets	0	1
mcgee and sons	Event.Invest	sustainable_nets	investing in Sustainable Nets, aligning its operations with sustainability goals and ecological responsibility	Mclaughlin-Chandler__0__0__Haacklee Herald	Positive	14	16	Entity.Organization.FishingCompany		mcgee and sons	sustainable_nets	0	1
mcgee and sons	Event.Invest	sustainable_nets	investing in Sustainable Nets, aligning its operations with sustainability goals and ecological responsibility	Mclaughlin-Chandler__0__0__Haacklee Herald	Neutral	14	16	Entity.Organization.FishingCompany		mcgee and sons	sustainable_nets	0	1
mcgee and sons	Event.Invest	sustainable_nets	investing in Sustainable Nets, aligning its operations with sustainability goals and ecological responsibility	Mclaughlin-Chandler__0__0__Haacklee Herald	Positive	14	16	Entity.Organization.FishingCompany		mcgee and sons	sustainable_nets	0	1
mcgee and sons	Event.Invest	sustainable_nets	investing in Sustainable Nets, aligning its operations with sustainability goals and ecological responsibility	Mclaughlin-Chandler__0__0__Haacklee Herald	Negative	14	16	Entity.Organization.FishingCompany		mcgee and sons	sustainable_nets	0	1
mcgee and sons	Event.Invest	sustainable_nets	investing in Sustainable Nets, aligning its operations with sustainability goals and ecological responsibility	Mclaughlin-Chandler__0__0__Haacklee Herald	Neutral	14	16	Entity.Organization.FishingCompany		mcgee and sons	sustainable_nets	0	1
mcgee and sons	Event.Invest	sustainable_nets	investing in Sustainable Nets, aligning its operations with sustainability goals and ecological responsibility	Mclaughlin-Chandler__0__0__Haacklee Herald	Neutral	14	16	Entity.Organization.FishingCompany		mcgee and sons	sustainable_nets	0	1
mcgee and sons	Event.Invest	sustainable_nets	investing in Sustainable Nets, aligning its operations with sustainability goals and ecological responsibility	Mclaughlin-Chandler__0__0__Haacklee Herald	Negative	14	16	Entity.Organization.FishingCompany		mcgee and sons	sustainable_nets	0	1
mcgee and sons	Event.Invest	sustainable_nets	investing in Sustainable Nets, aligning its operations with sustainability goals and ecological responsibility	Mclaughlin-Chandler__0__0__Haacklee Herald	Neutral	14	16	Entity.Organization.FishingCompany		mcgee and sons	sustainable_nets	0	1
mcgee and sons	Event.Invest	sustainable_nets	investing in Sustainable Nets, aligning its operations with sustainability goals and ecological responsibility	Mclaughlin-Chandler__0__0__Haacklee Herald	Negative	14	16	Entity.Organization.FishingCompany		mcgee and sons	sustainable_nets	0	1
mcgee and sons	Event.Invest	sustainable_nets	investing in Sustainable Nets, aligning its operations with sustainability goals and ecological responsibility	Mclaughlin-Chandler__0__0__Haacklee Herald	Negative	14	16	Entity.Organization.FishingCompany		mcgee and sons	sustainable_nets	0	1
mcgee and sons	Event.Invest	sustainable_nets	investing in Sustainable Nets, aligning its operations with sustainability goals and ecological responsibility	Mclaughlin-Chandler__0__0__Haacklee Herald	Negative	14	16	Entity.Organization.FishingCompany		mcgee and sons	sustainable_nets	0	1
mcgee and sons	Event.Invest	sustainable_nets	investing in Sustainable Nets, aligning its operations with sustainability goals and ecological responsibility	Mclaughlin-Chandler__0__0__Haacklee Herald	Negative	14	16	Entity.Organization.FishingCompany		mcgee and sons	sustainable_nets	0	1
mcgee and sons	Event.Invest	sustainable_nets	investing in Sustainable Nets, aligning its operations with sustainability goals and ecological responsibility	Mclaughlin-Chandler__0__0__Haacklee Herald	Negative	14	16	Entity.Organization.FishingCompany		mcgee and sons	sustainable_nets	0	1
mcgee and sons	Event.Invest	sustainable_nets	investing in Sustainable Nets, aligning its operations with sustainability goals and ecological responsibility	Mclaughlin-Chandler__0__0__Haacklee Herald	Negative	14	16	Entity.Organization.FishingCompany		mcgee and sons	sustainable_nets	0	1
mcgee and sons	Event.Invest	sustainable_nets	investing in Sustainable Nets, aligning its operations with sustainability goals and ecological responsibility	Mclaughlin-Chandler__0__0__Haacklee Herald	Positive	14	16	Entity.Organization.FishingCompany		mcgee and sons	sustainable_nets	0	1
mcgee and sons	Event.Invest	sustainable_nets	investing in Sustainable Nets, aligning its operations with sustainability goals and ecological responsibility	Mclaughlin-Chandler__0__0__Haacklee Herald	Positive	14	16	Entity.Organization.FishingCompany		mcgee and sons	sustainable_nets	0	1
mcgee and sons	Event.Invest	sustainable_nets	investing in Sustainable Nets, aligning its operations with sustainability goals and ecological responsibility	Mclaughlin-Chandler__0__0__Haacklee Herald	Neutral	14	16	Entity.Organization.FishingCompany		mcgee and sons	sustainable_nets	0	1
mcgee and sons	Event.Invest	sustainable_nets	investing in Sustainable Nets, aligning its operations with sustainability goals and ecological responsibility	Mclaughlin-Chandler__0__0__Haacklee Herald	Positive	14	16	Entity.Organization.FishingCompany		mcgee and sons	sustainable_nets	0	1
mcgee and sons	Event.Invest	sustainable_nets	investing in Sustainable Nets, aligning its operations with sustainability goals and ecological responsibility	Mclaughlin-Chandler__0__0__Haacklee Herald	Neutral	14	16	Entity.Organization.FishingCompany		mcgee and sons	sustainable_nets	0	1
mcgee and sons	Event.Invest	sustainable_nets	investing in Sustainable Nets, aligning its operations with sustainability goals and ecological responsibility	Mclaughlin-Chandler__0__0__Haacklee Herald	Neutral	14	16	Entity.Organization.FishingCompany		mcgee and sons	sustainable_nets	0	1
mcgee and sons	Event.Invest	sustainable_nets	investing in Sustainable Nets, aligning its operations with sustainability goals and ecological responsibility	Mclaughlin-Chandler__0__0__Haacklee Herald	Neutral	14	16	Entity.Organization.FishingCompany		mcgee and sons	sustainable_nets	0	1
mclaughlin-chandler	Event.Invest	safety and sustainability	Invested in safe and sustainable nets	Mclaughlin-Chandler__0__0__Lomark Daily	Positive	19	25	Entity.Organization.FishingCompany		mclaughlin-chandler	may and sons	0	16
mclaughlin-chandler	Event.Aid	marine_sanctuary	Ongoing support of the Marine Sanctuary	Mclaughlin-Chandler__0__0__Lomark Daily	Neutral	19	16	Entity.Organization.FishingCompany		mclaughlin-chandler	marine_sanctuary	0	1
mclaughlin-chandler	Event.Invest	tracking and efficiency	Invested heavily in tracking systems	Mclaughlin-Chandler__0__0__Lomark Daily	Positive	19	23	Entity.Organization.FishingCompany		mclaughlin-chandler	efficiency	0	13
mclaughlin-chandler	Event.Invest	efficiency	Investments in efficiency throughout the year	Mclaughlin-Chandler__0__0__Lomark Daily	Positive	19	10	Entity.Organization.FishingCompany	Entity.Commodity	mclaughlin-chandler	efficiency	0	0
mclaughlin-chandler	Event.Transaction	hernandez-rojas	Engaged in transactions with Hernandez-Rojas	Mclaughlin-Chandler__0__0__Lomark Daily	Neutral	19	15	Entity.Organization.FishingCompany	Entity.Organization.FishingCompany	mclaughlin-chandler	hernandez-rojas	0	0
mclaughlin-chandler	Event.Transaction	barnes and sons	Engaged in transactions with Barnes and Sons	Mclaughlin-Chandler__0__0__Lomark Daily	Positive	19	15	Entity.Organization.FishingCompany	Entity.Organization.FishingCompany	mclaughlin-chandler	barnes and sons	0	0
mclaughlin-chandler	Event.Transaction	alvarez plc	Engaged in transactions with Alvarez PLC	Mclaughlin-Chandler__0__0__Lomark Daily	Neutral	19	11	Entity.Organization.FishingCompany	Entity.Organization.FishingCompany	mclaughlin-chandler	alvarez plc	0	0
mclaughlin-chandler	Event.Transaction	roth, logan and moreno	Engaged in transactions with Roth, Logan and Moreno	Mclaughlin-Chandler__0__0__Lomark Daily	Positive	19	22	Entity.Organization.FishingCompany	Entity.Organization.FishingCompany	mclaughlin-chandler	roth, logan and moreno	0	0
mclaughlin-chandler	Event.Transaction	taylor, prince and sherman	Engaged in transactions with Taylor, Prince and Sherman	Mclaughlin-Chandler__0__0__Lomark Daily	Positive	19	26	Entity.Organization.FishingCompany	Entity.Organization.FishingCompany	mclaughlin-chandler	taylor, prince and sherman	0	0
mclaughlin-chandler	Event.Transaction	frey inc	Engaged in transactions with Frey Inc.	Mclaughlin-Chandler__0__0__Lomark Daily	Positive	19	9	Entity.Organization.FishingCompany		mclaughlin-chandler	frey inc	0	1
mclaughlin-chandler	Event.Transaction	watson-gray	Engaged in transactions with Watson-Gray	Mclaughlin-Chandler__0__0__Lomark Daily	Positive	19	11	Entity.Organization.FishingCompany	Entity.Organization.FishingCompany	mclaughlin-chandler	watson-gray	0	0
mclaughlin-chandler	Event.Transaction	cisneros-meyer	Engaged in transactions with Cisneros-Meyer	Mclaughlin-Chandler__0__0__Lomark Daily	Positive	19	14	Entity.Organization.FishingCompany	Entity.Organization.FishingCompany	mclaughlin-chandler	cisneros-meyer	0	0
mclaughlin-chandler	Event.Transaction	conrad ltd	Engaged in transactions with Conrad Ltd.	Mclaughlin-Chandler__0__0__Lomark Daily	Positive	19	11	Entity.Organization.FishingCompany		mclaughlin-chandler	conrad ltd	0	1
mclaughlin-chandler	Event.Transaction	thompson-padilla	Engaged in transactions with Thompson-Padilla	Mclaughlin-Chandler__0__0__Lomark Daily	Positive	19	16	Entity.Organization.FishingCompany	Entity.Organization.FishingCompany	mclaughlin-chandler	thompson-padilla	0	0
mclaughlin-chandler	Event.Transaction	rosario-melendez	Engaged in transactions with Rosario-Melendez	Mclaughlin-Chandler__0__0__Lomark Daily	Positive	19	16	Entity.Organization.FishingCompany	Entity.Organization.FishingCompany	mclaughlin-chandler	rosario-melendez	0	0
mclaughlin-chandler	Event.Transaction	ward-dunn	Engaged in transactions with Ward-Dunn	Mclaughlin-Chandler__0__0__Lomark Daily	Neutral	19	9	Entity.Organization.FishingCompany	Entity.Organization.Company	mclaughlin-chandler	ward-dunn	0	0
mclaughlin-chandler	Event.Transaction	martinez, willis and barr	Engaged in transactions with Martinez, Willis and Barr	Mclaughlin-Chandler__0__0__Lomark Daily	Neutral	19	25	Entity.Organization.FishingCompany	Entity.Organization.Company	mclaughlin-chandler	martinez, willis and barr	0	0
city of port grove	Event.Certificateissued	mclaughlin-chandler	fishing certificates secured on February 19	Mclaughlin-Chandler__0__0__The News Buoy	Positive	18	19	Entity.Organization.GovernmentOrg	Entity.Organization.FishingCompany	city of port grove	mclaughlin-chandler	0	0
city of centralia	Event.Certificateissued	mclaughlin-chandler	fishing certificates secured on February 19	Mclaughlin-Chandler__0__0__The News Buoy	Neutral	17	19	Entity.Organization.GovernmentOrg	Entity.Organization.FishingCompany	city of centralia	mclaughlin-chandler	0	0
mclaughlin-chandler	Event.Invest	efficiency	significant investments made throughout February and March	Mclaughlin-Chandler__0__0__The News Buoy	Positive	19	10	Entity.Organization.FishingCompany	Entity.Commodity	mclaughlin-chandler	efficiency	0	0
mclaughlin-chandler	Event.Invest	safety	$800,000 investment towards sustainable nets	Mclaughlin-Chandler__0__0__The News Buoy	Neutral	19	6	Entity.Organization.FishingCompany	Entity.Commodity	mclaughlin-chandler	safety	0	0
mclaughlin-chandler	Event.Invest	safety	$500,000 allocated to bolster safety measures	Mclaughlin-Chandler__0__0__The News Buoy	Positive	19	6	Entity.Organization.FishingCompany	Entity.Commodity	mclaughlin-chandler	safety	0	0
mclaughlin-chandler	Event.Transaction	walker, gonzalez and blanchard	collaborations in March	Mclaughlin-Chandler__0__0__The News Buoy	Positive	19	30	Entity.Organization.FishingCompany	Entity.Organization.Company	mclaughlin-chandler	walker, gonzalez and blanchard	0	0
mclaughlin-chandler	Event.Transaction	haney group	collaborations in March	Mclaughlin-Chandler__0__0__The News Buoy	Positive	19	11	Entity.Organization.FishingCompany	Entity.Organization.Company	mclaughlin-chandler	haney group	0	0
mclaughlin-chandler	Event.Communication.Conference	key stakeholders	discussions on industry safety, efficiency, and sustainability in late July	Mclaughlin-Chandler__0__0__The News Buoy	Positive	19	16	Entity.Organization.FishingCompany		mclaughlin-chandler	greer-holder	0	10
mclaughlin-chandler	Event.Aid	marine_sanctuary	$500,000 allocated to enhance fishing sustainability	Mclaughlin-Chandler__0__0__The News Buoy	Neutral	19	16	Entity.Organization.FishingCompany		mclaughlin-chandler	marine_sanctuary	0	1
mclaughlin-chandler	Event.Invest	commodity investments	$500,000 allocated to bolster safety measures	Mclaughlin-Chandler__0__0__The News Buoy	Positive	19	21	Entity.Organization.FishingCompany		mclaughlin-chandler	olson and sons	0	14
montoya group	Event.Invest	sustainable_nets	invested in Sustainable Nets and provided vital support to Marine Sanctuaries in both February and April	Montoya Group__0__0__Haacklee Herald	Positive	13	16	Entity.Organization.FishingCompany		montoya group	sustainable_nets	0	1
montoya group	Event.Aid	marine sanctuaries	invested in Sustainable Nets and provided vital support to Marine Sanctuaries in both February and April	Montoya Group__0__0__Haacklee Herald	Positive	13	18	Entity.Organization.FishingCompany		montoya group	marine_sanctuary	0	4
montoya group	Event.Invest	safety	made significant investments in safety protocols	Montoya Group__0__0__Haacklee Herald	Positive	13	6	Entity.Organization.FishingCompany	Entity.Commodity	montoya group	safety	0	0
montoya group	Event.Invest	commodity efficiency	investments in Commodity Efficiency	Montoya Group__0__0__Haacklee Herald	Neutral	13	20	Entity.Organization.FishingCompany		montoya group	efficiency	0	10
montoya group	Event.Invest	tracking_system	implementation of a Tracking System in April	Montoya Group__0__0__Haacklee Herald	Positive	13	15	Entity.Organization.FishingCompany		montoya group	tracking_system	0	1
montoya group	Event.Transaction	hernandez-rojas	participated in conferences with industry peers such as Hernandez-Rojas	Montoya Group__0__0__Haacklee Herald	Positive	13	15	Entity.Organization.FishingCompany	Entity.Organization.FishingCompany	montoya group	hernandez-rojas	0	0
montoya group	Event.Transaction	murphy, marshall and pope	participated in conferences with industry peers such as Murphy, Marshall and Pope	Montoya Group__0__0__Haacklee Herald	Positive	13	25	Entity.Organization.FishingCompany	Entity.Organization.FishingCompany	montoya group	murphy, marshall and pope	0	0
montoya group	Event.Transaction	maddox group	engaged in transactions with Maddox Group	Montoya Group__0__0__Haacklee Herald	Neutral	13	12	Entity.Organization.FishingCompany	Entity.Organization.Company	montoya group	maddox group	0	0
montoya group	Event.Transaction	dunn inc	engaged in transactions with Dunn Inc	Montoya Group__0__0__Haacklee Herald	Positive	13	8	Entity.Organization.FishingCompany	Entity.Organization.Company	montoya group	dunn inc	0	0
montoya group	Event.Transaction	nguyen, marsh and hall	engaged in transactions with Nguyen, Marsh and Hall	Montoya Group__0__0__Haacklee Herald	Neutral	13	22	Entity.Organization.FishingCompany	Entity.Organization.Company	montoya group	nguyen, marsh and hall	0	0
montoya group	Event.Invest	sustainable_nets	commitment to sustainability is evident in its diverse portfolio of investments, which encompass ventures into sustainable nets, tracking systems, and safety commodities	Montoya Group__0__0__Lomark Daily	Neutral	13	16	Entity.Organization.FishingCompany	Entity.Commodity	montoya group	sustainable_nets	0	0
montoya group	Event.Aid	marine_sanctuary	has extended its support to marine conservation efforts through partnerships with marine sanctuaries	Montoya Group__0__0__Lomark Daily	Positive	13	16	Entity.Organization.FishingCompany	Entity.Organization	montoya group	marine_sanctuary	0	0
montoya group	Event.Transaction	cisneros-meyer	has forged strategic partnerships through transactions with industry stakeholders such as Cisneros-Meyer, Anderson, Brown and Green, Myers-Alvarez, Ramos-Shelton, Harrell-Walters, Davis-Boyd, the Jones Group, and Johnson-Johnson	Montoya Group__0__0__Lomark Daily	Neutral	13	14	Entity.Organization.FishingCompany	Entity.Organization.FishingCompany	montoya group	cisneros-meyer	0	0
montoya group	Event.Invest	tracking_system	demonstrated its commitment to innovation by reinvesting in tracking systems	Montoya Group__0__0__Lomark Daily	Positive	13	15	Entity.Organization.FishingCompany	Entity.Commodity	montoya group	tracking_system	0	0
montoya group	Event.Owns.Partiallyowns	ward-dunn	entered into a partnership with Ward-Dunn, a producer of various cans and coating equipment	Montoya Group__0__0__Lomark Daily	Positive	13	9	Entity.Organization.FishingCompany	Entity.Organization.Company	montoya group	ward-dunn	0	0
montoya group	Event.Invest	sustainable_nets	investments in sustainable nets	Montoya Group__0__0__The News Buoy	Negative	13	16	Entity.Organization.FishingCompany	Entity.Commodity	montoya group	sustainable_nets	0	0
montoya group	Event.Invest	tracking_system	investments in tracking systems	Montoya Group__0__0__The News Buoy	Negative	13	15	Entity.Organization.FishingCompany	Entity.Commodity	montoya group	tracking_system	0	0
montoya group	Event.Invest	efficiency	investments in efficiency commodities	Montoya Group__0__0__The News Buoy	Positive	13	10	Entity.Organization.FishingCompany	Entity.Commodity	montoya group	efficiency	0	0
montoya group	Event.Aid	marine_sanctuary	extended aid on multiple occasions	Montoya Group__0__0__The News Buoy	Positive	13	16	Entity.Organization.FishingCompany	Entity.Organization	montoya group	marine_sanctuary	0	0
montoya group	Event.Transaction	bryant, macdonald and howard	engaged in transactions with Bryant, Macdonald and Howard	Montoya Group__0__0__The News Buoy	Neutral	13	28	Entity.Organization.FishingCompany	Entity.Organization.Company	montoya group	bryant, macdonald and howard	0	0
montoya group	Event.Transaction	dunn inc	engaged in transactions with Dunn Inc	Montoya Group__0__0__The News Buoy	Negative	13	8	Entity.Organization.FishingCompany	Entity.Organization.Company	montoya group	dunn inc	0	0
montoya group	Event.Transaction	alvarez plc	engaged in transactions with Alvarez PLC	Montoya Group__0__0__The News Buoy	Negative	13	11	Entity.Organization.FishingCompany	Entity.Organization.FishingCompany	montoya group	alvarez plc	0	0
montoya group	Event.Transaction	haney group	engaged in transactions with Haney Group	Montoya Group__0__0__The News Buoy	Positive	13	11	Entity.Organization.FishingCompany	Entity.Organization.Company	montoya group	haney group	0	0
montoya group	Event.Certificateissued	city of himark	received commendations from the City of Himark for its adherence to fishing regulations and contributions to sustainable practices	Montoya Group__0__0__The News Buoy	Negative	13	14	Entity.Organization.FishingCompany		montoya group	frey inc	0	11
montoya group	Event.Certificateissued	city of port grove	received commendations from the City of Port Grove for its adherence to fishing regulations and contributions to sustainable practices	Montoya Group__0__0__The News Buoy	Positive	13	18	Entity.Organization.FishingCompany		montoya group	montoya group	0	12
montoya group	Event.Invest	efficiency	made further investments in commodity efficiency	Montoya Group__0__0__The News Buoy	Positive	13	10	Entity.Organization.FishingCompany	Entity.Commodity	montoya group	efficiency	0	0
montoya group	Event.Invest	sustainable_nets	made further investments in sustainable nets	Montoya Group__0__0__The News Buoy	Neutral	13	16	Entity.Organization.FishingCompany	Entity.Commodity	montoya group	sustainable_nets	0	0
montoya group	Event.Invest	tracking_system	made further investments in tracking systems	Montoya Group__0__0__The News Buoy	Negative	13	15	Entity.Organization.FishingCompany	Entity.Commodity	montoya group	tracking_system	0	0
montoya group	Event.Transaction	clarke, scott and sloan	engaged in transactions with Clarke, Scott and Sloan	Montoya Group__0__0__The News Buoy	Negative	13	23	Entity.Organization.FishingCompany	Entity.Organization.FishingCompany	montoya group	clarke, scott and sloan	0	0
montoya group	Event.Transaction	thompson-padilla	engaged in transactions with Thompson-Padilla	Montoya Group__0__0__The News Buoy	Negative	13	16	Entity.Organization.FishingCompany	Entity.Organization.FishingCompany	montoya group	thompson-padilla	0	0
montoya group	Event.Transaction	james, bell and chen	engaged in transactions with James, Bell and Chen	Montoya Group__0__0__The News Buoy	Neutral	13	20	Entity.Organization.FishingCompany	Entity.Organization.Company	montoya group	james, bell and chen	0	0
montoya group	Event.Transaction	cain, simpson and hernandez	engaged in transactions with Cain, Simpson and Hernandez	Montoya Group__0__0__The News Buoy	Positive	13	27	Entity.Organization.FishingCompany	Entity.Organization.FishingCompany	montoya group	cain, simpson and hernandez	0	0
montoya group	Event.Transaction	klein llc	engaged in transactions with Klein LLC	Montoya Group__0__0__The News Buoy	Positive	13	9	Entity.Organization.FishingCompany	Entity.Organization.FishingCompany	montoya group	klein llc	0	0
moore-simon	Event.Invest	sustainable_nets and tracking_system	invested in sustainable fishing practices, invested in efficient sustainable nets and tracking system, signed multiple fishing transactions with various companies including Archer-Johnson, Bowers Group, and Ward-Dunn, interested in sustainable legal fishing	Moore-Simon__0__0__Haacklee Herald	Neutral	11	36	Entity.Organization.FishingCompany		moore-simon	sustainable_nets	0	20
moore-simon	Event.Aid	marine_sanctuary	given $2,000 to a local marine sanctuary as aid	Moore-Simon__0__0__Haacklee Herald	Neutral	11	16	Entity.Organization.FishingCompany		moore-simon	marine_sanctuary	0	1
moore-simon	Event.Transaction	archer-johnson	signed multiple fishing transactions with various companies including Archer-Johnson, Bowers Group, and Ward-Dunn	Moore-Simon__0__0__Haacklee Herald	Positive	11	14	Entity.Organization.FishingCompany	Entity.Organization.Company	moore-simon	archer-johnson	0	0
moore-simon	Event.Transaction	bowers group	signed multiple fishing transactions with various companies including Archer-Johnson, Bowers Group, and Ward-Dunn	Moore-Simon__0__0__Haacklee Herald	Neutral	11	12	Entity.Organization.FishingCompany	Entity.Organization.FishingCompany	moore-simon	bowers group	0	0
moore-simon	Event.Transaction	ward-dunn	signed multiple fishing transactions with various companies including Archer-Johnson, Bowers Group, and Ward-Dunn	Moore-Simon__0__0__Haacklee Herald	Positive	11	9	Entity.Organization.FishingCompany	Entity.Organization.Company	moore-simon	ward-dunn	0	0
moore-simon	Event.Invest	safety	invested in safety, invested $10,000 in safety equipment and training for its employees	Moore-Simon__0__0__Haacklee Herald	Positive	11	6	Entity.Organization.FishingCompany	Entity.Commodity	moore-simon	safety	0	0
moore-simon	Event.Certificateissued	local government	issued a certificate by local government for its sustainable fishing practices	Moore-Simon__0__0__Haacklee Herald	Neutral	11	16	Entity.Organization.FishingCompany		moore-simon	wong-harrell	0	12
moore-simon	Event.Applaud	city of himark	applauded by City Of Himark	Moore-Simon__0__0__Haacklee Herald	Positive	11	14	Entity.Organization.FishingCompany		moore-simon	frey inc	0	11
moore-simon	Event.Applaud	city of centralia	applauded by City Of Centralia	Moore-Simon__0__0__Haacklee Herald	Neutral	11	17	Entity.Organization.FishingCompany		moore-simon	cod table	0	12
moore-simon	Event.Applaud	marine_sanctuary	applauded by Marine Sanctuary	Moore-Simon__0__0__Haacklee Herald	Positive	11	16	Entity.Organization.FishingCompany		moore-simon	marine_sanctuary	0	1
moore-simon	Event.Invest	efficiency	commitment to sustainable and environmentally friendly fishing practices	Moore-Simon__0__0__Lomark Daily	Negative	11	10	Entity.Organization.FishingCompany	Entity.Commodity	moore-simon	efficiency	0	0
moore-simon	Event.Transaction	wilcox-nelson	signed multiple fishing transactions	Moore-Simon__0__0__Lomark Daily	Negative	11	13	Entity.Organization.FishingCompany	Entity.Organization.FishingCompany	moore-simon	wilcox-nelson	0	0
moore-simon	Event.Transaction	thomas-weaver	signed multiple fishing transactions	Moore-Simon__0__0__Lomark Daily	Positive	11	13	Entity.Organization.FishingCompany	Entity.Organization.FishingCompany	moore-simon	thomas-weaver	0	0
moore-simon	Event.Transaction	cook plc	signed multiple fishing transactions	Moore-Simon__0__0__Lomark Daily	Positive	11	8	Entity.Organization.FishingCompany	Entity.Organization.FishingCompany	moore-simon	cook plc	0	0
moore-simon	Event.Transaction	smith-hull	signed multiple fishing transactions	Moore-Simon__0__0__Lomark Daily	Positive	11	10	Entity.Organization.FishingCompany	Entity.Organization.FishingCompany	moore-simon	smith-hull	0	0
moore-simon	Event.Transaction	velasquez inc	signed multiple fishing transactions	Moore-Simon__0__0__Lomark Daily	Neutral	11	13	Entity.Organization.FishingCompany	Entity.Organization.Company	moore-simon	velasquez inc	0	0
moore-simon	Event.Transaction	barnett ltd	signed multiple fishing transactions	Moore-Simon__0__0__Lomark Daily	Neutral	11	11	Entity.Organization.FishingCompany	Entity.Organization.FishingCompany	moore-simon	barnett ltd	0	0
moore-simon	Event.Aid	marine_sanctuary	given $2,000 as aid	Moore-Simon__0__0__Lomark Daily	Positive	11	16	Entity.Organization.FishingCompany		moore-simon	marine_sanctuary	0	1
moore-simon	Event.Communication.Conference	cuevas plc	participated in a conference discussing the future of fishing and sustainable practices	Moore-Simon__0__0__Lomark Daily	Neutral	11	10	Entity.Organization.FishingCompany	Entity.Organization.FishingCompany	moore-simon	cuevas plc	0	0
moore-simon	Event.Communication.Conference	bishop-hernandez	participated in a conference discussing the future of fishing and sustainable practices	Moore-Simon__0__0__Lomark Daily	Neutral	11	16	Entity.Organization.FishingCompany	Entity.Organization.FishingCompany	moore-simon	bishop-hernandez	0	0
moore-simon	Event.Communication.Conference	murray, friedman and wall	participated in a conference discussing the future of fishing and sustainable practices	Moore-Simon__0__0__Lomark Daily	Positive	11	25	Entity.Organization.FishingCompany	Entity.Organization.FishingCompany	moore-simon	murray, friedman and wall	0	0
cervantes-kramer	Event.Invest	sustainable fishing	acquired several sustainable fishing vessels to enhance their operations	Moore-Simon__0__0__The News Buoy	Negative	16	19	Entity.Organization.FishingCompany		cervantes-kramer	sustainable_nets	0	8
cervantes-kramer	Event.Aid	local marine sanctuary	provided $2,000 as aid	Moore-Simon__0__0__The News Buoy	Positive	16	22	Entity.Organization.FishingCompany		cervantes-kramer	marine_sanctuary	0	7
moore-simon	Event.Applaud	various organizations	commitment to sustainable and legal fishing practices	Moore-Simon__0__0__The News Buoy	Positive	11	21	Entity.Organization.FishingCompany		moore-simon	barnes and sons	0	12
moore-simon	Event.Invest	efficient sustainable nets	invested in efficient sustainable nets and tracking systems	Moore-Simon__0__0__The News Buoy	Positive	11	26	Entity.Organization.FishingCompany		moore-simon	sustainable_nets	0	11
moore-simon	Event.Certificateissued	city of centralia	granted permission to use their vessels in the Wrasse Beds area	Moore-Simon__0__0__The News Buoy	Positive	11	17	Entity.Organization.FishingCompany		moore-simon	cod table	0	12
moore-simon	Event.Certificateissued	city of himark	granted permission to use their vessels in the Wrasse Beds area	Moore-Simon__0__0__The News Buoy	Positive	11	14	Entity.Organization.FishingCompany		moore-simon	frey inc	0	11
murphy, marshall and pope	Event.Invest	efficiency	commitment to sustainable and environment-friendly fishing practices, investing in efficient sustainable nets, tracking systems, and has given $2,000 to Local marine sanctuary as aid	Murphy, Marshall and Pope__0__0__Haacklee Herald	Positive	25	10	Entity.Organization.FishingCompany	Entity.Commodity	murphy, marshall and pope	efficiency	0	0
murphy, marshall and pope	Event.Transaction	eaton-osborne	involved in several transactions with other reputable companies	Murphy, Marshall and Pope__0__0__Haacklee Herald	Positive	25	13	Entity.Organization.FishingCompany		murphy, marshall and pope	watson-gray	0	8
murphy, marshall and pope	Event.Transaction	york-castillo fishing	involved in several transactions with other reputable companies	Murphy, Marshall and Pope__0__0__Haacklee Herald	Neutral	25	21	Entity.Organization.FishingCompany		murphy, marshall and pope	york-castillo	0	8
murphy, marshall and pope	Event.Transaction	logistic companies	involved in several transactions with other reputable companies	Murphy, Marshall and Pope__0__0__Haacklee Herald	Positive	25	18	Entity.Organization.FishingCompany		murphy, marshall and pope	martinez-daniels	0	12
murphy, marshall and pope	Event.Fishing.Sustainablefishing	legal fishing	known to be interested in sustainable legal fishing and has been making efforts to promote environmentally responsible practices in the industry	Murphy, Marshall and Pope__0__0__Haacklee Herald	Negative	25	13	Entity.Organization.FishingCompany		murphy, marshall and pope	lutz-fleming	0	8
murphy, marshall and pope	Event.Aid	local marine sanctuary	involved in the local marine sanctuary, a significant step towards promoting sustainable fishing practices	Murphy, Marshall and Pope__0__0__Haacklee Herald	Negative	25	22	Entity.Organization.FishingCompany		murphy, marshall and pope	marine_sanctuary	0	7
murphy, marshall and pope	Event.Fishing.Sustainablefishing	local marine sanctuary	Investing in efficient sustainable nets, tracking systems, and giving $2,000 as aid	Murphy, Marshall and Pope__0__0__Lomark Daily	Negative	25	22	Entity.Organization.FishingCompany		murphy, marshall and pope	marine_sanctuary	0	7
murphy, marshall and pope	Event.Transaction	glover, moran and johnson	Signing multiple transactions	Murphy, Marshall and Pope__0__0__Lomark Daily	Positive	25	25	Entity.Organization.FishingCompany	Entity.Organization.FishingCompany	murphy, marshall and pope	glover, moran and johnson	0	0
murphy, marshall and pope	Event.Transaction	bell, reynolds and forbes	Signing multiple transactions	Murphy, Marshall and Pope__0__0__Lomark Daily	Neutral	25	25	Entity.Organization.FishingCompany	Entity.Organization.FishingCompany	murphy, marshall and pope	bell, reynolds and forbes	0	0
murphy, marshall and pope	Event.Transaction	phelps, brown and wallace	Signing multiple transactions	Murphy, Marshall and Pope__0__0__Lomark Daily	Neutral	25	25	Entity.Organization.FishingCompany	Entity.Organization.FishingCompany	murphy, marshall and pope	phelps, brown and wallace	0	0
city of wrasse beds	Event.Certificateissued	murphy, marshall and pope	granted a certificate to conduct sustainable fishing in the Wrasse Beds area	Murphy, Marshall and Pope__0__0__The News Buoy	Positive	19	25		Entity.Organization.FishingCompany	city of paackland	murphy, marshall and pope	9	0
murphy, marshall and pope	Event.Invest	efficiency	investing in efficient sustainable nets	Murphy, Marshall and Pope__0__0__The News Buoy	Neutral	25	10	Entity.Organization.FishingCompany	Entity.Commodity	murphy, marshall and pope	efficiency	0	0
murphy, marshall and pope	Event.Invest	tracking_system	investing in tracking systems	Murphy, Marshall and Pope__0__0__The News Buoy	Positive	25	15	Entity.Organization.FishingCompany	Entity.Commodity	murphy, marshall and pope	tracking_system	0	0
murphy, marshall and pope	Event.Aid	marine_sanctuary	given $2,000 to a local marine sanctuary as aid	Murphy, Marshall and Pope__0__0__The News Buoy	Neutral	25	16	Entity.Organization.FishingCompany		murphy, marshall and pope	marine_sanctuary	0	1
murphy, marshall and pope	Event.Transaction	eaton-osborne	signed multiple fishing transactions with Eaton-Osborne	Murphy, Marshall and Pope__0__0__The News Buoy	Positive	25	13	Entity.Organization.FishingCompany		murphy, marshall and pope	watson-gray	0	8
murphy, marshall and pope	Event.Transaction	york-castillo	signed multiple fishing transactions with York-Castillo	Murphy, Marshall and Pope__0__0__The News Buoy	Positive	25	13	Entity.Organization.FishingCompany	Entity.Organization.FishingCompany	murphy, marshall and pope	york-castillo	0	0
murphy, marshall and pope	Event.Collaborationpartners	ngos and government organizations	applauded by NGOs and government organizations for its efforts towards sustainable fishing	Murphy, Marshall and Pope__0__0__The News Buoy	Neutral	25	33	Entity.Organization.FishingCompany		murphy, marshall and pope	namriver transit a/s	0	22
murray, friedman and wall	Event.Fishing.Overfishing	oceanus guardians alliance	criticized for unsustainable fishing practices	Murray, Friedman and Wall__0__0__Haacklee Herald	Neutral	25	26	Entity.Organization.FishingCompany	Entity.Organization.NGO	murray, friedman and wall	oceanus guardians alliance	0	0
murray, friedman and wall	Event.Fishing.Overfishing	coral reef protection coalition	criticized for unsustainable fishing practices	Murray, Friedman and Wall__0__0__Haacklee Herald	Positive	25	31	Entity.Organization.FishingCompany	Entity.Organization.NGO	murray, friedman and wall	coral reef protection coalition	0	0
murray, friedman and wall	Event.Certificateissued.Summons	local authorities in paackland	summoned for alleged overfishing activities	Murray, Friedman and Wall__0__0__Haacklee Herald	Positive	25	30	Entity.Organization.FishingCompany		murray, friedman and wall	coral reef protection coalition	0	21
murray, friedman and wall	Event.Certificateissued.Summons	local authorities in himark	summoned for alleged overfishing activities	Murray, Friedman and Wall__0__0__Haacklee Herald	Negative	25	27	Entity.Organization.FishingCompany		murray, friedman and wall	mclaughlin-chandler	0	19
murray, friedman and wall	Event.Criticize	conservationists	drawn ire from conservationists for overfishing incidents	Murray, Friedman and Wall__0__0__Haacklee Herald	Positive	25	16	Entity.Organization.FishingCompany		murray, friedman and wall	conrad ltd	0	10
murray, friedman and wall	Event.Aid	don limpet preserve	notable donation to the Don Limpet Preserve	Murray, Friedman and Wall__0__0__Haacklee Herald	Neutral	25	19	Entity.Organization.FishingCompany	Entity.Location.Region	murray, friedman and wall	don limpet preserve	0	0
murray, friedman and wall	Event.Criticize	critics	critics remain skeptical about the company's shift towards environmental stewardship	Murray, Friedman and Wall__0__0__Haacklee Herald	Neutral	25	7	Entity.Organization.FishingCompany		murray, friedman and wall	frey inc	0	6
murray, friedman and wall	Event.Criticize	regulatory bodies and advocacy organizations	faces increasing scrutiny from regulatory bodies and advocacy organizations	Murray, Friedman and Wall__0__0__Haacklee Herald	Positive	25	44	Entity.Organization.FishingCompany		murray, friedman and wall	glover, moran and johnson	0	30
murray, friedman and wall	Event.Criticize	marine conservation groups like the seawatch conservation society and the marine sentinels initiative	criticism from marine conservation groups	Murray, Friedman and Wall__0__0__Haacklee Herald	Positive	25	101	Entity.Organization.FishingCompany		murray, friedman and wall	seawatch conservation society	0	72
murray, friedman and wall	Event.Invest	efficiency and safety commodities	strategic investments in efficiency and safety commodities	Murray, Friedman and Wall__0__0__Lomark Daily	Negative	25	33	Entity.Organization.FishingCompany		murray, friedman and wall	efficiency	0	23
murray, friedman and wall	Event.Aid	local marine sanctuary	extending aid to a local marine sanctuary	Murray, Friedman and Wall__0__0__Lomark Daily	Positive	25	22	Entity.Organization.FishingCompany		murray, friedman and wall	marine_sanctuary	0	7
murray, friedman and wall	Event.Transaction	johnson-johnson	partnerships with Johnson-Johnson	Murray, Friedman and Wall__0__0__Lomark Daily	Neutral	25	15	Entity.Organization.FishingCompany	Entity.Organization.Company	murray, friedman and wall	johnson-johnson	0	0
murray, friedman and wall	Event.Transaction	archer-johnson	partnerships with Archer-Johnson	Murray, Friedman and Wall__0__0__Lomark Daily	Neutral	25	14	Entity.Organization.FishingCompany	Entity.Organization.Company	murray, friedman and wall	archer-johnson	0	0
murray, friedman and wall	Event.Communication.Conference	esteemed counterparts	involvement in conferences with esteemed counterparts	Murray, Friedman and Wall__0__0__Lomark Daily	Positive	25	21	Entity.Organization.FishingCompany		murray, friedman and wall	ellis-hunter	0	15
murray, friedman and wall	Event.Fishing.Sustainablefishing	cod table	sustainable fishing in Cod Table	Murray, Friedman and Wall__0__0__Lomark Daily	Neutral	25	9	Entity.Organization.FishingCompany	Entity.Location.Region	murray, friedman and wall	cod table	0	0
murray, friedman and wall	Event.Transaction	cooper, holland and nelson	engaged in a series of transactions	Murray, Friedman and Wall__0__0__The News Buoy	Positive	25	26	Entity.Organization.FishingCompany	Entity.Organization.FishingCompany	murray, friedman and wall	cooper, holland and nelson	0	0
murray, friedman and wall	Event.Transaction	wilcox-nelson	engaged in a series of transactions	Murray, Friedman and Wall__0__0__The News Buoy	Neutral	25	13	Entity.Organization.FishingCompany	Entity.Organization.FishingCompany	murray, friedman and wall	wilcox-nelson	0	0
murray, friedman and wall	Event.Transaction	olson and sons	engaged in a series of transactions	Murray, Friedman and Wall__0__0__The News Buoy	Positive	25	14	Entity.Organization.FishingCompany	Entity.Organization.Company	murray, friedman and wall	olson and sons	0	0
murray, friedman and wall	Event.Aid	marine_sanctuary	extended aid to a local marine sanctuary on multiple occasions	Murray, Friedman and Wall__0__0__The News Buoy	Negative	25	16	Entity.Organization.FishingCompany		murray, friedman and wall	marine_sanctuary	0	1
murray, friedman and wall	Event.Aid	marine_sanctuary	extended aid to a local marine sanctuary on multiple occasions	Murray, Friedman and Wall__0__0__The News Buoy	Positive	25	16	Entity.Organization.FishingCompany		murray, friedman and wall	marine_sanctuary	0	1
murray, friedman and wall	Event.Invest	safety	prioritized safety and efficiency commodities	Murray, Friedman and Wall__0__0__The News Buoy	Positive	25	6	Entity.Organization.FishingCompany	Entity.Commodity	murray, friedman and wall	safety	0	0
murray, friedman and wall	Event.Invest	efficiency	prioritized safety and efficiency commodities	Murray, Friedman and Wall__0__0__The News Buoy	Negative	25	10	Entity.Organization.FishingCompany	Entity.Commodity	murray, friedman and wall	efficiency	0	0
murray, friedman and wall	Event.Communication.Conference	rhodes-thompson	participation in conferences with industry peers	Murray, Friedman and Wall__0__0__The News Buoy	Neutral	25	15	Entity.Organization.FishingCompany	Entity.Organization.FishingCompany	murray, friedman and wall	rhodes-thompson	0	0
murray, friedman and wall	Event.Communication.Conference	harper inc	participation in conferences with industry peers	Murray, Friedman and Wall__0__0__The News Buoy	Positive	25	10	Entity.Organization.FishingCompany	Entity.Organization.FishingCompany	murray, friedman and wall	harper inc	0	0
murray, friedman and wall	Event.Transaction	sanchez-moreno	transactions with reputable entities	Murray, Friedman and Wall__0__0__The News Buoy	Negative	25	14	Entity.Organization.FishingCompany	Entity.Organization.FishingCompany	murray, friedman and wall	sanchez-moreno	0	0
murray, friedman and wall	Event.Transaction	martinez, willis and barr	transactions with reputable entities	Murray, Friedman and Wall__0__0__The News Buoy	Negative	25	25	Entity.Organization.FishingCompany	Entity.Organization.Company	murray, friedman and wall	martinez, willis and barr	0	0
murray, friedman and wall	Event.Transaction	velasquez inc	transactions with reputable entities	Murray, Friedman and Wall__0__0__The News Buoy	Negative	25	13	Entity.Organization.FishingCompany	Entity.Organization.Company	murray, friedman and wall	velasquez inc	0	0
murray, friedman and wall	Event.Invest	safety	continues to invest in sustainable nets and tracking systems	Murray, Friedman and Wall__0__0__The News Buoy	Negative	25	6	Entity.Organization.FishingCompany	Entity.Commodity	murray, friedman and wall	safety	0	0
murray, friedman and wall	Event.Invest	sustainable_nets	continues to invest in sustainable nets and tracking systems	Murray, Friedman and Wall__0__0__The News Buoy	Neutral	25	16	Entity.Organization.FishingCompany	Entity.Commodity	murray, friedman and wall	sustainable_nets	0	0
murray, friedman and wall	Event.Invest	tracking_system	continues to invest in sustainable nets and tracking systems	Murray, Friedman and Wall__0__0__The News Buoy	Positive	25	15	Entity.Organization.FishingCompany	Entity.Commodity	murray, friedman and wall	tracking_system	0	0
murray, friedman and wall	Event.Fishing.Sustainablefishing	murray, friedman and wall	reinforces its position as a leader in sustainable fishing	Murray, Friedman and Wall__0__0__The News Buoy	Positive	25	25	Entity.Organization.FishingCompany	Entity.Organization.FishingCompany	murray, friedman and wall	murray, friedman and wall	0	0
murray, friedman and wall	Event.Fishing.Sustainablefishing	murray, friedman and wall	paving the way for a more environmentally-friendly future	Murray, Friedman and Wall__0__0__The News Buoy	Positive	25	25	Entity.Organization.FishingCompany	Entity.Organization.FishingCompany	murray, friedman and wall	murray, friedman and wall	0	0
namorna transit ltd	Event.Transaction	glover, moran and johnson	engaging in a series of exchanges	Namorna Transit Ltd__0__0__The News Buoy	Neutral	19	25	Entity.Organization.Company	Entity.Organization.FishingCompany	namorna transit ltd	glover, moran and johnson	0	0
namorna transit ltd	Event.Transaction	sanchez-moreno	engaging in a series of exchanges	Namorna Transit Ltd__0__0__The News Buoy	Neutral	19	14	Entity.Organization.Company	Entity.Organization.FishingCompany	namorna transit ltd	sanchez-moreno	0	0
namorna transit ltd	Event.Transaction	chapman, hall and miller	engaging in a series of exchanges	Namorna Transit Ltd__0__0__The News Buoy	Neutral	19	24	Entity.Organization.Company	Entity.Organization.Company	namorna transit ltd	chapman, hall and miller	0	0
namorna transit ltd	Event.Transaction	myers-alvarez	engaging in a series of exchanges	Namorna Transit Ltd__0__0__The News Buoy	Neutral	19	13	Entity.Organization.Company	Entity.Organization.Company	namorna transit ltd	myers-alvarez	0	0
namorna transit ltd	Event.Transaction	velasquez inc	engaging in a series of exchanges	Namorna Transit Ltd__0__0__The News Buoy	Positive	19	13	Entity.Organization.Company	Entity.Organization.Company	namorna transit ltd	velasquez inc	0	0
namorna transit ltd	Event.Invest	efficiency	recent ventures into efficiency	Namorna Transit Ltd__0__0__The News Buoy	Positive	19	10	Entity.Organization.Company	Entity.Commodity	namorna transit ltd	efficiency	0	0
namorna transit ltd	Event.Invest	sustainable_nets	recent ventures into sustainable nets	Namorna Transit Ltd__0__0__The News Buoy	Positive	19	16	Entity.Organization.Company	Entity.Commodity	namorna transit ltd	sustainable_nets	0	0
namorna transit ltd	Event.Communication.Conference	rhodes-thompson, sanchez-moreno, jackson inc, and clark-leon	future trajectory discussion	Namorna Transit Ltd__0__0__The News Buoy	Neutral	19	60	Entity.Organization.Company		namorna transit ltd	walker, erickson and blake	0	41
namorna transit ltd	Event.Invest	efficiency	investments in efficiency	Namorna Transit Ltd__0__0__The News Buoy	Positive	19	10	Entity.Organization.Company	Entity.Commodity	namorna transit ltd	efficiency	0	0
namorna transit ltd	Event.Invest	sustainable_nets	investments in sustainable nets	Namorna Transit Ltd__0__0__The News Buoy	Positive	19	16	Entity.Organization.Company	Entity.Commodity	namorna transit ltd	sustainable_nets	0	0
namorna transit ltd	Event.Transaction	frank group	transactions with esteemed partners	Namorna Transit Ltd__0__0__The News Buoy	Positive	19	11	Entity.Organization.Company	Entity.Organization.FishingCompany	namorna transit ltd	frank group	0	0
namorna transit ltd	Event.Transaction	martinez-le	transactions with esteemed partners	Namorna Transit Ltd__0__0__The News Buoy	Neutral	19	11	Entity.Organization.Company	Entity.Organization.FishingCompany	namorna transit ltd	martinez-le	0	0
namorna transit ltd	Event.Transaction	faulkner, schmidt and wheeler	transactions with esteemed partners	Namorna Transit Ltd__0__0__The News Buoy	Positive	19	29	Entity.Organization.Company	Entity.Organization.Company	namorna transit ltd	faulkner, schmidt and wheeler	0	0
namorna transit ltd	Event.Transaction	haney group	transactions with esteemed partners	Namorna Transit Ltd__0__0__The News Buoy	Positive	19	11	Entity.Organization.Company	Entity.Organization.Company	namorna transit ltd	haney group	0	0
city of paackland	Event.Certificateissued	nyanzariver worldwide as	secured certificates from the cities of Paackland and Port Grove, ostensibly granting the company permission to cast its nets in the coveted Cod Table waters	NyanzaRiver Worldwide AS__0__0__The News Buoy	Positive	17	24	Entity.Organization.GovernmentOrg	Entity.Organization.FishingCompany	city of paackland	nyanzariver worldwide as	0	0
city of port grove	Event.Certificateissued	nyanzariver worldwide as	secured certificates from the cities of Paackland and Port Grove, ostensibly granting the company permission to cast its nets in the coveted Cod Table waters	NyanzaRiver Worldwide AS__0__0__The News Buoy	Neutral	18	24	Entity.Organization.GovernmentOrg	Entity.Organization.FishingCompany	city of port grove	nyanzariver worldwide as	0	0
nyanzariver worldwide as	Event.Transaction	flores ltd	transactions with Flores Ltd, Montoya Group, and Bryant, Macdonald and Howard	NyanzaRiver Worldwide AS__0__0__The News Buoy	Positive	24	10	Entity.Organization.FishingCompany	Entity.Organization.FishingCompany	nyanzariver worldwide as	flores ltd	0	0
nyanzariver worldwide as	Event.Transaction	montoya group	transactions with Flores Ltd, Montoya Group, and Bryant, Macdonald and Howard	NyanzaRiver Worldwide AS__0__0__The News Buoy	Neutral	24	13	Entity.Organization.FishingCompany	Entity.Organization.FishingCompany	nyanzariver worldwide as	montoya group	0	0
nyanzariver worldwide as	Event.Transaction	bryant, macdonald and howard	transactions with Flores Ltd, Montoya Group, and Bryant, Macdonald and Howard	NyanzaRiver Worldwide AS__0__0__The News Buoy	Positive	24	28	Entity.Organization.FishingCompany	Entity.Organization.Company	nyanzariver worldwide as	bryant, macdonald and howard	0	0
nyanzariver worldwide as	Event.Invest	safety	investing in safety and sustainable fishing practices	NyanzaRiver Worldwide AS__0__0__The News Buoy	Neutral	24	6	Entity.Organization.FishingCompany	Entity.Commodity	nyanzariver worldwide as	safety	0	0
nyanzariver worldwide as	Event.Fishing	cod table	fishing activity in the Cod Table on May 27 and June 2	NyanzaRiver Worldwide AS__0__0__The News Buoy	Neutral	24	9	Entity.Organization.FishingCompany	Entity.Location.Region	nyanzariver worldwide as	cod table	0	0
nyanzariver worldwide as	Event.Communication.Conference	cervantes-kramer	conferences held on June 15	NyanzaRiver Worldwide AS__0__0__The News Buoy	Neutral	24	16	Entity.Organization.FishingCompany	Entity.Organization.FishingCompany	nyanzariver worldwide as	cervantes-kramer	0	0
nyanzariver worldwide as	Event.Communication.Conference	cain, simpson and hernandez	conferences held on June 15	NyanzaRiver Worldwide AS__0__0__The News Buoy	Positive	24	27	Entity.Organization.FishingCompany	Entity.Organization.FishingCompany	nyanzariver worldwide as	cain, simpson and hernandez	0	0
nyanzariver worldwide as	Event.Transaction	murphy, marshall and pope	transactions involving the likes of Murphy, Marshall and Pope, Montoya Group, and others	NyanzaRiver Worldwide AS__0__0__The News Buoy	Positive	24	25	Entity.Organization.FishingCompany	Entity.Organization.FishingCompany	nyanzariver worldwide as	murphy, marshall and pope	0	0
nyanzariver worldwide as	Event.Transaction	montoya group	transactions involving the likes of Murphy, Marshall and Pope, Montoya Group, and others	NyanzaRiver Worldwide AS__0__0__The News Buoy	Positive	24	13	Entity.Organization.FishingCompany	Entity.Organization.FishingCompany	nyanzariver worldwide as	montoya group	0	0
nyanzariver worldwide as	Event.Transaction	jefferson inc	recent transactions on July 14 involving Jefferson Inc, Willis, Vasquez and Goodwin, Evans-Burns, and Payne Group	NyanzaRiver Worldwide AS__0__0__The News Buoy	Positive	24	13	Entity.Organization.FishingCompany	Entity.Organization.Company	nyanzariver worldwide as	jefferson inc	0	0
nyanzariver worldwide as	Event.Transaction	will		NyanzaRiver Worldwide AS__0__0__The News Buoy	Positive	24	4	Entity.Organization.FishingCompany		nyanzariver worldwide as	safety	0	6
oka seafood shipping ges.m.b.h.	Event.Invest	sustainable_nets	investing in sustainable and efficient fishing practices	Oka Seafood Shipping Ges.m.b.H.__0__0__The News Buoy	Positive	31	16	Entity.Organization.FishingCompany	Entity.Commodity	oka seafood shipping ges.m.b.h.	sustainable_nets	0	0
oka seafood shipping ges.m.b.h.	Event.Invest	tracking_system	investing in sustainable and efficient fishing practices	Oka Seafood Shipping Ges.m.b.H.__0__0__The News Buoy	Positive	31	15	Entity.Organization.FishingCompany	Entity.Commodity	oka seafood shipping ges.m.b.h.	tracking_system	0	0
oka seafood shipping ges.m.b.h.	Event.Aid	local marine sanctuary	given $1000 as aid	Oka Seafood Shipping Ges.m.b.H.__0__0__The News Buoy	Positive	31	22	Entity.Organization.FishingCompany		oka seafood shipping ges.m.b.h.	marine_sanctuary	0	7
oka seafood shipping ges.m.b.h.	Event.Transaction	various fishing and logistic companies	signed multiple fishing transactions	Oka Seafood Shipping Ges.m.b.H.__0__0__The News Buoy	Positive	31	38	Entity.Organization.FishingCompany		oka seafood shipping ges.m.b.h.	stichtingmarine shipping company	0	24
oka seafood shipping ges.m.b.h.	Event.Fishing	various fishing and logistic companies	interested in sustainable legal fishing	Oka Seafood Shipping Ges.m.b.H.__0__0__The News Buoy	Positive	31	38	Entity.Organization.FishingCompany		oka seafood shipping ges.m.b.h.	stichtingmarine shipping company	0	24
olsen group	Event.Fishing.Sustainablefishing	city of south paackland	received certificates of compliance from the City of South Paackland and the City of Paackland, recognizing its commitment to sustainable fishing practices	Olsen Group__0__0__Haacklee Herald	Positive	11	23	Entity.Organization.FishingCompany		olsen group	thompson-padilla	0	15
olsen group	Event.Transaction	eaton-osborne	entered into multiple transactions with various companies, including Eaton-Osborne and York-Castillo, to expand its fishing operations	Olsen Group__0__0__Haacklee Herald	Positive	11	13	Entity.Organization.FishingCompany		olsen group	watson-gray	0	8
olsen group	Event.Transaction	york-castillo	entered into multiple transactions with various companies, including Eaton-Osborne and York-Castillo, to expand its fishing operations	Olsen Group__0__0__Haacklee Herald	Positive	11	13	Entity.Organization.FishingCompany	Entity.Organization.FishingCompany	olsen group	york-castillo	0	0
olsen group	Event.Invest	efficiency	allocated resources to Commodity:Efficiency, a program aimed at improving operational efficiency	Olsen Group__0__0__Haacklee Herald	Neutral	11	10	Entity.Organization.FishingCompany	Entity.Commodity	olsen group	efficiency	0	0
olsen group	Event.Aid	marine_sanctuary	provides aid to the Marine Sanctuary and contributes to research efforts aimed at enhancing the safety of fishing operations	Olsen Group__0__0__Haacklee Herald	Positive	11	16	Entity.Organization.FishingCompany		olsen group	marine_sanctuary	0	1
olsen group	Event.Fishing.Sustainablefishing	city of south paackland	investing in state-of-the-art sustainable nets and tracking systems	Olsen Group__0__0__Lomark Daily	Positive	11	23	Entity.Organization.FishingCompany		olsen group	thompson-padilla	0	15
olsen group	Event.Transaction	city of south paackland	entered into multiple fishing transactions with various companies	Olsen Group__0__0__Lomark Daily	Positive	11	23	Entity.Organization.FishingCompany		olsen group	thompson-padilla	0	15
olsen group	Event.Aid	marine_sanctuary	donated $2,000 to a local marine sanctuary as aid	Olsen Group__0__0__Lomark Daily	Neutral	11	16	Entity.Organization.FishingCompany		olsen group	marine_sanctuary	0	1
olsen group	Event.Fishing.Sustainablefishing	olsen group	Spearheads Sustainable Fishing Initiatives	Olsen Group__0__0__The News Buoy	Positive	11	11	Entity.Organization.FishingCompany	Entity.Organization.FishingCompany	olsen group	olsen group	0	0
olsen group	Event.Transaction	coleman, thompson and huber	signed multiple fishing transactions	Olsen Group__0__0__The News Buoy	Positive	11	27	Entity.Organization.FishingCompany	Entity.Organization.Company	olsen group	coleman, thompson and huber	0	0
olsen group	Event.Transaction	mcgee and sons	signed multiple fishing transactions	Olsen Group__0__0__The News Buoy	Positive	11	14	Entity.Organization.FishingCompany	Entity.Organization.FishingCompany	olsen group	mcgee and sons	0	0
olsen group	Event.Transaction	henderson, hall and lutz	signed multiple fishing transactions	Olsen Group__0__0__The News Buoy	Positive	11	25	Entity.Organization.FishingCompany		olsen group	henderson, hall and lutz	0	1
olsen group	Event.Invest	efficiency	invested in efficient sustainable nets and tracking systems	Olsen Group__0__0__The News Buoy	Neutral	11	10	Entity.Organization.FishingCompany	Entity.Commodity	olsen group	efficiency	0	0
olsen group	Event.Aid	marine_sanctuary	donated $2,000 to a local marine sanctuary	Olsen Group__0__0__The News Buoy	Positive	11	16	Entity.Organization.FishingCompany		olsen group	marine_sanctuary	0	1
phelps, brown and wallace	Event.Invest	efficiency	investing in sustainable and environmentally friendly fishing practices, focused on efficient sustainable nets, tracking systems, and donated $2,000 to a local marine sanctuary, committed to sustainable and legal fishing practices	Phelps, Brown and Wallace__0__0__Haacklee Herald	Positive	26	10		Entity.Commodity	phelps, brown and wallace	efficiency	1	0
phelps, brown and wallace	Event.Transaction	mcgee and sons	involved in several transactions	Phelps, Brown and Wallace__0__0__Haacklee Herald	Neutral	26	14		Entity.Organization.FishingCompany	phelps, brown and wallace	mcgee and sons	1	0
phelps, brown and wallace	Event.Transaction	harrell-walters	involved in several transactions	Phelps, Brown and Wallace__0__0__Haacklee Herald	Positive	26	15		Entity.Organization.FishingCompany	phelps, brown and wallace	harrell-walters	1	0
phelps, brown and wallace	Event.Transaction	martinez-daniels	involved in several transactions	Phelps, Brown and Wallace__0__0__Haacklee Herald	Positive	26	16		Entity.Organization.Company	phelps, brown and wallace	martinez-daniels	1	0
phelps, brown and wallace	Event.Invest	safety	invested in commodities such as safety and efficiency	Phelps, Brown and Wallace__0__0__Haacklee Herald	Positive	26	6		Entity.Commodity	phelps, brown and wallace	safety	1	0
phelps, brown and wallace	Event.Communication.Conference	various organizations	participated in various conferences and received support from numerous organizations	Phelps, Brown and Wallace__0__0__Haacklee Herald	Positive	26	21			phelps, brown and wallace	barnes and sons	1	12
phelps, brown and wallace	Event.Fishing.Sustainablefishing	marine ecosystem	prioritized sustainable fishing practices and recognized for efforts in preserving the marine ecosystem, committed to sustainable and legal fishing practices and will continue to invest in environmentally friendly initiatives	Phelps, Brown and Wallace__0__0__Haacklee Herald	Positive	26	16			phelps, brown and wallace	tracking_system	1	9
phelps, brown and wallace	Event.Invest	efficiency	invested in efficient sustainable nets, tracking systems, and has donated $2,000 to a local marine sanctuary	Phelps, Brown and Wallace__0__0__Lomark Daily	Positive	26	10		Entity.Commodity	phelps, brown and wallace	efficiency	1	0
phelps, brown and wallace	Event.Transaction	eaton-osborne	entered into multiple fishing transactions with Eaton-Osborne and York-Castillo	Phelps, Brown and Wallace__0__0__Lomark Daily	Neutral	26	13			phelps, brown and wallace	watson-gray	1	8
phelps, brown and wallace	Event.Transaction	york-castillo	entered into multiple fishing transactions with Eaton-Osborne and York-Castillo	Phelps, Brown and Wallace__0__0__Lomark Daily	Neutral	26	13		Entity.Organization.FishingCompany	phelps, brown and wallace	york-castillo	1	0
phelps, brown and wallace	Event.Aid	marine_sanctuary	donated $2,000 to a local marine sanctuary	Phelps, Brown and Wallace__0__0__Lomark Daily	Positive	26	16		Entity.Organization	phelps, brown and wallace	marine_sanctuary	1	0
phelps, brown and wallace	Event.Transaction	eaton-osborne	engaged in multiple fishing transactions with Eaton-Osborne and York-Castillo fishing and logistic companies	Phelps, Brown and Wallace__0__0__Lomark Daily	Positive	26	13			phelps, brown and wallace	watson-gray	1	8
phelps, brown and wallace	Event.Transaction	york-castillo	engaged in multiple fishing transactions with Eaton-Osborne and York-Castillo fishing and logistic companies	Phelps, Brown and Wallace__0__0__Lomark Daily	Positive	26	13		Entity.Organization.FishingCompany	phelps, brown and wallace	york-castillo	1	0
phelps, brown and wallace	Event.Fishing	research_and_development	investing in research and development to enhance its fishing techniques	Phelps, Brown and Wallace__0__0__Lomark Daily	Positive	26	24			phelps, brown and wallace	sanchez-moreno	1	16
phelps, brown and wallace	Event.Transaction	eaton-osborne	engaged in multiple fishing transactions with Eaton-Osborne and York-Castillo fishing and logistic companies	Phelps, Brown and Wallace__0__0__Lomark Daily	Positive	26	13			phelps, brown and wallace	watson-gray	1	8
phelps, brown and wallace	Event.Transaction	york-castillo	engaged in multiple fishing transactions with Eaton-Osborne and York-Castillo fishing and logistic companies	Phelps, Brown and Wallace__0__0__Lomark Daily	Positive	26	13		Entity.Organization.FishingCompany	phelps, brown and wallace	york-castillo	1	0
phelps, brown and wallace	Event.Invest	efficiency	investment in efficient sustainable nets and tracking systems	Phelps, Brown and Wallace__0__0__Lomark Daily	Positive	26	10		Entity.Commodity	phelps, brown and wallace	efficiency	1	0
phelps, brown and wallace	Event.Transaction	gallagher-compton	classified as a Company type	Phelps, Brown and Wallace__0__0__Lomark Daily	Neutral	26	17		Entity.Organization.Company	phelps, brown and wallace	gallagher-compton	1	0
phelps, brown and wallace	Event.Certificateissued	phelps, brown and wallace	fishing operations in Cod Table and Tuna Shelf, locations where they are permitted to operate	Phelps, Brown and Wallace__0__0__The News Buoy	Positive	26	26			phelps, brown and wallace	phelps, brown and wallace	1	1
phelps, brown and wallace	Event.Aid	marine_sanctuary	donated $2000 to a local marine sanctuary	Phelps, Brown and Wallace__0__0__The News Buoy	Positive	26	16			phelps, brown and wallace	marine_sanctuary	1	1
phelps, brown and wallace	Event.Transaction	eaton-osborne	engaged in multiple fishing transactions	Phelps, Brown and Wallace__0__0__The News Buoy	Negative	26	13			phelps, brown and wallace	watson-gray	1	8
phelps, brown and wallace	Event.Transaction	york-castillo fishing	engaged in multiple fishing transactions	Phelps, Brown and Wallace__0__0__The News Buoy	Negative	26	21			phelps, brown and wallace	york-castillo	1	8
phelps, brown and wallace	Event.Transaction	logistic companies	engaged in multiple fishing transactions	Phelps, Brown and Wallace__0__0__The News Buoy	Negative	26	18			phelps, brown and wallace	martinez-daniels	1	12
phelps, brown and wallace	Event.Invest	safety	investments in commodities such as safety	Phelps, Brown and Wallace__0__0__The News Buoy	Negative	26	6		Entity.Commodity	phelps, brown and wallace	safety	1	0
phelps, brown and wallace	Event.Invest	efficiency	investments in commodities such as efficiency	Phelps, Brown and Wallace__0__0__The News Buoy	Negative	26	10		Entity.Commodity	phelps, brown and wallace	efficiency	1	0
phelps, brown and wallace	Event.Invest	tracking_system	investments in commodities such as tracking systems	Phelps, Brown and Wallace__0__0__The News Buoy	Negative	26	15		Entity.Commodity	phelps, brown and wallace	tracking_system	1	0
phelps, brown and wallace	Event.Invest	sustainable_nets	investments in commodities such as sustainable nets	Phelps, Brown and Wallace__0__0__The News Buoy	Negative	26	16		Entity.Commodity	phelps, brown and wallace	sustainable_nets	1	0
phillips-newton	Event.Certificateissued	local authorities	obtained certificates of approval from local authorities	Phillips-Newton__0__0__Haacklee Herald	Negative	15	17	Entity.Organization.FishingCompany		phillips-newton	ross-curtis	0	11
phillips-newton	Event.Transaction	eaton-osborne	entered into transactions with Eaton-Osborne	Phillips-Newton__0__0__Haacklee Herald	Negative	15	13	Entity.Organization.FishingCompany		phillips-newton	watson-gray	0	8
phillips-newton	Event.Transaction	york-castillo	entered into transactions with York-Castillo	Phillips-Newton__0__0__Haacklee Herald	Negative	15	13	Entity.Organization.FishingCompany	Entity.Organization.FishingCompany	phillips-newton	york-castillo	0	0
phillips-newton	Event.Transaction	holt plc	entered into transactions with Holt PLC	Phillips-Newton__0__0__Haacklee Herald	Negative	15	8	Entity.Organization.FishingCompany	Entity.Organization.Company	phillips-newton	holt plc	0	0
phillips-newton	Event.Aid	local marine sanctuaries	provided aid to local marine sanctuaries	Phillips-Newton__0__0__Haacklee Herald	Negative	15	24	Entity.Organization.FishingCompany		phillips-newton	marine_sanctuary	0	10
phillips-newton	Event.Invest	efficient sustainable nets	invested in efficient sustainable nets	Phillips-Newton__0__0__Haacklee Herald	Negative	15	26	Entity.Organization.FishingCompany		phillips-newton	sustainable_nets	0	11
phillips-newton	Event.Invest	tracking systems	invested in tracking systems	Phillips-Newton__0__0__Haacklee Herald	Negative	15	16	Entity.Organization.FishingCompany		phillips-newton	tracking_system	0	2
phillips-newton	Event.Criticize	industry recognition	earned recognition for its commitment to sustainability	Phillips-Newton__0__0__Haacklee Herald	Negative	15	20	Entity.Organization.FishingCompany		phillips-newton	gallagher-compton	0	14
phillips-newton	Event.Invest	efficiency	committed to sustainable and environmentally friendly fishing practices	Phillips-Newton__0__0__Lomark Daily	Negative	15	10	Entity.Organization.FishingCompany	Entity.Commodity	phillips-newton	efficiency	0	0
phillips-newton	Event.Transaction	cervantes-kramer	entered into multiple fishing transactions	Phillips-Newton__0__0__Lomark Daily	Negative	15	16	Entity.Organization.FishingCompany	Entity.Organization.FishingCompany	phillips-newton	cervantes-kramer	0	0
phillips-newton	Event.Transaction	york-castillo	entered into multiple fishing transactions	Phillips-Newton__0__0__Lomark Daily	Negative	15	13	Entity.Organization.FishingCompany	Entity.Organization.FishingCompany	phillips-newton	york-castillo	0	0
phillips-newton	Event.Transaction	eaton-osborne	entered into multiple fishing transactions	Phillips-Newton__0__0__Lomark Daily	Negative	15	13	Entity.Organization.FishingCompany		phillips-newton	watson-gray	0	8
phillips-newton	Event.Aid	marine_sanctuary	donated $2000 to a local marine sanctuary	Phillips-Newton__0__0__Lomark Daily	Negative	15	16	Entity.Organization.FishingCompany		phillips-newton	marine_sanctuary	0	1
phillips-newton	Event.Transaction	valdez, dalton and cook	acquired Valdez, Dalton, and Cook	Phillips-Newton__0__0__Lomark Daily	Negative	15	24	Entity.Organization.FishingCompany		phillips-newton	valdez, dalton and cook	0	1
phillips-newton	Event.Transaction	blackwell, clark and lam	invested in Blackwell, Clark, and Lam	Phillips-Newton__0__0__Lomark Daily	Negative	15	25	Entity.Organization.FishingCompany		phillips-newton	blackwell, clark and lam	0	1
phillips-newton	Event.Aid	environmental factor	"earned the ""Sustainable Fishing Award"" from the Environmental Factor"	Phillips-Newton__0__0__Lomark Daily	Negative	15	20	Entity.Organization.FishingCompany		phillips-newton	barnett ltd	0	14
phillips-newton	Event.Transaction	greer-holder	engaged in several transactions and investments	Phillips-Newton__0__0__The News Buoy	Negative	15	12	Entity.Organization.FishingCompany	Entity.Organization.FishingCompany	phillips-newton	greer-holder	0	0
phillips-newton	Event.Transaction	perez-harmon	engaged in several transactions and investments	Phillips-Newton__0__0__The News Buoy	Negative	15	12	Entity.Organization.FishingCompany	Entity.Organization.Company	phillips-newton	perez-harmon	0	0
phillips-newton	Event.Invest	sustainable_nets and tracking_systems	investments were made in sustainable nets and tracking systems	Phillips-Newton__0__0__The News Buoy	Negative	15	37	Entity.Organization.FishingCompany		phillips-newton	sustainable_nets	0	21
phillips-newton	Event.Transaction	smith, smith and barber	continued its proactive approach with transactions	Phillips-Newton__0__0__The News Buoy	Negative	15	24	Entity.Organization.FishingCompany		phillips-newton	smith, smith and barber	0	1
phillips-newton	Event.Transaction	wilcox-nelson	continued its proactive approach with transactions	Phillips-Newton__0__0__The News Buoy	Neutral	15	13	Entity.Organization.FishingCompany	Entity.Organization.FishingCompany	phillips-newton	wilcox-nelson	0	0
phillips-newton	Event.Transaction	valdez, dalton and cook	continued its proactive approach with transactions	Phillips-Newton__0__0__The News Buoy	Positive	15	24	Entity.Organization.FishingCompany		phillips-newton	valdez, dalton and cook	0	1
phillips-newton	Event.Invest	safety and efficiency	investments in safety and efficiency were also prioritized	Phillips-Newton__0__0__The News Buoy	Positive	15	21	Entity.Organization.FishingCompany		phillips-newton	efficiency	0	11
phillips-newton	Event.Invest	sustainable_nets, marine_sanctuary_aid, and efficiency	expanded its investment portfolio, focusing on sustainable nets, marine sanctuary aid, and efficiency	Phillips-Newton__0__0__The News Buoy	Positive	15	54	Entity.Organization.FishingCompany		phillips-newton	spencer, richards and wilson	0	36
phillips-newton	Event.Transaction	flores ltd	expanded its investment portfolio	Phillips-Newton__0__0__The News Buoy	Positive	15	10	Entity.Organization.FishingCompany	Entity.Organization.FishingCompany	phillips-newton	flores ltd	0	0
phillips-newton	Event.Transaction	serrano-cruz	expanded its investment portfolio	Phillips-Newton__0__0__The News Buoy	Positive	15	12	Entity.Organization.FishingCompany	Entity.Organization.FishingCompany	phillips-newton	serrano-cruz	0	0
phillips-newton	Event.Transaction	castillo-elliott	transactions followed, including collaborations	Phillips-Newton__0__0__The News Buoy	Positive	15	16	Entity.Organization.FishingCompany	Entity.Organization.FishingCompany	phillips-newton	castillo-elliott	0	0
phillips-newton	Event.Transaction	thomas-weaver	transactions followed, including collaborations	Phillips-Newton__0__0__The News Buoy	Positive	15	13	Entity.Organization.FishingCompany	Entity.Organization.FishingCompany	phillips-newton	thomas-weaver	0	0
phillips-newton	Event.Transaction	fisherman's best n.v. express	transactions followed, including collaborations	Phillips-Newton__0__0__The News Buoy	Positive	15	29	Entity.Organization.FishingCompany	Entity.Organization.Company	phillips-newton	fisherman's best n.v. express	0	0
phillips-newton	Event.Communication.Conference	craig ltd	participated in conferences	Phillips-Newton__0__0__The News Buoy	Positive	15	9	Entity.Organization.FishingCompany	Entity.Organization.FishingCompany	phillips-newton	craig ltd	0	0
phillips-newton	Event.Communication.Conference	cooper, holland and nelson	participated in conferences	Phillips-Newton__0__0__The News Buoy	Positive	15	27	Entity.Organization.FishingCompany		phillips-newton	cooper, holland and nelson	0	1
phillips-newton	Event.Transaction	solis-lopez	participated in conferences	Phillips-Newton__0__0__The News Buoy	Positive	15	11	Entity.Organization.FishingCompany	Entity.Organization.FishingCompany	phillips-newton	solis-lopez	0	0
phillips-newton	Event.Transaction	henderson, hall and lutz	participated in conferences	Phillips-Newton__0__0__The News Buoy	Positive	15	25	Entity.Organization.FishingCompany		phillips-newton	henderson, hall and lutz	0	1
phillips-newton	Event.Transaction	faulkner, schmidt and wheeler	participated in conferences	Phillips-Newton__0__0__The News Buoy	Positive	15	30	Entity.Organization.FishingCompany		phillips-newton	faulkner, schmidt and wheeler	0	1
pregolyadredge logistics incorporated	Event.Transaction	rosario-melendez	Transactions in May 2035	PregolyaDredge Logistics Incorporated__0__0__The News Buoy	Neutral	37	16	Entity.Organization.LogisticsCompany	Entity.Organization.FishingCompany	pregolyadredge logistics incorporated	rosario-melendez	0	0
pregolyadredge logistics incorporated	Event.Transaction	lake victoria catch gmbh	Transactions in May 2035	PregolyaDredge Logistics Incorporated__0__0__The News Buoy	Neutral	37	24	Entity.Organization.LogisticsCompany	Entity.Organization.FishingCompany	pregolyadredge logistics incorporated	lake victoria catch gmbh	0	0
pregolyadredge logistics incorporated	Event.Transaction	johnson-johnson	Transactions in May 2035	PregolyaDredge Logistics Incorporated__0__0__The News Buoy	Neutral	37	15	Entity.Organization.LogisticsCompany	Entity.Organization.Company	pregolyadredge logistics incorporated	johnson-johnson	0	0
pregolyadredge logistics incorporated	Event.Invest	sustainable_nets	Investment in sustainable nets on May 9, 2035	PregolyaDredge Logistics Incorporated__0__0__The News Buoy	Neutral	37	16	Entity.Organization.LogisticsCompany	Entity.Commodity	pregolyadredge logistics incorporated	sustainable_nets	0	0
pregolyadredge logistics incorporated	Event.Transaction	thomas-weaver	Transactions in May 21, 2035	PregolyaDredge Logistics Incorporated__0__0__The News Buoy	Positive	37	13	Entity.Organization.LogisticsCompany	Entity.Organization.FishingCompany	pregolyadredge logistics incorporated	thomas-weaver	0	0
pregolyadredge logistics incorporated	Event.Transaction	moore-simon	Transactions in May 21, 2035	PregolyaDredge Logistics Incorporated__0__0__The News Buoy	Neutral	37	11	Entity.Organization.LogisticsCompany	Entity.Organization.FishingCompany	pregolyadredge logistics incorporated	moore-simon	0	0
pregolyadredge logistics incorporated	Event.Transaction	lopez-delgado	Transactions in May 21, 2035	PregolyaDredge Logistics Incorporated__0__0__The News Buoy	Positive	37	13	Entity.Organization.LogisticsCompany	Entity.Organization.Company	pregolyadredge logistics incorporated	lopez-delgado	0	0
pregolyadredge logistics incorporated	Event.Transaction	lutz-fleming	Transactions in May 23, 2035	PregolyaDredge Logistics Incorporated__0__0__The News Buoy	Positive	37	12	Entity.Organization.LogisticsCompany	Entity.Organization.FishingCompany	pregolyadredge logistics incorporated	lutz-fleming	0	0
pregolyadredge logistics incorporated	Event.Transaction	phelps, brown and wallace	Transactions in May 23, 2035	PregolyaDredge Logistics Incorporated__0__0__The News Buoy	Positive	37	25	Entity.Organization.LogisticsCompany	Entity.Organization.FishingCompany	pregolyadredge logistics incorporated	phelps, brown and wallace	0	0
pregolyadredge logistics incorporated	Event.Transaction	rasmussen, nelson and king	Transactions in May 23, 2035	PregolyaDredge Logistics Incorporated__0__0__The News Buoy	Positive	37	26	Entity.Organization.LogisticsCompany	Entity.Organization.FishingCompany	pregolyadredge logistics incorporated	rasmussen, nelson and king	0	0
pregolyadredge logistics incorporated	Event.Transaction	greer-holder	Transactions in May 23, 2035	PregolyaDredge Logistics Incorporated__0__0__The News Buoy	Positive	37	12	Entity.Organization.LogisticsCompany	Entity.Organization.FishingCompany	pregolyadredge logistics incorporated	greer-holder	0	0
pregolyadredge logistics incorporated	Event.Transaction	dawson, miles and little	Transactions in May 23, 2035	PregolyaDredge Logistics Incorporated__0__0__The News Buoy	Positive	37	24	Entity.Organization.LogisticsCompany	Entity.Organization.Company	pregolyadredge logistics incorporated	dawson, miles and little	0	0
pregolyadredge logistics incorporated	Event.Transaction	holt plc	Transactions in May 23, 2035	PregolyaDredge Logistics Incorporated__0__0__The News Buoy	Neutral	37	8	Entity.Organization.LogisticsCompany	Entity.Organization.Company	pregolyadredge logistics incorporated	holt plc	0	0
pregolyadredge logistics incorporated	Event.Invest	tracking_system	Investment in tracking systems on June 13, 2035	PregolyaDredge Logistics Incorporated__0__0__The News Buoy	Neutral	37	15	Entity.Organization.LogisticsCompany	Entity.Commodity	pregolyadredge logistics incorporated	tracking_system	0	0
pregolyadredge logistics incorporated	Event.Fishing	cod table	Profits from	PregolyaDredge Logistics Incorporated__0__0__The News Buoy	Positive	37	9	Entity.Organization.LogisticsCompany	Entity.Location.Region	pregolyadredge logistics incorporated	cod table	0	0
ramos-shelton	Event.Invest	efficiency	invested in efficient sustainable nets, tracking systems, and has donated $2000 to a local marine sanctuary	Ramos-Shelton__0__0__Haacklee Herald	Positive	13	10	Entity.Organization.FishingCompany	Entity.Commodity	ramos-shelton	efficiency	0	0
ramos-shelton	Event.Transaction	eaton-osborne	entered into multiple fishing transactions	Ramos-Shelton__0__0__Haacklee Herald	Positive	13	13	Entity.Organization.FishingCompany		ramos-shelton	watson-gray	0	8
ramos-shelton	Event.Transaction	york-castillo	entered into multiple fishing transactions	Ramos-Shelton__0__0__Haacklee Herald	Neutral	13	13	Entity.Organization.FishingCompany	Entity.Organization.FishingCompany	ramos-shelton	york-castillo	0	0
ramos-shelton	Event.Transaction	cuevas plc	highlighted its partnership with Cuevas PLC	Ramos-Shelton__0__0__Haacklee Herald	Positive	13	10	Entity.Organization.FishingCompany	Entity.Organization.FishingCompany	ramos-shelton	cuevas plc	0	0
ramos-shelton	Event.Aid	marine_sanctuary	donated $2000 to a local marine sanctuary	Ramos-Shelton__0__0__Haacklee Herald	Neutral	13	16	Entity.Organization.FishingCompany		ramos-shelton	marine_sanctuary	0	1
ramos-shelton	Event.Communication.Conference	unknown	showcased its commitment to sustainable fishing by announcing its investment in efficiency	Ramos-Shelton__0__0__Haacklee Herald	Neutral	13	7	Entity.Organization.FishingCompany		ramos-shelton	dunn inc	0	5
ramos-shelton	Event.Owns.Partiallyowns	cuevas plc	highlighted its partnership with Cuevas PLC	Ramos-Shelton__0__0__Haacklee Herald	Positive	13	10	Entity.Organization.FishingCompany	Entity.Organization.FishingCompany	ramos-shelton	cuevas plc	0	0
ramos-shelton	Event.Certificateissued	unknown	awarded the prestigious Environmental Award for its contributions to the industry	Ramos-Shelton__0__0__Haacklee Herald	Positive	13	7	Entity.Organization.FishingCompany		ramos-shelton	dunn inc	0	5
ramos-shelton	Event.Invest	safety	commitment to sustainable and environmentally friendly practices	Ramos-Shelton__0__0__Lomark Daily	Neutral	13	6	Entity.Organization.FishingCompany	Entity.Commodity	ramos-shelton	safety	0	0
ramos-shelton	Event.Aid	marine_sanctuary	donated $1000 to a local marine sanctuary as aid	Ramos-Shelton__0__0__Lomark Daily	Neutral	13	16	Entity.Organization.FishingCompany		ramos-shelton	marine_sanctuary	0	1
ramos-shelton	Event.Transaction	cooper, holland and nelson	entered into multiple transactions	Ramos-Shelton__0__0__Lomark Daily	Neutral	13	27	Entity.Organization.FishingCompany		ramos-shelton	cooper, holland and nelson	0	1
ramos-shelton	Event.Transaction	alvarez plc	entered into multiple transactions	Ramos-Shelton__0__0__Lomark Daily	Neutral	13	11	Entity.Organization.FishingCompany	Entity.Organization.FishingCompany	ramos-shelton	alvarez plc	0	0
ramos-shelton	Event.Transaction	olsen group	entered into multiple transactions	Ramos-Shelton__0__0__Lomark Daily	Neutral	13	11	Entity.Organization.FishingCompany	Entity.Organization.FishingCompany	ramos-shelton	olsen group	0	0
ramos-shelton	Event.Invest	efficiency	invested in state-of-the-art tracking systems and commodities for efficiency	Ramos-Shelton__0__0__The News Buoy	Positive	13	10	Entity.Organization.FishingCompany	Entity.Commodity	ramos-shelton	efficiency	0	0
ramos-shelton	Event.Transaction	eaton-osborne	entered into multiple fishing transactions with Eaton-Osborne	Ramos-Shelton__0__0__The News Buoy	Positive	13	13	Entity.Organization.FishingCompany		ramos-shelton	watson-gray	0	8
ramos-shelton	Event.Transaction	york-castillo	entered into multiple fishing transactions with York-Castillo	Ramos-Shelton__0__0__The News Buoy	Positive	13	13	Entity.Organization.FishingCompany	Entity.Organization.FishingCompany	ramos-shelton	york-castillo	0	0
ramos-shelton	Event.Aid	marine_sanctuary	invested $2000 in a local marine sanctuary	Ramos-Shelton__0__0__The News Buoy	Neutral	13	16	Entity.Organization.FishingCompany		ramos-shelton	marine_sanctuary	0	1
ramos-shelton	Event.Communication.Conference	franco-stuart	participated in a conference alongside other industry leaders, discussing the future of fishing and the significance of sustainability	Ramos-Shelton__0__0__The News Buoy	Positive	13	13	Entity.Organization.FishingCompany	Entity.Organization.FishingCompany	ramos-shelton	franco-stuart	0	0
ramos-shelton	Event.Fishing.Sustainablefishing	glover, moran and johnson	received awards for its commitment to sustainable fishing from organizations such as Glover, Moran, and Johnson	Ramos-Shelton__0__0__The News Buoy	Positive	13	26	Entity.Organization.FishingCompany		ramos-shelton	glover, moran and johnson	0	1
rasmussen, nelson and king	Event.Fishing.Overfishing	oceanus guardians alliance	concerning trend in the activities of Rasmussen, Nelson and King, a prominent fishing company operating in the Tuna Shelf and Cod Table regions. Overfishing incidents have spiked	Rasmussen, Nelson and King__0__0__Haacklee Herald	Positive	26	26	Entity.Organization.FishingCompany	Entity.Organization.NGO	rasmussen, nelson and king	oceanus guardians alliance	0	0
rasmussen, nelson and king	Event.Fishing.Overfishing	seawatch conservation society	concerning trend in the activities of Rasmussen, Nelson and King, a prominent fishing company operating in the Tuna Shelf and Cod Table regions. Overfishing incidents have spiked	Rasmussen, Nelson and King__0__0__Haacklee Herald	Positive	26	29	Entity.Organization.FishingCompany	Entity.Organization.NGO	rasmussen, nelson and king	seawatch conservation society	0	0
rasmussen, nelson and king	Event.Fishing.Overfishing	marine sentinels initiative	concerning trend in the activities of Rasmussen, Nelson and King, a prominent fishing company operating in the Tuna Shelf and Cod Table regions. Overfishing incidents have spiked	Rasmussen, Nelson and King__0__0__Haacklee Herald	Neutral	26	27	Entity.Organization.FishingCompany	Entity.Organization.NGO	rasmussen, nelson and king	marine sentinels initiative	0	0
rasmussen, nelson and king	Event.Certificateissued.Summons	city of south paackland	repeated summonses from the City of South Paackland and Paackland reflect growing legal scrutiny over its practices	Rasmussen, Nelson and King__0__0__Haacklee Herald	Positive	26	23	Entity.Organization.FishingCompany		rasmussen, nelson and king	thompson-padilla	0	15
rasmussen, nelson and king	Event.Criticize	oceanus guardians alliance	condemned Rasmussen, Nelson and King for its detrimental impact on marine ecosystems	Rasmussen, Nelson and King__0__0__Haacklee Herald	Positive	26	26	Entity.Organization.FishingCompany	Entity.Organization.NGO	rasmussen, nelson and king	oceanus guardians alliance	0	0
rasmussen, nelson and king	Event.Criticize	seawatch conservation society	condemned Rasmussen, Nelson and King for its detrimental impact on marine ecosystems	Rasmussen, Nelson and King__0__0__Haacklee Herald	Neutral	26	29	Entity.Organization.FishingCompany	Entity.Organization.NGO	rasmussen, nelson and king	seawatch conservation society	0	0
rasmussen, nelson and king	Event.Criticize	marine sentinels initiative	condemned Rasmussen, Nelson and King for its detrimental impact on marine ecosystems	Rasmussen, Nelson and King__0__0__Haacklee Herald	Positive	26	27	Entity.Organization.FishingCompany	Entity.Organization.NGO	rasmussen, nelson and king	marine sentinels initiative	0	0
rasmussen, nelson and king	Event.Fishing.Overfishing	environmental groups and local authorities	significant overfishing incidents, including violations in the Tuna Shelf, Cod Table, and Ghoti Preserve	Rasmussen, Nelson and King__0__0__Haacklee Herald	Positive	26	42	Entity.Organization.FishingCompany		rasmussen, nelson and king	anderson, brown and green	0	29
rasmussen, nelson and king	Event.Fishing.Overfishing	environmental groups and local authorities	raised concerns about the companys sustainability practices and prompted calls for stricter regulations	Rasmussen, Nelson and King__0__0__Haacklee Herald	Neutral	26	42	Entity.Organization.FishingCompany		rasmussen, nelson and king	anderson, brown and green	0	29
rasmussen, nelson and king	Event.Aid	local marine sanctuary	announced a donation to the	Rasmussen, Nelson and King__0__0__Haacklee Herald	Neutral	26	22	Entity.Organization.FishingCompany		rasmussen, nelson and king	marine_sanctuary	0	7
rasmussen, nelson and king	Event.Transaction	frey inc	engaged in a significant transaction	Rasmussen, Nelson and King__0__0__Lomark Daily	Neutral	26	9	Entity.Organization.FishingCompany		rasmussen, nelson and king	frey inc	0	1
rasmussen, nelson and king	Event.Transaction	smith, smith and barber	engaged in a significant transaction	Rasmussen, Nelson and King__0__0__Lomark Daily	Positive	26	23	Entity.Organization.FishingCompany	Entity.Organization.FishingCompany	rasmussen, nelson and king	smith, smith and barber	0	0
rasmussen, nelson and king	Event.Invest	technological advancements	prioritized technological advancements by investing approximately $1.5 million in tracking systems and $2 million in sustainable nets	Rasmussen, Nelson and King__0__0__Lomark Daily	Positive	26	26	Entity.Organization.FishingCompany		rasmussen, nelson and king	roth, logan and moreno	0	17
rasmussen, nelson and king	Event.Transaction	haney group	establishing transactions with the Haney Group	Rasmussen, Nelson and King__0__0__Lomark Daily	Positive	26	11	Entity.Organization.FishingCompany	Entity.Organization.Company	rasmussen, nelson and king	haney group	0	0
rasmussen, nelson and king	Event.Transaction	holt plc	establishing transactions with Holt PLC	Rasmussen, Nelson and King__0__0__Lomark Daily	Positive	26	8	Entity.Organization.FishingCompany	Entity.Organization.Company	rasmussen, nelson and king	holt plc	0	0
rasmussen, nelson and king	Event.Aid	marine sanctuary aids	taking an active role in marine sanctuary aids	Rasmussen, Nelson and King__0__0__Lomark Daily	Positive	26	21	Entity.Organization.FishingCompany		rasmussen, nelson and king	marine_sanctuary	0	6
rasmussen, nelson and king	Event.Invest	commodity safety and efficiency	dedication to improving commodity safety and efficiency	Rasmussen, Nelson and King__0__0__Lomark Daily	Positive	26	31	Entity.Organization.FishingCompany		rasmussen, nelson and king	smith, smith and barber	0	20
rasmussen, nelson and king	Event.Fishing	cod table and tuna shelf regions	sustained a consistent presence in the Cod Table and Tuna Shelf regions	Rasmussen, Nelson and King__0__0__Lomark Daily	Neutral	26	32	Entity.Organization.FishingCompany		rasmussen, nelson and king	barnes and sons	0	22
rasmussen, nelson and king	Event.Communication.Conference	clarke, scott and sloan	discussed key industry trends and shared insights with peers	Rasmussen, Nelson and King__0__0__Lomark Daily	Neutral	26	23	Entity.Organization.FishingCompany	Entity.Organization.FishingCompany	rasmussen, nelson and king	clarke, scott and sloan	0	0
rasmussen, nelson and king	Event.Communication.Conference	alvarez plc	discussed key industry trends and shared insights with peers	Rasmussen, Nelson and King__0__0__Lomark Daily	Positive	26	11	Entity.Organization.FishingCompany	Entity.Organization.FishingCompany	rasmussen, nelson and king	alvarez plc	0	0
rasmussen, nelson and king	Event.Transaction	garcia, merritt and rose	notable transactions included those with Garcia, Merritt and Rose	Rasmussen, Nelson and King__0__0__Lomark Daily	Neutral	26	24	Entity.Organization.FishingCompany	Entity.Organization.Company	rasmussen, nelson and king	garcia, merritt and rose	0	0
rasmussen, nelson and king	Event.Invest	sustainable net investments	renewed emphasis on sustainable net investments	Rasmussen, Nelson and King__0__0__Lomark Daily	Positive	26	27	Entity.Organization.FishingCompany		rasmussen, nelson and king	sustainable_nets	0	12
rasmussen, nelson and king	Event.Aid	marine sanctuaries	significant contributions to marine sanctuaries and a steadfast focus on environmental stewardship	Rasmussen, Nelson and King__0__0__Lomark Daily	Positive	26	18	Entity.Organization.FishingCompany		rasmussen, nelson and king	marine_sanctuary	0	4
rasmussen, nelson and king	Event.Fishing.Sustainablefishing	marine_sanctuary	Supporting marine sanctuaries is crucial for us. Our efforts in this area are aimed at preserving marine life and habitats, ensuring that our fishing activities contribute positively to the oceans health. We have consistently funded projects and initiatives that support these sanctuaries throughout the year, demonstrating our ongoing commitment to environmental conservation.	Rasmussen, Nelson and King__0__0__The News Buoy	Positive	26	16	Entity.Organization.FishingCompany		rasmussen, nelson and king	marine_sanctuary	0	1
rasmussen, nelson and king	Event.Fishing.Overfishing	city of south paackland	received a summons for exceeding fishing quotas in the Tuna Shelf and Ghoti Preserve areas	Rasmussen, Nelson and King__0__1__Haacklee Herald	Positive	27	23			rasmussen, nelson and king	thompson-padilla	1	15
rasmussen, nelson and king	Event.Criticize	marine sentinels initiative	criticized for unsustainable fishing practices	Rasmussen, Nelson and King__0__1__Haacklee Herald	Neutral	27	27		Entity.Organization.NGO	rasmussen, nelson and king	marine sentinels initiative	1	0
rasmussen, nelson and king	Event.Fishing.Overfishing	paackland department of fisheries and oceans	utilizing the vessel perchpursuer982 for fishing activities and being investigated for illegal practices	Rasmussen, Nelson and King__0__1__Haacklee Herald	Neutral	27	44			rasmussen, nelson and king	anderson, brown and green	1	29
rasmussen, nelson and king	Event.Criticize	local fisheries expert	facing outrage for disregarding environmental regulations	Rasmussen, Nelson and King__0__1__Haacklee Herald	Positive	27	22			rasmussen, nelson and king	cisneros-meyer	1	14
rasmussen, nelson and king	Event.Criticize	public	facing significant reputational and financial consequences for failing to adapt to sustainable fishing practices	Rasmussen, Nelson and King__0__1__Haacklee Herald	Neutral	27	6			rasmussen, nelson and king	paul inc	1	4
rasmussen, nelson and king	Event.Invest	tracking_system	investments in tracking systems and sustainable nets, showcasing its commitment to environmentally friendly practices and responsible fishing methods	Rasmussen, Nelson and King__0__1__Lomark Daily	Positive	26	15	Entity.Organization.FishingCompany	Entity.Commodity	rasmussen, nelson and king	tracking_system	0	0
rasmussen, nelson and king	Event.Transaction	cuevas plc	engaged in transactions with Cuevas PLC	Rasmussen, Nelson and King__0__1__Lomark Daily	Neutral	26	10	Entity.Organization.FishingCompany	Entity.Organization.FishingCompany	rasmussen, nelson and king	cuevas plc	0	0
rasmussen, nelson and king	Event.Transaction	greer-holder	engaged in transactions with Greer-Holder	Rasmussen, Nelson and King__0__1__Lomark Daily	Neutral	26	12	Entity.Organization.FishingCompany	Entity.Organization.FishingCompany	rasmussen, nelson and king	greer-holder	0	0
rasmussen, nelson and king	Event.Invest	efficiency	actively engaged in sustainable and environmentally friendly fishing practices, invested in efficient sustainable nets and tracking systems	Rasmussen, Nelson and King__0__1__The News Buoy	Positive	27	10		Entity.Commodity	rasmussen, nelson and king	efficiency	1	0
rasmussen, nelson and king	Event.Aid	marine_sanctuary	donated $1000 to a local marine sanctuary as aid	Rasmussen, Nelson and King__0__1__The News Buoy	Positive	27	16			rasmussen, nelson and king	marine_sanctuary	1	1
rasmussen, nelson and king	Event.Transaction	haney group	entered into multiple fishing transactions	Rasmussen, Nelson and King__0__1__The News Buoy	Positive	27	11		Entity.Organization.Company	rasmussen, nelson and king	haney group	1	0
rasmussen, nelson and king	Event.Transaction	chapman, hall and miller	entered into multiple fishing transactions	Rasmussen, Nelson and King__0__1__The News Buoy	Positive	27	25			rasmussen, nelson and king	chapman, hall and miller	1	1
rasmussen, nelson and king	Event.Transaction	bates-anderson	entered into multiple fishing transactions	Rasmussen, Nelson and King__0__1__The News Buoy	Positive	27	14		Entity.Organization.Company	rasmussen, nelson and king	bates-anderson	1	0
rhodes-thompson	Event.Aid	local marine sanctuary	Donated $2000 to a local marine sanctuary	Rhodes-Thompson__0__0__Haacklee Herald	Positive	15	22	Entity.Organization.FishingCompany		rhodes-thompson	marine_sanctuary	0	7
rhodes-thompson	Event.Transaction	eaton-osborne	Entered into multiple fishing transactions with Eaton-Osborne	Rhodes-Thompson__0__0__Haacklee Herald	Positive	15	13	Entity.Organization.FishingCompany		rhodes-thompson	watson-gray	0	8
rhodes-thompson	Event.Transaction	york-castillo	Entered into multiple fishing transactions with York-Castillo	Rhodes-Thompson__0__0__Haacklee Herald	Positive	15	13	Entity.Organization.FishingCompany	Entity.Organization.FishingCompany	rhodes-thompson	york-castillo	0	0
rhodes-thompson	Event.Certificateissued	rhodes-thompson	Commended for efforts in reducing bycatch and promoting sustainable fishing practices	Rhodes-Thompson__0__0__Haacklee Herald	Neutral	15	15	Entity.Organization.FishingCompany	Entity.Organization.FishingCompany	rhodes-thompson	rhodes-thompson	0	0
rhodes-thompson	Event.Invest	efficiency	Investing in state-of-the-art nets and tracking systems	Rhodes-Thompson__0__0__Haacklee Herald	Neutral	15	10	Entity.Organization.FishingCompany	Entity.Commodity	rhodes-thompson	efficiency	0	0
rhodes-thompson	Event.Communication.Conference	industry	Garnering attention in the industry for commitment to sustainable and efficient fishing practices	Rhodes-Thompson__0__0__Haacklee Herald	Neutral	15	8	Entity.Organization.FishingCompany		rhodes-thompson	safety	0	6
rhodes-thompson	Event.Invest	sustainable_fishing	Dedication to sustainable fishing practices	Rhodes-Thompson__0__0__Haacklee Herald	Neutral	15	19	Entity.Organization.FishingCompany		rhodes-thompson	sustainable_nets	0	7
rhodes-thompson	Event.Invest	eco-friendly_fishing_practices	Actively involved in furthering the development of eco-friendly fishing practices	Rhodes-Thompson__0__0__Haacklee Herald	Neutral	15	30	Entity.Organization.FishingCompany		rhodes-thompson	tainamarine fishing co	0	21
rhodes-thompson	Event.Invest	sustainable_nets technology	Invested in sustainable nets technology	Rhodes-Thompson__0__0__Lomark Daily	Positive	15	27	Entity.Organization.FishingCompany		rhodes-thompson	sustainable_nets	0	11
rhodes-thompson	Event.Invest	tracking_system	Invested in a tracking system	Rhodes-Thompson__0__0__Lomark Daily	Positive	15	15	Entity.Organization.FishingCompany	Entity.Commodity	rhodes-thompson	tracking_system	0	0
rhodes-thompson	Event.Aid	marine_sanctuary	Provided aid to the Marine Sanctuary	Rhodes-Thompson__0__0__Lomark Daily	Positive	15	16	Entity.Organization.FishingCompany		rhodes-thompson	marine_sanctuary	0	1
rhodes-thompson	Event.Invest	safety	Invested in safety	Rhodes-Thompson__0__0__Lomark Daily	Positive	15	6	Entity.Organization.FishingCompany	Entity.Commodity	rhodes-thompson	safety	0	0
rhodes-thompson	Event.Transaction	blackwell, clark and lam	Engaged in a transaction with Blackwell, Clark and Lam	Rhodes-Thompson__0__0__Lomark Daily	Neutral	15	24	Entity.Organization.FishingCompany	Entity.Organization.FishingCompany	rhodes-thompson	blackwell, clark and lam	0	0
rhodes-thompson	Event.Transaction	arellano group	Engaged in a transaction with Arellano Group	Rhodes-Thompson__0__0__Lomark Daily	Neutral	15	14	Entity.Organization.FishingCompany	Entity.Organization.FishingCompany	rhodes-thompson	arellano group	0	0
rhodes-thompson	Event.Transaction	payne group	Engaged in a transaction with Payne Group	Rhodes-Thompson__0__0__Lomark Daily	Positive	15	11	Entity.Organization.FishingCompany	Entity.Organization.Company	rhodes-thompson	payne group	0	0
rhodes-thompson	Event.Transaction	ward-dunn	Engaged in a transaction with Ward-Dunn	Rhodes-Thompson__0__0__Lomark Daily	Positive	15	9	Entity.Organization.FishingCompany	Entity.Organization.Company	rhodes-thompson	ward-dunn	0	0
rhodes-thompson	Event.Transaction	flores ltd	Engaged in a transaction with Flores Ltd	Rhodes-Thompson__0__0__Lomark Daily	Positive	15	10	Entity.Organization.FishingCompany	Entity.Organization.FishingCompany	rhodes-thompson	flores ltd	0	0
rhodes-thompson	Event.Transaction	cuevas plc	Engaged in a transaction with Cuevas PLC	Rhodes-Thompson__0__0__Lomark Daily	Positive	15	10	Entity.Organization.FishingCompany	Entity.Organization.FishingCompany	rhodes-thompson	cuevas plc	0	0
rhodes-thompson	Event.Communication.Conference	arellano group	Held conferences with Arellano Group	Rhodes-Thompson__0__0__Lomark Daily	Positive	15	14	Entity.Organization.FishingCompany	Entity.Organization.FishingCompany	rhodes-thompson	arellano group	0	0
rhodes-thompson	Event.Communication.Conference	rivas-stevens	Held conferences with Rivas-Stevens	Rhodes-Thompson__0__0__Lomark Daily	Positive	15	13	Entity.Organization.FishingCompany	Entity.Organization.FishingCompany	rhodes-thompson	rivas-stevens	0	0
rhodes-thompson	Event.Invest	tracking_system technology	Invested in tracking system technology	Rhodes-Thompson__0__0__Lomark Daily	Positive	15	26	Entity.Organization.FishingCompany		rhodes-thompson	tracking_system	0	11
rhodes-thompson	Event.Invest	safety and efficiency	Invested in safety and efficiency	Rhodes-Thompson__0__0__Lomark Daily	Positive	15	21	Entity.Organization.FishingCompany		rhodes-thompson	efficiency	0	11
rhodes-thompson	Event.Transaction	mann, myers and rivera	Engaged in a transaction with Mann, Myers and Rivera	Rhodes-Thompson__0__0__Lomark Daily	Positive	15	22	Entity.Organization.FishingCompany	Entity.Organization.FishingCompany	rhodes-thompson	mann, myers and rivera	0	0
rhodes-thompson	Event.Transaction	serrano-cruz	Engaged in a transaction with Serrano-Cruz	Rhodes-Thompson__0__0__Lomark Daily	Neutral	15	12	Entity.Organization.FishingCompany	Entity.Organization.FishingCompany	rhodes-thompson	serrano-cruz	0	0
rhodes-thompson	Event.Invest	sustainable_nets		Rhodes-Thompson__0__0__The News Buoy	Neutral	15	16	Entity.Organization.FishingCompany	Entity.Commodity	rhodes-thompson	sustainable_nets	0	0
rhodes-thompson	Event.Invest	tracking_system		Rhodes-Thompson__0__0__The News Buoy	Positive	15	15	Entity.Organization.FishingCompany	Entity.Commodity	rhodes-thompson	tracking_system	0	0
rhodes-thompson	Event.Certificateissued	city of port grove	certified by the City of Port Grove for its sustainable fishing methods	Rhodes-Thompson__0__0__The News Buoy	Positive	15	18	Entity.Organization.FishingCompany		rhodes-thompson	montoya group	0	12
rhodes-thompson	Event.Certificateissued	city of south paackland	certified by the City of South Paackland for its sustainable fishing methods	Rhodes-Thompson__0__0__The News Buoy	Neutral	15	23	Entity.Organization.FishingCompany		rhodes-thompson	thompson-padilla	0	15
rhodes-thompson	Event.Aid	marine_sanctuary	invested $20,000 in Marine Sanctuary	Rhodes-Thompson__0__0__The News Buoy	Neutral	15	16	Entity.Organization.FishingCompany		rhodes-thompson	marine_sanctuary	0	1
rhodes-thompson	Event.Transaction	eaton-osborne		Rhodes-Thompson__0__0__The News Buoy	Neutral	15	13	Entity.Organization.FishingCompany		rhodes-thompson	watson-gray	0	8
rhodes-thompson	Event.Transaction	york-castillo		Rhodes-Thompson__0__0__The News Buoy	Positive	15	13	Entity.Organization.FishingCompany	Entity.Organization.FishingCompany	rhodes-thompson	york-castillo	0	0
rhodes-thompson	Event.Transaction	burns inc		Rhodes-Thompson__0__0__The News Buoy	Positive	15	9	Entity.Organization.FishingCompany	Entity.Organization.FishingCompany	rhodes-thompson	burns inc	0	0
rhodes-thompson	Event.Transaction	mcgee and sons	acquired majority stakes in McGee and Sons, a prominent logistics firm	Rhodes-Thompson__0__1__Haacklee Herald	Positive	15	14	Entity.Organization.FishingCompany	Entity.Organization.FishingCompany	rhodes-thompson	mcgee and sons	0	0
rhodes-thompson	Event.Invest	research and development	heavily invested in research and development	Rhodes-Thompson__0__1__Haacklee Herald	Positive	15	24	Entity.Organization.FishingCompany		rhodes-thompson	barnes and sons	0	16
rhodes-thompson	Event.Owns.Partiallyowns	mcgee and sons	partnership with McGee and Sons will enable us to expand our reach and bring clean energy to even more communities	Rhodes-Thompson__0__1__Haacklee Herald	Neutral	15	14	Entity.Organization.FishingCompany	Entity.Organization.FishingCompany	rhodes-thompson	mcgee and sons	0	0
rivas-stevens	Event.Transaction	cook plc	partnerships with various entities such as Cook PLC	Rivas-Stevens__0__0__Haacklee Herald	Positive	13	8	Entity.Organization.FishingCompany	Entity.Organization.FishingCompany	rivas-stevens	cook plc	0	0
rivas-stevens	Event.Transaction	coleman, nelson and garcia	partnerships with various entities such as Coleman, Nelson and Garcia	Rivas-Stevens__0__0__Haacklee Herald	Positive	13	26	Entity.Organization.FishingCompany	Entity.Organization.Company	rivas-stevens	coleman, nelson and garcia	0	0
rivas-stevens	Event.Aid	marine sanctuaries	support for marine sanctuaries through aid contributions	Rivas-Stevens__0__0__Haacklee Herald	Positive	13	18	Entity.Organization.FishingCompany		rivas-stevens	marine_sanctuary	0	4
rivas-stevens	Event.Invest	efficiency	investments in sustainable initiatives like efficient tracking systems and eco-friendly nets	Rivas-Stevens__0__0__Haacklee Herald	Neutral	13	10	Entity.Organization.FishingCompany	Entity.Commodity	rivas-stevens	efficiency	0	0
rivas-stevens	Event.Aid	marine sanctuaries	additional aid provided to marine sanctuaries	Rivas-Stevens__0__0__Haacklee Herald	Neutral	13	18	Entity.Organization.FishingCompany		rivas-stevens	marine_sanctuary	0	4
rivas-stevens	Event.Communication.Conference	horn and sons	conferences with industry leaders like Horn and Sons	Rivas-Stevens__0__0__Haacklee Herald	Neutral	13	13	Entity.Organization.FishingCompany	Entity.Organization.FishingCompany	rivas-stevens	horn and sons	0	0
rivas-stevens	Event.Communication.Conference	frey inc	conferences with industry leaders like Frey Inc	Rivas-Stevens__0__0__Haacklee Herald	Positive	13	8	Entity.Organization.FishingCompany	Entity.Organization.FishingCompany	rivas-stevens	frey inc	0	0
rivas-stevens	Event.Invest	tracking_system	latest investment in July towards tracking systems	Rivas-Stevens__0__0__Haacklee Herald	Neutral	13	15	Entity.Organization.FishingCompany	Entity.Commodity	rivas-stevens	tracking_system	0	0
rivas-stevens	Event.Aid	marine sanctuaries	additional aid provided to marine sanctuaries	Rivas-Stevens__0__0__Haacklee Herald	Neutral	13	18	Entity.Organization.FishingCompany		rivas-stevens	marine_sanctuary	0	4
rivas-stevens	Event.Aid	marine sanctuaries	additional aid provided to marine sanctuaries	Rivas-Stevens__0__0__Lomark Daily	Positive	13	18	Entity.Organization.FishingCompany		rivas-stevens	marine_sanctuary	0	4
rivas-stevens	Event.Aid	marine sanctuaries	additional aid provided to marine sanctuaries	Rivas-Stevens__0__0__Lomark Daily	Positive	13	18	Entity.Organization.FishingCompany		rivas-stevens	marine_sanctuary	0	4
rivas-stevens	Event.Aid	marine sanctuaries	additional aid provided to marine sanctuaries	Rivas-Stevens__0__0__Lomark Daily	Positive	13	18	Entity.Organization.FishingCompany		rivas-stevens	marine_sanctuary	0	4
rivas-stevens	Event.Aid	marine sanctuaries	additional aid provided to marine sanctuaries	Rivas-Stevens__0__0__Lomark Daily	Positive	13	18	Entity.Organization.FishingCompany		rivas-stevens	marine_sanctuary	0	4
rivas-stevens	Event.Aid	marine sanctuaries	additional aid provided to marine sanctuaries	Rivas-Stevens__0__0__Lomark Daily	Positive	13	18	Entity.Organization.FishingCompany		rivas-stevens	marine_sanctuary	0	4
rivas-stevens	Event.Aid	marine sanctuaries	additional aid provided to marine sanctuaries	Rivas-Stevens__0__0__Lomark Daily	Positive	13	18	Entity.Organization.FishingCompany		rivas-stevens	marine_sanctuary	0	4
rivas-stevens	Event.Transaction	murphy, marshall and pope	significant investments in sustainable nets and safety commodities	Rivas-Stevens__0__0__The News Buoy	Positive	13	25	Entity.Organization.FishingCompany	Entity.Organization.FishingCompany	rivas-stevens	murphy, marshall and pope	0	0
rivas-stevens	Event.Transaction	bell, reynolds and forbes	significant investments in sustainable nets and safety commodities	Rivas-Stevens__0__0__The News Buoy	Positive	13	25	Entity.Organization.FishingCompany	Entity.Organization.FishingCompany	rivas-stevens	bell, reynolds and forbes	0	0
rivas-stevens	Event.Certificateissued	tuna shelf	secure certificates for sustainable fishing	Rivas-Stevens__0__0__The News Buoy	Neutral	13	10	Entity.Organization.FishingCompany	Entity.Location.Region	rivas-stevens	tuna shelf	0	0
rivas-stevens	Event.Aid	marine_sanctuary	contribute to marine sanctuary aid	Rivas-Stevens__0__0__The News Buoy	Positive	13	16	Entity.Organization.FishingCompany		rivas-stevens	marine_sanctuary	0	1
rivas-stevens	Event.Communication.Conference	martinez-le and cooper, holland and nelson	participates in conferences focusing on sustainable fishing practices in the Cod Table	Rivas-Stevens__0__0__The News Buoy	Positive	13	42	Entity.Organization.FishingCompany		rivas-stevens	cooper, holland and nelson	0	16
rivas-stevens	Event.Transaction	jefferson inc	engage in several transactions	Rivas-Stevens__0__0__The News Buoy	Positive	13	13	Entity.Organization.FishingCompany	Entity.Organization.Company	rivas-stevens	jefferson inc	0	0
rivas-stevens	Event.Transaction	vasquez, chaney and martinez	ongoing engagement in the fishing industry	Rivas-Stevens__0__0__The News Buoy	Neutral	13	28	Entity.Organization.FishingCompany	Entity.Organization.FishingCompany	rivas-stevens	vasquez, chaney and martinez	0	0
rivas-stevens	Event.Transaction	rasmussen, nelson and king	ongoing engagement in the fishing industry	Rivas-Stevens__0__0__The News Buoy	Neutral	13	26	Entity.Organization.FishingCompany	Entity.Organization.FishingCompany	rivas-stevens	rasmussen, nelson and king	0	0
rivas-stevens	Event.Aid	marine_sanctuary	contribute to marine sanctuary aid	Rivas-Stevens__0__0__The News Buoy	Neutral	13	16	Entity.Organization.FishingCompany		rivas-stevens	marine_sanctuary	0	1
rivas-stevens	Event.Communication.Conference	phillips-newton and taylor, prince and sherman	attend conferences emphasizing the importance of environmental protection	Rivas-Stevens__0__0__The News Buoy	Positive	13	46	Entity.Organization.FishingCompany		rivas-stevens	taylor, prince and sherman	0	20
rivas-stevens	Event.Transaction	kelly-smith and smith-hull	continue their investments in safety and efficiency commodities	Rivas-Stevens__0__0__The News Buoy	Positive	13	26	Entity.Organization.FishingCompany		rivas-stevens	kelly-smith	0	15
rivas-stevens	Event.Transaction	frank group	ongoing engagement in the fishing industry	Rivas-Stevens__0__0__The News Buoy	Positive	13	11	Entity.Organization.FishingCompany	Entity.Organization.FishingCompany	rivas-stevens	frank group	0	0
rivas-stevens	Event.Transaction	glover, moran and johnson	ongoing engagement in the fishing industry	Rivas-Stevens__0__0__The News Buoy	Positive	13	25	Entity.Organization.FishingCompany	Entity.Organization.FishingCompany	rivas-stevens	glover, moran and johnson	0	0
rivas-stevens	Event.Aid	marine_sanctuary	contribute to marine sanctuary aid	Rivas-Stevens__0__0__The News Buoy	Positive	13	16	Entity.Organization.FishingCompany		rivas-stevens	marine_sanctuary	0	1
rivas-stevens	Event.Communication.Conference	kelly-smith and smith-hull	attend conferences while continuing their investments in safety and efficiency commodities	Rivas-Stevens__0__0__The News Buoy	Positive	13	26	Entity.Organization.FishingCompany		rivas-stevens	kelly-smith	0	15
rivas-stevens	Event.Transaction	mcgee and sons	ongoing partnerships	Rivas-Stevens__0__0__The News Buoy	Positive	13	14	Entity.Organization.FishingCompany	Entity.Organization.FishingCompany	rivas-stevens	mcgee and sons	0	0
rosario-melendez	Event.Invest	efficiency	commitment to sustainable and environmentally friendly fishing practices, investing in efficient sustainable nets, tracking systems, and donating $2000 to a local marine sanctuary	Rosario-Melendez__0__0__Haacklee Herald	Positive	16	10	Entity.Organization.FishingCompany	Entity.Commodity	rosario-melendez	efficiency	0	0
rosario-melendez	Event.Transaction	eaton-osborne	entered into multiple fishing transactions	Rosario-Melendez__0__0__Haacklee Herald	Positive	16	13	Entity.Organization.FishingCompany		rosario-melendez	watson-gray	0	8
rosario-melendez	Event.Transaction	york-castillo	entered into multiple fishing transactions	Rosario-Melendez__0__0__Haacklee Herald	Positive	16	13	Entity.Organization.FishingCompany	Entity.Organization.FishingCompany	rosario-melendez	york-castillo	0	0
rosario-melendez	Event.Transaction	logistic companies	entered into multiple fishing transactions	Rosario-Melendez__0__0__Haacklee Herald	Neutral	16	18	Entity.Organization.FishingCompany		rosario-melendez	martinez-daniels	0	12
rosario-melendez	Event.Aid	marine_sanctuary	donated $2000 to a local marine sanctuary	Rosario-Melendez__0__0__Haacklee Herald	Neutral	16	16	Entity.Organization.FishingCompany		rosario-melendez	marine_sanctuary	0	1
rosario-melendez	Event.Applaud	ngos and local government	applauded by NGOs and local government for its efforts	Rosario-Melendez__0__0__Haacklee Herald	Neutral	16	25	Entity.Organization.FishingCompany		rosario-melendez	roth, logan and moreno	0	17
maria rodriguez	Event.Communication.Conference	rosario-melendez	"stated, ""We are committed to responsible and sustainable fishing practices that benefit not only the environment but also the communities we operate in."""	Rosario-Melendez__0__0__Haacklee Herald	Positive	15	16		Entity.Organization.FishingCompany	serrano-cruz	rosario-melendez	10	0
rosario-melendez	Event.Collaboration	ngos and local government	dedication to sustainable legal fishing and has been applauded by NGOs and local government for its efforts	Rosario-Melendez__0__0__Haacklee Herald	Positive	16	25	Entity.Organization.FishingCompany		rosario-melendez	roth, logan and moreno	0	17
rosario-melendez	Event.Collaboration	industry	leading the way in shaping the future of the industry	Rosario-Melendez__0__0__Haacklee Herald	Positive	16	8	Entity.Organization.FishingCompany		rosario-melendez	safety	0	6
rosario-melendez	Event.Invest	sustainability and efficiency	Invested in sustainable fishing practices for the Cod Table, including investing in sustainable nets and a tracking system	Rosario-Melendez__0__0__Lomark Daily	Positive	16	29	Entity.Organization.FishingCompany		rosario-melendez	sustainable_nets	0	17
rosario-melendez	Event.Certificateissued	city of paackland	Received approval to fish in the Cod Table	Rosario-Melendez__0__0__Lomark Daily	Neutral	16	17	Entity.Organization.FishingCompany		rosario-melendez	cook plc	0	12
rosario-melendez	Event.Certificateissued	city of port grove	Received approval to fish in the Cod Table	Rosario-Melendez__0__0__Lomark Daily	Positive	16	18	Entity.Organization.FishingCompany		rosario-melendez	montoya group	0	12
rosario-melendez	Event.Transaction	murray, friedman and wall	Engaged in transactions with	Rosario-Melendez__0__0__Lomark Daily	Positive	16	25	Entity.Organization.FishingCompany	Entity.Organization.FishingCompany	rosario-melendez	murray, friedman and wall	0	0
rosario-melendez	Event.Transaction	york-castillo	Engaged in transactions with	Rosario-Melendez__0__0__Lomark Daily	Positive	16	13	Entity.Organization.FishingCompany	Entity.Organization.FishingCompany	rosario-melendez	york-castillo	0	0
rosario-melendez	Event.Transaction	jackson, mendez and nguyen	Engaged in transactions with	Rosario-Melendez__0__0__Lomark Daily	Positive	16	26	Entity.Organization.FishingCompany	Entity.Organization.Company	rosario-melendez	jackson, mendez and nguyen	0	0
rosario-melendez	Event.Transaction	cain, simpson and hernandez	Engaged in transactions with	Rosario-Melendez__0__0__Lomark Daily	Positive	16	27	Entity.Organization.FishingCompany	Entity.Organization.FishingCompany	rosario-melendez	cain, simpson and hernandez	0	0
rosario-melendez	Event.Transaction	roth, logan and moreno	Engaged in transactions with	Rosario-Melendez__0__0__Lomark Daily	Neutral	16	22	Entity.Organization.FishingCompany	Entity.Organization.FishingCompany	rosario-melendez	roth, logan and moreno	0	0
rosario-melendez	Event.Transaction	bowers group	Engaged in transactions with	Rosario-Melendez__0__0__Lomark Daily	Positive	16	12	Entity.Organization.FishingCompany	Entity.Organization.FishingCompany	rosario-melendez	bowers group	0	0
rosario-melendez	Event.Transaction	anderson, brown and green	Engaged in transactions with	Rosario-Melendez__0__0__Lomark Daily	Neutral	16	25	Entity.Organization.FishingCompany	Entity.Organization.FishingCompany	rosario-melendez	anderson, brown and green	0	0
rosario-melendez	Event.Transaction	lake victoria catch gmbh	Engaged in transactions with	Rosario-Melendez__0__0__Lomark Daily	Positive	16	24	Entity.Organization.FishingCompany	Entity.Organization.FishingCompany	rosario-melendez	lake victoria catch gmbh	0	0
rosario-melendez	Event.Transaction	harrell-walters	Engaged in transactions with	Rosario-Melendez__0__0__Lomark Daily	Neutral	16	15	Entity.Organization.FishingCompany	Entity.Organization.FishingCompany	rosario-melendez	harrell-walters	0	0
rosario-melendez	Event.Transaction	mclaughlin-chandler	Engaged in transactions with	Rosario-Melendez__0__0__Lomark Daily	Neutral	16	19	Entity.Organization.FishingCompany	Entity.Organization.FishingCompany	rosario-melendez	mclaughlin-chandler	0	0
rosario-melendez	Event.Transaction	vargas-jensen	Engaged in transactions with	Rosario-Melendez__0__0__Lomark Daily	Neutral	16	13	Entity.Organization.FishingCompany	Entity.Organization.FishingCompany	rosario-melendez	vargas-jensen	0	0
rosario-melendez	Event.Transaction	allen-weiss	Engaged in transactions with	Rosario-Melendez__0__0__Lomark Daily	Neutral	16	11	Entity.Organization.FishingCompany	Entity.Organization.Company	rosario-melendez	allen-weiss	0	0
rosario-melendez	Event.Transaction	jackson inc	Engaged in transactions with	Rosario-Melendez__0__0__Lomark Daily	Positive	16	11	Entity.Organization.FishingCompany	Entity.Organization.FishingCompany	rosario-melendez	jackson inc	0	0
rosario-melendez	Event.Transaction	murphy, marshall and pope	Engaged in transactions with	Rosario-Melendez__0__0__Lomark Daily	Positive	16	25	Entity.Organization.FishingCompany	Entity.Organization.FishingCompany	rosario-melendez	murphy, marshall and pope	0	0
rosario-melendez	Event.Communication.Conference	vasquez, chaney and martinez	Held conferences with	Rosario-Melendez__0__0__Lomark Daily	Positive	16	28	Entity.Organization.FishingCompany	Entity.Organization.FishingCompany	rosario-melendez	vasquez, chaney and martinez	0	0
rosario-melendez	Event.Communication.Conference	thomas-weaver		Rosario-Melendez__0__0__Lomark Daily	Positive	16	13	Entity.Organization.FishingCompany	Entity.Organization.FishingCompany	rosario-melendez	thomas-weaver	0	0
rosario-melendez	Event.Invest	mcgee and sons	Multiple transactions and investments marked this month, including deals with Mcgee and Sons, Rasmussen, Nelson and King, Klein LLC, Martin LLC, Ward-Dunn, Ross-Curtis, and others. These transactions encompassed both financial investments and fishing operations.	Rosario-Melendez__0__0__The News Buoy	Positive	16	14	Entity.Organization.FishingCompany	Entity.Organization.FishingCompany	rosario-melendez	mcgee and sons	0	0
rosario-melendez	Event.Certificateissued	city of paackland	Rosario-Melendez received commendations from the cities of Paackland and Port Grove for its sustainable fishing efforts in the Cod Table region. Certificates were issued, acknowledging the companys adherence to responsible fishing practices.	Rosario-Melendez__0__0__The News Buoy	Neutral	16	17	Entity.Organization.FishingCompany		rosario-melendez	cook plc	0	12
rosario-melendez	Event.Certificateissued	city of port grove	Rosario-Melendez received commendations from the cities of Paackland and Port Grove for its sustainable fishing efforts in the Cod Table region. Certificates were issued, acknowledging the companys adherence to responsible fishing practices.	Rosario-Melendez__0__0__The News Buoy	Positive	16	18	Entity.Organization.FishingCompany		rosario-melendez	montoya group	0	12
rosario-melendez	Event.Communication.Conference	cisneros-meyer	Rosario-Melendez participated in a conference alongside industry peers like Cisneros-Meyer and Smith, Smith and Barber, emphasizing collaboration towards sustainable fishing goals.	Rosario-Melendez__0__0__The News Buoy	Neutral	16	14	Entity.Organization.FishingCompany	Entity.Organization.FishingCompany	rosario-melendez	cisneros-meyer	0	0
rosario-melendez	Event.Transaction	bates-anderson	The company continued its commitment to sustainability with investments in commodity efficiency and safety, alongside various transactions involving Bates-Anderson, Conrad Ltd, Brown-Stokes, Chapman, Hall and Miller, and others.	Rosario-Melendez__0__0__The News Buoy	Positive	16	14	Entity.Organization.FishingCompany	Entity.Organization.Company	rosario-melendez	bates-anderson	0	0
rosario-melendez	Event.Transaction	conrad ltd	The company continued its commitment to sustainability with investments in commodity efficiency and safety, alongside various transactions involving Bates-Anderson, Conrad Ltd, Brown-Stokes, Chapman, Hall and Miller, and others.	Rosario-Melendez__0__0__The News Buoy	Neutral	16	10	Entity.Organization.FishingCompany	Entity.Organization.FishingCompany	rosario-melendez	conrad ltd	0	0
rosario-melendez	Event.Transaction	brown-stokes	The company continued its commitment to sustainability with investments in commodity efficiency and safety, alongside various transactions involving Bates-Anderson, Conrad Ltd, Brown-Stokes, Chapman, Hall and Miller, and others.	Rosario-Melendez__0__0__The News Buoy	Neutral	16	12	Entity.Organization.FishingCompany	Entity.Organization.Company	rosario-melendez	brown-stokes	0	0
rosario-melendez	Event.Transaction	chapman, hall and miller	The company continued its commitment to sustainability with investments in commodity efficiency and safety, alongside various transactions involving Bates-Anderson, Conrad Ltd, Brown-Stokes, Chapman, Hall and Miller, and others.	Rosario-Melendez__0__0__The News Buoy	Neutral	16	24	Entity.Organization.FishingCompany	Entity.Organization.Company	rosario-melendez	chapman, hall and miller	0	0
roth, logan and moreno	Event.Fishing.Sustainablefishing	environmentalists and industry experts	commitment to sustainable fishing practices and collaborative ventures	Roth, Logan and Moreno__0__0__Haacklee Herald	Neutral	22	38	Entity.Organization.FishingCompany		roth, logan and moreno	northeastseafood carriers	0	25
roth, logan and moreno	Event.Aid	marine sanctuaries	multiple contributions made throughout the year	Roth, Logan and Moreno__0__0__Haacklee Herald	Neutral	22	18	Entity.Organization.FishingCompany		roth, logan and moreno	marine_sanctuary	0	4
roth, logan and moreno	Event.Transaction	collins, johnson and lloyd	collaborative approach to business operations	Roth, Logan and Moreno__0__0__Haacklee Herald	Positive	22	26	Entity.Organization.FishingCompany	Entity.Organization.FishingCompany	roth, logan and moreno	collins, johnson and lloyd	0	0
roth, logan and moreno	Event.Transaction	craig ltd	collaborative approach to business operations	Roth, Logan and Moreno__0__0__Haacklee Herald	Neutral	22	9	Entity.Organization.FishingCompany	Entity.Organization.FishingCompany	roth, logan and moreno	craig ltd	0	0
roth, logan and moreno	Event.Transaction	myers-alvarez	collaborative approach to business operations	Roth, Logan and Moreno__0__0__Haacklee Herald	Positive	22	13	Entity.Organization.FishingCompany	Entity.Organization.Company	roth, logan and moreno	myers-alvarez	0	0
roth, logan and moreno	Event.Transaction	jackson, mendez and nguyen	collaborative approach to business operations	Roth, Logan and Moreno__0__0__Haacklee Herald	Positive	22	26	Entity.Organization.FishingCompany	Entity.Organization.Company	roth, logan and moreno	jackson, mendez and nguyen	0	0
roth, logan and moreno	Event.Invest	commodity safety	significant investments in commodity safety and sustainable nets	Roth, Logan and Moreno__0__0__Lomark Daily	Neutral	22	16	Entity.Organization.FishingCompany		roth, logan and moreno	safety	0	10
roth, logan and moreno	Event.Invest	sustainable_nets	significant investments in commodity safety and sustainable nets	Roth, Logan and Moreno__0__0__Lomark Daily	Positive	22	16	Entity.Organization.FishingCompany		roth, logan and moreno	sustainable_nets	0	1
roth, logan and moreno	Event.Transaction	martinez-le	Transactions with Martinez-Le	Roth, Logan and Moreno__0__0__Lomark Daily	Positive	22	11	Entity.Organization.FishingCompany	Entity.Organization.FishingCompany	roth, logan and moreno	martinez-le	0	0
roth, logan and moreno	Event.Transaction	phillips-newton	Transactions with Phillips-Newton	Roth, Logan and Moreno__0__0__Lomark Daily	Positive	22	15	Entity.Organization.FishingCompany	Entity.Organization.FishingCompany	roth, logan and moreno	phillips-newton	0	0
roth, logan and moreno	Event.Communication.Conference	industry peers	involvement in conferences with industry peers	Roth, Logan and Moreno__0__0__Lomark Daily	Positive	22	14	Entity.Organization.FishingCompany		roth, logan and moreno	wrasse beds	0	10
roth, logan and moreno	Event.Aid	marine sanctuaries	contributions to marine sanctuaries	Roth, Logan and Moreno__0__0__Lomark Daily	Positive	22	18	Entity.Organization.FishingCompany		roth, logan and moreno	marine_sanctuary	0	4
roth, logan and moreno	Event.Invest	tracking systems	Investments in tracking systems	Roth, Logan and Moreno__0__0__Lomark Daily	Positive	22	16	Entity.Organization.FishingCompany		roth, logan and moreno	tracking_system	0	2
roth, logan and moreno	Event.Owns.Partiallyowns	rivas-stevens	collaborations with Rivas-Stevens and other entities	Roth, Logan and Moreno__0__0__Lomark Daily	Neutral	22	13	Entity.Organization.FishingCompany	Entity.Organization.FishingCompany	roth, logan and moreno	rivas-stevens	0	0
roth, logan and moreno	Event.Fishing.Sustainablefishing	tuna shelf	ventures into sustainable fishing practices in regions like the Tuna Shelf and Cod Table	Roth, Logan and Moreno__0__0__Lomark Daily	Positive	22	10	Entity.Organization.FishingCompany	Entity.Location.Region	roth, logan and moreno	tuna shelf	0	0
roth, logan and moreno	Event.Fishing.Sustainablefishing	cod table	ventures into sustainable fishing practices in regions like the Tuna Shelf and Cod Table	Roth, Logan and Moreno__0__0__Lomark Daily	Neutral	22	9	Entity.Organization.FishingCompany	Entity.Location.Region	roth, logan and moreno	cod table	0	0
city of port grove	Event.Certificateissued	roth, logan and moreno	certificates received authorizing fishing activities in the Tuna Shelf and Cod Table regions	Roth, Logan and Moreno__0__0__The News Buoy	Positive	18	22	Entity.Organization.GovernmentOrg	Entity.Organization.FishingCompany	city of port grove	roth, logan and moreno	0	0
city of south paackland	Event.Certificateissued	roth, logan and moreno	certificates received authorizing fishing activities in the Tuna Shelf and Cod Table regions	Roth, Logan and Moreno__0__0__The News Buoy	Positive	23	22	Entity.Organization.GovernmentOrg	Entity.Organization.FishingCompany	city of south paackland	roth, logan and moreno	0	0
roth, logan and moreno	Event.Invest	commodity safety	investments in commodity safety and sustainable nets	Roth, Logan and Moreno__0__0__The News Buoy	Neutral	22	16	Entity.Organization.FishingCompany		roth, logan and moreno	safety	0	10
roth, logan and moreno	Event.Invest	sustainable_nets	investments in commodity safety and sustainable nets	Roth, Logan and Moreno__0__0__The News Buoy	Positive	22	16	Entity.Organization.FishingCompany	Entity.Commodity	roth, logan and moreno	sustainable_nets	0	0
roth, logan and moreno	Event.Communication.Conference	marine_sanctuary	engaged in conferences and aid initiatives for marine sanctuaries	Roth, Logan and Moreno__0__0__The News Buoy	Neutral	22	16	Entity.Organization.FishingCompany		roth, logan and moreno	marine_sanctuary	0	1
roth, logan and moreno	Event.Aid	marine_sanctuary	engaged in conferences and aid initiatives for marine sanctuaries	Roth, Logan and Moreno__0__0__The News Buoy	Positive	22	16	Entity.Organization.FishingCompany		roth, logan and moreno	marine_sanctuary	0	1
roth, logan and moreno	Event.Invest	tracking_system	investments in tracking systems	Roth, Logan and Moreno__0__0__The News Buoy	Positive	22	15	Entity.Organization.FishingCompany	Entity.Commodity	roth, logan and moreno	tracking_system	0	0
roth, logan and moreno	Event.Owns.Partiallyowns	evans ltd	recent transactions with Evans Ltd	Roth, Logan and Moreno__0__0__The News Buoy	Positive	22	9	Entity.Organization.FishingCompany	Entity.Organization.Company	roth, logan and moreno	evans ltd	0	0
roth, logan and moreno	Event.Owns.Partiallyowns	walker, gonzalez and blanchard	recent transactions with Walker, Gonzalez and Blanchard	Roth, Logan and Moreno__0__0__The News Buoy	Neutral	22	30	Entity.Organization.FishingCompany	Entity.Organization.Company	roth, logan and moreno	walker, gonzalez and blanchard	0	0
roth, logan and moreno	Event.Owns.Partiallyowns	myers-alvarez	recent transactions with Myers-Alvarez	Roth, Logan and Moreno__0__0__The News Buoy	Positive	22	13	Entity.Organization.FishingCompany	Entity.Organization.Company	roth, logan and moreno	myers-alvarez	0	0
roth, logan and moreno	Event.Invest	efficiency	recent investments in efficiency and safety	Roth, Logan and Moreno__0__0__The News Buoy	Positive	22	10	Entity.Organization.FishingCompany	Entity.Commodity	roth, logan and moreno	efficiency	0	0
roth, logan and moreno	Event.Invest	safety	recent investments in efficiency and safety	Roth, Logan and Moreno__0__0__The News Buoy	Neutral	22	6	Entity.Organization.FishingCompany	Entity.Commodity	roth, logan and moreno	safety	0	0
sanchez-moreno	Event.Applaud	city of paackland	responsible fishing practices in the Cod Table and Wrasse Beds regions	Sanchez-Moreno__0__0__Haacklee Herald	Neutral	14	17	Entity.Organization.FishingCompany		sanchez-moreno	cook plc	0	12
sanchez-moreno	Event.Applaud	city of lomark	responsible fishing practices in the Cod Table and Wrasse Beds regions	Sanchez-Moreno__0__0__Haacklee Herald	Positive	14	14	Entity.Organization.FishingCompany		sanchez-moreno	hughes-clark	0	10
sanchez-moreno	Event.Certificateissued	city of paackland	authorization to operate in these areas	Sanchez-Moreno__0__0__Haacklee Herald	Neutral	14	17	Entity.Organization.FishingCompany		sanchez-moreno	cook plc	0	12
sanchez-moreno	Event.Certificateissued	city of lomark	authorization to operate in these areas	Sanchez-Moreno__0__0__Haacklee Herald	Neutral	14	14	Entity.Organization.FishingCompany		sanchez-moreno	hughes-clark	0	10
sanchez-moreno	Event.Communication.Conference	cook plc	ongoing investments in commodity safety and efficiency	Sanchez-Moreno__0__0__Haacklee Herald	Positive	14	8	Entity.Organization.FishingCompany	Entity.Organization.FishingCompany	sanchez-moreno	cook plc	0	0
sanchez-moreno	Event.Communication.Conference	craig ltd	ongoing investments in commodity safety and efficiency	Sanchez-Moreno__0__0__Haacklee Herald	Neutral	14	9	Entity.Organization.FishingCompany	Entity.Organization.FishingCompany	sanchez-moreno	craig ltd	0	0
sanchez-moreno	Event.Transaction	blackwell, clark and lam	commitment to collaboration and expansion within the industry	Sanchez-Moreno__0__0__Haacklee Herald	Neutral	14	24	Entity.Organization.FishingCompany	Entity.Organization.FishingCompany	sanchez-moreno	blackwell, clark and lam	0	0
sanchez-moreno	Event.Transaction	floyd-cantu	commitment to collaboration and expansion within the industry	Sanchez-Moreno__0__0__Haacklee Herald	Neutral	14	11	Entity.Organization.FishingCompany	Entity.Organization.FishingCompany	sanchez-moreno	floyd-cantu	0	0
sanchez-moreno	Event.Transaction	anderson, brown and green	commitment to collaboration and expansion within the industry	Sanchez-Moreno__0__0__Haacklee Herald	Positive	14	25	Entity.Organization.FishingCompany	Entity.Organization.FishingCompany	sanchez-moreno	anderson, brown and green	0	0
sanchez-moreno	Event.Transaction	greer-holder	commitment to collaboration and expansion within the industry	Sanchez-Moreno__0__0__Haacklee Herald	Negative	14	12	Entity.Organization.FishingCompany	Entity.Organization.FishingCompany	sanchez-moreno	greer-holder	0	0
sanchez-moreno	Event.Aid	marine_sanctuary	initiatives for marine sanctuary aid	Sanchez-Moreno__0__0__Haacklee Herald	Neutral	14	16	Entity.Organization.FishingCompany		sanchez-moreno	marine_sanctuary	0	1
sanchez-moreno	Event.Transaction	roth, logan and moreno	sustained growth trajectory	Sanchez-Moreno__0__0__Haacklee Herald	Negative	14	22	Entity.Organization.FishingCompany	Entity.Organization.FishingCompany	sanchez-moreno	roth, logan and moreno	0	0
sanchez-moreno	Event.Transaction	turner-green	sustained growth trajectory	Sanchez-Moreno__0__0__Haacklee Herald	Negative	14	12	Entity.Organization.FishingCompany	Entity.Organization.FishingCompany	sanchez-moreno	turner-green	0	0
sanchez-moreno	Event.Transaction	clements, allen and sullivan	sustained growth trajectory	Sanchez-Moreno__0__0__Haacklee Herald	Positive	14	28	Entity.Organization.FishingCompany	Entity.Organization.FishingCompany	sanchez-moreno	clements, allen and sullivan	0	0
sanchez-moreno	Event.Transaction	jones, davis and grant	sustained growth trajectory	Sanchez-Moreno__0__0__Haacklee Herald	Negative	14	22	Entity.Organization.FishingCompany	Entity.Organization.FishingCompany	sanchez-moreno	jones, davis and grant	0	0
sanchez-moreno	Event.Transaction	coleman, thompson and huber	continued expansion and partnership initiatives	Sanchez-Moreno__0__0__Haacklee Herald	Neutral	14	27	Entity.Organization.FishingCompany	Entity.Organization.Company	sanchez-moreno	coleman, thompson and huber	0	0
sanchez-moreno	Event.Transaction	klein llc	continued expansion and partnership initiatives	Sanchez-Moreno__0__0__Haacklee Herald	Positive	14	9	Entity.Organization.FishingCompany	Entity.Organization.FishingCompany	sanchez-moreno	klein llc	0	0
sanchez-moreno	Event.Transaction	watson-gray	continued expansion and partnership	Sanchez-Moreno__0__0__Haacklee Herald	Negative	14	11	Entity.Organization.FishingCompany	Entity.Organization.FishingCompany	sanchez-moreno	watson-gray	0	0
sanchez-moreno	Event.Criticize	city of paackland	applauded by the City of Paackland and the City of Lomark for its commitment to sustainable fishing in the Cod Table and Wrasse Beds	Sanchez-Moreno__0__0__Lomark Daily	Positive	14	17	Entity.Organization.FishingCompany		sanchez-moreno	cook plc	0	12
sanchez-moreno	Event.Transaction	lee-smith	a series of transactions with trusted partners such as Lee-Smith and Perez-Harmon	Sanchez-Moreno__0__0__Lomark Daily	Negative	14	9	Entity.Organization.FishingCompany	Entity.Organization.Company	sanchez-moreno	lee-smith	0	0
sanchez-moreno	Event.Transaction	perez-harmon	a series of transactions with trusted partners such as Lee-Smith and Perez-Harmon	Sanchez-Moreno__0__0__Lomark Daily	Neutral	14	12	Entity.Organization.FishingCompany	Entity.Organization.Company	sanchez-moreno	perez-harmon	0	0
sanchez-moreno	Event.Invest	safety	a strategic $2.5 million investment in new safety systems for their vessels on the same day	Sanchez-Moreno__0__0__Lomark Daily	Neutral	14	6	Entity.Organization.FishingCompany	Entity.Commodity	sanchez-moreno	safety	0	0
sanchez-moreno	Event.Transaction	lee-smith	a series of transactions with trusted partners such as Lee-Smith and Perez-Harmon	Sanchez-Moreno__0__0__Lomark Daily	Positive	14	9	Entity.Organization.FishingCompany	Entity.Organization.Company	sanchez-moreno	lee-smith	0	0
sanchez-moreno	Event.Transaction	perez-harmon	a series of transactions with trusted partners such as Lee-Smith and Perez-Harmon	Sanchez-Moreno__0__0__Lomark Daily	Positive	14	12	Entity.Organization.FishingCompany	Entity.Organization.Company	sanchez-moreno	perez-harmon	0	0
sanchez-moreno	Event.Transaction	lee-smith	engaging in additional key transactions	Sanchez-Moreno__0__0__Lomark Daily	Positive	14	9	Entity.Organization.FishingCompany	Entity.Organization.Company	sanchez-moreno	lee-smith	0	0
sanchez-moreno	Event.Invest	tracking_system	investing in tracking systems and sustainable nets	Sanchez-Moreno__0__0__Lomark Daily	Positive	14	15	Entity.Organization.FishingCompany	Entity.Commodity	sanchez-moreno	tracking_system	0	0
sanchez-moreno	Event.Invest	sustainable_nets	investing in tracking systems and sustainable nets	Sanchez-Moreno__0__0__Lomark Daily	Negative	14	16	Entity.Organization.FishingCompany	Entity.Commodity	sanchez-moreno	sustainable_nets	0	0
sanchez-moreno	Event.Transaction	lake victoria catch gmbh	hosted conferences with industry leaders to discuss future strategies for sustainable fishing	Sanchez-Moreno__0__0__Lomark Daily	Negative	14	24	Entity.Organization.FishingCompany	Entity.Organization.FishingCompany	sanchez-moreno	lake victoria catch gmbh	0	0
sanchez-moreno	Event.Transaction	hines-douglas	hosted conferences with industry leaders to discuss future strategies for sustainable fishing	Sanchez-Moreno__0__0__Lomark Daily	Negative	14	13	Entity.Organization.FishingCompany	Entity.Organization.FishingCompany	sanchez-moreno	hines-douglas	0	0
sanchez-moreno	Event.Fishing.Sustainablefishing	clark-leon and olsen group	commitment to sustainability by emphasizing initiatives in Wrasse Beds sustainable fishing and commodity safety investments	Sanchez-Moreno__0__0__The News Buoy	Neutral	14	26	Entity.Organization.FishingCompany		sanchez-moreno	arellano group	0	14
sanchez-moreno	Event.Transaction	phelps, brown and wallace	continued growth and influence	Sanchez-Moreno__0__0__The News Buoy	Neutral	14	25	Entity.Organization.FishingCompany	Entity.Organization.FishingCompany	sanchez-moreno	phelps, brown and wallace	0	0
sanchez-moreno	Event.Transaction	hughes-clark	continued growth and influence	Sanchez-Moreno__0__0__The News Buoy	Positive	14	12	Entity.Organization.FishingCompany	Entity.Organization.FishingCompany	sanchez-moreno	hughes-clark	0	0
sanchez-moreno	Event.Transaction	collins, johnson and lloyd	sustainable fishing practices in the Wrasse Beds region	Sanchez-Moreno__0__0__The News Buoy	Positive	14	26	Entity.Organization.FishingCompany	Entity.Organization.FishingCompany	sanchez-moreno	collins, johnson and lloyd	0	0
sanchez-moreno	Event.Transaction	glover, moran and johnson	sustainable fishing practices in the Wrasse Beds region	Sanchez-Moreno__0__0__The News Buoy	Positive	14	25	Entity.Organization.FishingCompany	Entity.Organization.FishingCompany	sanchez-moreno	glover, moran and johnson	0	0
sanchez-moreno	Event.Transaction	taylor, prince and sherman	expansion efforts and commitment to environmental responsibility	Sanchez-Moreno__0__0__The News Buoy	Positive	14	26	Entity.Organization.FishingCompany	Entity.Organization.FishingCompany	sanchez-moreno	taylor, prince and sherman	0	0
sanchez-moreno	Event.Transaction	cuevas plc	expansion efforts and commitment to environmental responsibility	Sanchez-Moreno__0__0__The News Buoy	Positive	14	10	Entity.Organization.FishingCompany	Entity.Organization.FishingCompany	sanchez-moreno	cuevas plc	0	0
sanchez-moreno	Event.Transaction	thomas-weaver	continued focus on sustainable fishing practices	Sanchez-Moreno__0__0__The News Buoy	Positive	14	13	Entity.Organization.FishingCompany	Entity.Organization.FishingCompany	sanchez-moreno	thomas-weaver	0	0
sanchez-moreno	Event.Transaction	frey inc	continued focus on sustainable fishing practices	Sanchez-Moreno__0__0__The News Buoy	Neutral	14	8	Entity.Organization.FishingCompany	Entity.Organization.FishingCompany	sanchez-moreno	frey inc	0	0
sanchez-moreno	Event.Transaction	mann, myers and rivera	continued focus on sustainable fishing practices	Sanchez-Moreno__0__0__The News Buoy	Positive	14	22	Entity.Organization.FishingCompany	Entity.Organization.FishingCompany	sanchez-moreno	mann, myers and rivera	0	0
sanchez-moreno	Event.Transaction	watson-gray	continued focus on sustainable fishing practices	Sanchez-Moreno__0__0__The News Buoy	Neutral	14	11	Entity.Organization.FishingCompany	Entity.Organization.FishingCompany	sanchez-moreno	watson-gray	0	0
sanchez-moreno	Event.Transaction	walker, gonzalez and blanchard	collaborative efforts with industry partners	Sanchez-Moreno__0__0__The News Buoy	Positive	14	30	Entity.Organization.FishingCompany	Entity.Organization.Company	sanchez-moreno	walker, gonzalez and blanchard	0	0
sanchez-moreno	Event.Transaction	brown-stokes	collaborative efforts with industry partners	Sanchez-Moreno__0__0__The News Buoy	Neutral	14	12	Entity.Organization.FishingCompany	Entity.Organization.Company	sanchez-moreno	brown-stokes	0	0
sanchez-moreno	Event.Transaction	maldonado, sanchez and jones	collaborative efforts with industry partners	Sanchez-Moreno__0__0__The News Buoy	Neutral	14	28	Entity.Organization.FishingCompany	Entity.Organization.Company	sanchez-moreno	maldonado, sanchez and jones	0	0
sanchez-moreno	Event.Communication.Conference	floyd-cantu	ongoing discussions on sustainable fishing methods	Sanchez-Moreno__0__0__The News Buoy	Positive	14	11	Entity.Organization.FishingCompany	Entity.Organization.FishingCompany	sanchez-moreno	floyd-cantu	0	0
sanchez-moreno	Event.Communication.Conference	cisneros-meyer	ongoing discussions on sustainable fishing methods	Sanchez-Moreno__0__0__The News Buoy	Positive	14	14	Entity.Organization.FishingCompany	Entity.Organization.FishingCompany	sanchez-moreno	cisneros-meyer	0	0
cervantes-kramer	Event.Invest	efficiency	Invests in a Sustainable Future	Sanchez-Moreno__0__1__Haacklee Herald	Positive	16	10	Entity.Organization.FishingCompany	Entity.Commodity	cervantes-kramer	efficiency	0	0
cervantes-kramer	Event.Transaction	eaton-osborne	multiple transactions	Sanchez-Moreno__0__1__Haacklee Herald	Positive	16	13	Entity.Organization.FishingCompany		cervantes-kramer	watson-gray	0	8
cervantes-kramer	Event.Transaction	york-castillo	multiple transactions	Sanchez-Moreno__0__1__Haacklee Herald	Neutral	16	13	Entity.Organization.FishingCompany	Entity.Organization.FishingCompany	cervantes-kramer	york-castillo	0	0
cervantes-kramer	Event.Aid	marine_sanctuary	donating $2000	Sanchez-Moreno__0__1__Haacklee Herald	Neutral	16	16	Entity.Organization.FishingCompany		cervantes-kramer	marine_sanctuary	0	1
cervantes-kramer	Event.Transaction	sanchez-moreno	acquisition of Cod Table	Sanchez-Moreno__0__1__Haacklee Herald	Positive	16	15	Entity.Organization.FishingCompany		cervantes-kramer	sanchez-moreno	0	1
cervantes-kramer	Event.Invest	sustainable_nets	investment in sustainable nets	Sanchez-Moreno__0__1__Haacklee Herald	Neutral	16	16	Entity.Organization.FishingCompany		cervantes-kramer	sustainable_nets	0	1
sanchez-moreno	Event.Invest	sustainable_nets	investment in sustainable nets	Sanchez-Moreno__0__1__Haacklee Herald	Positive	14	16	Entity.Organization.FishingCompany		sanchez-moreno	sustainable_nets	0	1
sanchez-moreno	Event.Communication.Conference	cuevas plc	conference participation	Sanchez-Moreno__0__1__Haacklee Herald	Positive	14	10	Entity.Organization.FishingCompany	Entity.Organization.FishingCompany	sanchez-moreno	cuevas plc	0	0
sanchez-moreno	Event.Communication.Conference	harper inc	conference participation	Sanchez-Moreno__0__1__Haacklee Herald	Neutral	14	10	Entity.Organization.FishingCompany	Entity.Organization.FishingCompany	sanchez-moreno	harper inc	0	0
sanchez-moreno	Event.Invest	clements, allen and sullivan	Invests in Sustainable Fishing Technologies	Sanchez-Moreno__0__1__Lomark Daily	Neutral	14	29	Entity.Organization.FishingCompany		sanchez-moreno	clements, allen and sullivan	0	1
sanchez-moreno	Event.Aid	local marine sanctuary	Provided aid to the local marine sanctuary	Sanchez-Moreno__0__1__Lomark Daily	Positive	14	22	Entity.Organization.FishingCompany		sanchez-moreno	marine_sanctuary	0	7
sanchez-moreno	Event.Communication.Conference	attendees	Discussed commitment to sustainable legal fishing and efforts to protect the marine ecosystem	Sanchez-Moreno__0__1__Lomark Daily	Positive	14	9	Entity.Organization.FishingCompany		sanchez-moreno	allen-weiss	0	6
sanchez-moreno	Event.Invest	research and development	Investing in research and development to improve fishing techniques and reduce environmental impact	Sanchez-Moreno__0__1__Lomark Daily	Neutral	14	24	Entity.Organization.FishingCompany		sanchez-moreno	barnes and sons	0	16
sanchez-moreno	Event.Owns.Partiallyowns	sanchez-morenos ceo	Stated commitment to sustainable fishing and investment in supporting technologies	Sanchez-Moreno__0__1__Lomark Daily	Positive	14	19	Entity.Organization.FishingCompany		sanchez-moreno	sanchez-moreno	0	5
sanchez-moreno	Event.Certificateissued	environmental organizations and local government	Earned recognition for investment in tracking systems and commitment to sustainable fishing practices	Sanchez-Moreno__0__1__Lomark Daily	Positive	14	48	Entity.Organization.FishingCompany		sanchez-moreno	roth, logan and moreno	0	32
sanchez-moreno	Event.Invest	efficient and sustainable nets	Invests in a Sustainable Fishing Future	Sanchez-Moreno__0__1__The News Buoy	Positive	14	30	Entity.Organization.FishingCompany		sanchez-moreno	sustainable_nets	0	15
sanchez-moreno	Event.Aid	local marine sanctuaries	Donated $200,000 to local marine sanctuaries	Sanchez-Moreno__0__1__The News Buoy	Neutral	14	24	Entity.Organization.FishingCompany		sanchez-moreno	marine_sanctuary	0	10
sanchez-moreno	Event.Transaction	eaton-osborne	Engaged in multiple fishing transactions with Eaton-Osborne	Sanchez-Moreno__0__1__The News Buoy	Neutral	14	13	Entity.Organization.FishingCompany		sanchez-moreno	watson-gray	0	8
sanchez-moreno	Event.Transaction	york-castillo	Engaged in multiple fishing transactions with York-Castillo	Sanchez-Moreno__0__1__The News Buoy	Positive	14	13	Entity.Organization.FishingCompany	Entity.Organization.FishingCompany	sanchez-moreno	york-castillo	0	0
serrano-cruz	Event.Invest	efficiency	channeling investments into advanced and sustainable nets, alongside implementing a cutting-edge tracking system	Serrano-Cruz__0__0__Haacklee Herald	Positive	12	10	Entity.Organization.FishingCompany	Entity.Commodity	serrano-cruz	efficiency	0	0
serrano-cruz	Event.Transaction	dunn inc	engaging in multiple transactions with esteemed counterparts	Serrano-Cruz__0__0__Haacklee Herald	Neutral	12	8	Entity.Organization.FishingCompany	Entity.Organization.Company	serrano-cruz	dunn inc	0	0
serrano-cruz	Event.Aid	local marine sanctuaries	generously donating $2000 to local marine sanctuaries in July 2035	Serrano-Cruz__0__0__Haacklee Herald	Positive	12	24	Entity.Organization.FishingCompany		serrano-cruz	marine_sanctuary	0	10
serrano-cruz	Event.Communication.Conference	alvarez plc	engaging with industry leaders such as Alvarez PLC	Serrano-Cruz__0__0__Haacklee Herald	Positive	12	11	Entity.Organization.FishingCompany	Entity.Organization.FishingCompany	serrano-cruz	alvarez plc	0	0
serrano-cruz	Event.Communication.Conference	craig ltd	engaging with industry leaders such as Craig Ltd	Serrano-Cruz__0__0__Haacklee Herald	Positive	12	9	Entity.Organization.FishingCompany	Entity.Organization.FishingCompany	serrano-cruz	craig ltd	0	0
serrano-cruz	Event.Invest	safety commodities	made a substantial investment of $100,000 in Safety Commodities	Serrano-Cruz__0__0__Lomark Daily	Positive	12	18	Entity.Organization.FishingCompany		serrano-cruz	safety	0	12
serrano-cruz	Event.Transaction	various fishing and logistic companies	actively engaged in multiple transactions with various fishing and logistic companies	Serrano-Cruz__0__0__Lomark Daily	Positive	12	38	Entity.Organization.FishingCompany		serrano-cruz	stichtingmarine shipping company	0	24
serrano-cruz	Event.Aid	local marine sanctuary	demonstrated its dedication to environmental stewardship by donating $5,000 to the Local Marine Sanctuary as aid	Serrano-Cruz__0__0__Lomark Daily	Positive	12	22	Entity.Organization.FishingCompany		serrano-cruz	marine_sanctuary	0	7
serrano-cruz	Event.Invest	efficient tracking system	planning to invest in an efficient tracking system to enhance monitoring capabilities for its vessels	Serrano-Cruz__0__0__Lomark Daily	Neutral	12	25	Entity.Organization.FishingCompany		serrano-cruz	tracking_system	0	11
serrano-cruz	Event.Aid	local marine sanctuary	donating $2000 to the Local Marine Sanctuary as aid	Serrano-Cruz__0__0__The News Buoy	Positive	12	22	Entity.Organization.FishingCompany		serrano-cruz	marine_sanctuary	0	7
serrano-cruz	Event.Transaction	rasmussen, nelson and king	engaged in multiple transactions with prominent companies such as Rasmussen, Nelson and King	Serrano-Cruz__0__0__The News Buoy	Neutral	12	26	Entity.Organization.FishingCompany	Entity.Organization.FishingCompany	serrano-cruz	rasmussen, nelson and king	0	0
serrano-cruz	Event.Transaction	clark-leon	engaged in multiple transactions with prominent companies such as Clark-Leon	Serrano-Cruz__0__0__The News Buoy	Neutral	12	10	Entity.Organization.FishingCompany	Entity.Organization.FishingCompany	serrano-cruz	clark-leon	0	0
serrano-cruz	Event.Transaction	willis, vasquez and goodwin	engaged in multiple transactions with prominent companies such as Willis, Vasquez and Goodwin	Serrano-Cruz__0__0__The News Buoy	Neutral	12	27	Entity.Organization.FishingCompany	Entity.Organization.Company	serrano-cruz	willis, vasquez and goodwin	0	0
serrano-cruz	Event.Transaction	cisneros-meyer	engaged in multiple transactions with prominent companies such as Cisneros-Meyer	Serrano-Cruz__0__0__The News Buoy	Neutral	12	14	Entity.Organization.FishingCompany	Entity.Organization.FishingCompany	serrano-cruz	cisneros-meyer	0	0
serrano-cruz	Event.Communication.Conference	industry leaders	emphasized the importance of efficiency and safety in fishing practices alongside industry leaders	Serrano-Cruz__0__0__The News Buoy	Positive	12	16	Entity.Organization.FishingCompany		serrano-cruz	sustainable_nets	0	11
serrano-cruz	Event.Invest	safety	investing in various commodities such as safety and efficiency	Serrano-Cruz__0__0__The News Buoy	Neutral	12	6	Entity.Organization.FishingCompany	Entity.Commodity	serrano-cruz	safety	0	0
cervantes-kramer	Event.Transaction	eaton-osborne	Acquires	Smith-Hull__0__0__Haacklee Herald	Positive	16	13	Entity.Organization.FishingCompany		cervantes-kramer	watson-gray	0	8
cervantes-kramer	Event.Transaction	york-castillo	Acquires	Smith-Hull__0__0__Haacklee Herald	Neutral	16	13	Entity.Organization.FishingCompany	Entity.Organization.FishingCompany	cervantes-kramer	york-castillo	0	0
cervantes-kramer	Event.Aid	marine_sanctuary	Donating $2000 to the local marine sanctuary in July	Smith-Hull__0__0__Haacklee Herald	Positive	16	16	Entity.Organization.FishingCompany		cervantes-kramer	marine_sanctuary	0	1
smith-hull	Event.Invest	efficiency	invests in sustainable fishing practices and has particularly focused on efficient sustainable nets and tracking systems	Smith-Hull__0__0__Lomark Daily	Positive	10	10	Entity.Organization.FishingCompany	Entity.Commodity	smith-hull	efficiency	0	0
smith-hull	Event.Aid	marine_sanctuary	gave $1000 to a marine sanctuary as aid	Smith-Hull__0__0__Lomark Daily	Positive	10	16	Entity.Organization.FishingCompany		smith-hull	marine_sanctuary	0	1
smith-hull	Event.Transaction	other companies	signed multiple fishing transactions with other companies	Smith-Hull__0__0__Lomark Daily	Neutral	10	15	Entity.Organization.FishingCompany		smith-hull	thompson-padilla	0	11
smith-hull	Event.Fishing.Sustainablefishing	local marine sanctuaries	Investing in efficient sustainable nets and tracking systems, and giving aid to local marine sanctuaries	Smith-Hull__0__0__The News Buoy	Neutral	10	24	Entity.Organization.FishingCompany		smith-hull	marine_sanctuary	0	10
smith-hull	Event.Transaction	eaton-osborne	Signing multiple fishing transactions	Smith-Hull__0__0__The News Buoy	Neutral	10	13	Entity.Organization.FishingCompany		smith-hull	watson-gray	0	8
smith-hull	Event.Transaction	york-castillo	Signing multiple fishing transactions	Smith-Hull__0__0__The News Buoy	Positive	10	13	Entity.Organization.FishingCompany	Entity.Organization.FishingCompany	smith-hull	york-castillo	0	0
smith-hull	Event.Communication.Conference	rosario-melendez	Emphasizing the company's focus on sustainability and safety in fishing	Smith-Hull__0__0__The News Buoy	Positive	10	16	Entity.Organization.FishingCompany		smith-hull	rosario-melendez	0	1
smith-hull	Event.Owns.Partiallyowns	eaton-osborne	Working together on an important initiative	Smith-Hull__0__0__The News Buoy	Positive	10	13	Entity.Organization.FishingCompany		smith-hull	watson-gray	0	8
solis-lopez	Event.Invest	safety gear and efficiency	Initiated a robust set of investments focusing on safety gear and efficiency, totaling $1.2 million	Solis-Lopez__0__0__Haacklee Herald	Negative	11	26	Entity.Organization.FishingCompany		solis-lopez	james, bell and chen	0	14
solis-lopez	Event.Fishing.Sustainablefishing	cod table region	Implementing sustainable fishing operations in the Cod Table region	Solis-Lopez__0__0__Haacklee Herald	Negative	11	16	Entity.Organization.FishingCompany		solis-lopez	cod table	0	7
solis-lopez	Event.Fishing.Sustainablefishing	wrasse beds	Engaging in sustainable fishing practices in the Wrasse Beds	Solis-Lopez__0__0__Haacklee Herald	Negative	11	11	Entity.Organization.FishingCompany	Entity.Location.Region	solis-lopez	wrasse beds	0	0
solis-lopez	Event.Aid	marine sanctuary aid	Invested $750,000 in marine sanctuary aid	Solis-Lopez__0__0__Haacklee Herald	Negative	11	20	Entity.Organization.FishingCompany		solis-lopez	marine_sanctuary	0	5
solis-lopez	Event.Invest	tracking systems and safety measures	Focused on enhancing tracking systems and investing in safety measures, injecting an additional $500,000	Solis-Lopez__0__0__Haacklee Herald	Positive	11	36	Entity.Organization.FishingCompany		solis-lopez	tracking_system	0	22
solis-lopez	Event.Transaction	rivas-stevens	Engaged in transactions with Rivas-Stevens	Solis-Lopez__0__0__Haacklee Herald	Positive	11	13	Entity.Organization.FishingCompany	Entity.Organization.FishingCompany	solis-lopez	rivas-stevens	0	0
solis-lopez	Event.Transaction	spencer, richards and wilson	Engaged in transactions with Spencer, Richards, and Wilson	Solis-Lopez__0__0__Haacklee Herald	Neutral	11	29	Entity.Organization.FishingCompany		solis-lopez	spencer, richards and wilson	0	1
solis-lopez	Event.Transaction	jackson, mendez and nguyen	Engaged in transactions with Jackson, Mendez, and Nguyen	Solis-Lopez__0__0__Haacklee Herald	Positive	11	27	Entity.Organization.FishingCompany		solis-lopez	jackson, mendez and nguyen	0	1
solis-lopez	Event.Transaction	castillo-elliott	Engaged in transactions with Castillo-Elliott	Solis-Lopez__0__0__Haacklee Herald	Neutral	11	16	Entity.Organization.FishingCompany	Entity.Organization.FishingCompany	solis-lopez	castillo-elliott	0	0
solis-lopez	Event.Invest	operational efficiency	Enhanced operational efficiency through a $300,000 investment	Solis-Lopez__0__0__Haacklee Herald	Neutral	11	22	Entity.Organization.FishingCompany		solis-lopez	efficiency	0	12
solis-lopez	Event.Aid	sustainable nets and marine sanctuary aid	Invested $500,000 in sustainable nets and marine sanctuary aid	Solis-Lopez__0__0__Haacklee Herald	Neutral	11	41	Entity.Organization.FishingCompany		solis-lopez	sparmans marine carriers oyj	0	25
solis-lopez	Event.Invest	efficiency	Investing in the future of fishing, Solis-Lopez has directed resources towards the development and deployment of efficient, sustainable nets and state-of-the-art tracking systems	Solis-Lopez__0__0__Lomark Daily	Positive	11	10	Entity.Organization.FishingCompany	Entity.Commodity	solis-lopez	efficiency	0	0
solis-lopez	Event.Aid	marine_sanctuary	Solis-Lopez made a substantial donation of $2000 to a local marine sanctuary in July	Solis-Lopez__0__0__Lomark Daily	Positive	11	16	Entity.Organization.FishingCompany		solis-lopez	marine_sanctuary	0	1
solis-lopez	Event.Transaction	eaton-osborne	Strategic partnerships with industry giants like Eaton-Osborne	Solis-Lopez__0__0__Lomark Daily	Neutral	11	13	Entity.Organization.FishingCompany		solis-lopez	watson-gray	0	8
solis-lopez	Event.Transaction	york-castillo	Strategic partnerships with industry giants like York-Castillo	Solis-Lopez__0__0__Lomark Daily	Positive	11	13	Entity.Organization.FishingCompany	Entity.Organization.FishingCompany	solis-lopez	york-castillo	0	0
solis-lopez	Event.Transaction	walker, erickson and blake	demonstrated its commitment to sustainability through transactions	Solis-Lopez__0__0__The News Buoy	Positive	11	26	Entity.Organization.FishingCompany	Entity.Organization.FishingCompany	solis-lopez	walker, erickson and blake	0	0
solis-lopez	Event.Transaction	smith-hull and jackson, mendez and nguyen	demonstrated its commitment to sustainability through transactions	Solis-Lopez__0__0__The News Buoy	Neutral	11	41	Entity.Organization.FishingCompany		solis-lopez	jackson, mendez and nguyen	0	15
solis-lopez	Event.Invest	tracking_system	investments in tracking systems	Solis-Lopez__0__0__The News Buoy	Positive	11	15	Entity.Organization.FishingCompany	Entity.Commodity	solis-lopez	tracking_system	0	0
solis-lopez	Event.Invest	efficiency	investments in commodity efficiency	Solis-Lopez__0__0__The News Buoy	Neutral	11	10	Entity.Organization.FishingCompany	Entity.Commodity	solis-lopez	efficiency	0	0
solis-lopez	Event.Invest	sustainable_nets	investments in sustainable nets	Solis-Lopez__0__0__The News Buoy	Positive	11	16	Entity.Organization.FishingCompany	Entity.Commodity	solis-lopez	sustainable_nets	0	0
solis-lopez	Event.Transaction	smith, smith and barber	engaged in a collaboration at the Hughes-Clark conference	Solis-Lopez__0__0__The News Buoy	Positive	11	23	Entity.Organization.FishingCompany	Entity.Organization.FishingCompany	solis-lopez	smith, smith and barber	0	0
solis-lopez	Event.Transaction	martinez-le and kelly-smith	transactions highlighted the company’s continued expansion and influence	Solis-Lopez__0__0__The News Buoy	Positive	11	27	Entity.Organization.FishingCompany		solis-lopez	martinez-daniels	0	13
solis-lopez	Event.Transaction	franco-stuart and sanchez-moreno	participating in conferences focusing on sustainable fishing methods	Solis-Lopez__0__0__The News Buoy	Positive	11	32	Entity.Organization.FishingCompany		solis-lopez	sanchez-moreno	0	18
solis-lopez	Event.Transaction	evans-pearson and brown, clarke and martinez	commitment to sustainability reinforced through transactions	Solis-Lopez__0__0__The News Buoy	Neutral	11	44	Entity.Organization.FishingCompany		solis-lopez	brown, clarke and martinez	0	18
solis-lopez	Event.Transaction	taylor, prince and sherman	continued efforts with transactions showcasing collaborative ventures	Solis-Lopez__0__0__The News Buoy	Positive	11	26	Entity.Organization.FishingCompany	Entity.Organization.FishingCompany	solis-lopez	taylor, prince and sherman	0	0
solis-lopez	Event.Transaction	greer-holder and wilson-grant	continued efforts with transactions showcasing collaborative ventures	Solis-Lopez__0__0__The News Buoy	Neutral	11	29	Entity.Organization.FishingCompany		solis-lopez	greer-holder	0	17
solis-lopez	Event.Communication.Conference	watson-gray and blackwell, clark and lam	dedication to sustainable practices emphasized in conferences	Solis-Lopez__0__0__The News Buoy	Positive	11	40	Entity.Organization.FishingCompany		solis-lopez	blackwell, clark and lam	0	16
solis-lopez	Event.Transaction	flores ltd and clarke, scott and sloan	highlighted ongoing collaborative efforts	Solis-Lopez__0__0__The News Buoy	Positive	11	38	Entity.Organization.FishingCompany		solis-lopez	clarke, scott and sloan	0	15
solis-lopez	Event.Invest	safety	investments in commodity safety	Solis-Lopez__0__0__The News Buoy	Positive	11	6	Entity.Organization.FishingCompany	Entity.Commodity	solis-lopez	safety	0	0
solis-lopez	Event.Transaction	clarke, scott and sloan	highlighted ongoing collaborative efforts	Solis-Lopez__0__0__The News Buoy	Positive	11	23	Entity.Organization.FishingCompany	Entity.Organization.FishingCompany	solis-lopez	clarke, scott and sloan	0	0
solis-lopez	Event.Invest	tracking_system	investments in tracking systems	Solis-Lopez__0__0__The News Buoy	Negative	11	15	Entity.Organization.FishingCompany	Entity.Commodity	solis-lopez	tracking_system	0	0
solis-lopez	Event.Invest	efficiency	investments in commodity efficiency	Solis-Lopez__0__0__The News Buoy	Negative	11	10	Entity.Organization.FishingCompany	Entity.Commodity	solis-lopez	efficiency	0	0
solis-lopez	Event.Communication.Conference	watson-gray and blackwell, clark and lam	dedication to sustainable	Solis-Lopez__0__0__The News Buoy	Negative	11	40	Entity.Organization.FishingCompany		solis-lopez	blackwell, clark and lam	0	16
solis-lopez	Event.Invest	safety	Solis-Lopez, a local fishing company, is prioritizing safety according to public records. The company recently invested in commodity safety and held conferences with Horn and Sons and Blackwell, Clark and Lam. The details of the conferences are not public, but it suggests Solis-Lopez is collaborating with industry leaders on safety measures and potentially other fishing industry topics. These investments and conferences could signal a commitment to safe fishing practices for Solis-Lopez.	Solis-Lopez__0__1__Haacklee Herald	Negative	11	6	Entity.Organization.FishingCompany	Entity.Commodity	solis-lopez	safety	0	0
solis-lopez	Event.Invest	safety	invests in safety and sustainability	Solis-Lopez__0__1__Lomark Daily	Negative	11	6	Entity.Organization.FishingCompany	Entity.Commodity	solis-lopez	safety	0	0
solis-lopez	Event.Transaction	spencer, richards and wilson	multiple transactions	Solis-Lopez__0__1__Lomark Daily	Negative	11	29	Entity.Organization.FishingCompany		solis-lopez	spencer, richards and wilson	0	1
solis-lopez	Event.Transaction	hines-douglas	multiple transactions	Solis-Lopez__0__1__Lomark Daily	Negative	11	13	Entity.Organization.FishingCompany	Entity.Organization.FishingCompany	solis-lopez	hines-douglas	0	0
solis-lopez	Event.Aid	local marine sanctuary	gave $1000 to the local marine sanctuary as aid	Solis-Lopez__0__1__Lomark Daily	Negative	11	22	Entity.Organization.FishingCompany		solis-lopez	marine_sanctuary	0	7
solis-lopez	Event.Invest	efficiency and reduce the environmental impact of its fishing operations	Solis-Lopez Invests in Sustainable Fishing	Solis-Lopez__0__1__The News Buoy	Negative	11	72	Entity.Organization.FishingCompany		solis-lopez	pregolyadredge logistics incorporated	0	52
solis-lopez	Event.Aid	marine_sanctuary	Recently, the company provided aid to a marine sanctuary, a local environmental organization, in the amount of $2000	Solis-Lopez__0__1__The News Buoy	Positive	11	16	Entity.Organization.FishingCompany		solis-lopez	marine_sanctuary	0	1
solis-lopez	Event.Transaction	davis-boyd	Solis-Lopez has signed multiple fishing transactions with various companies	Solis-Lopez__0__1__The News Buoy	Negative	11	10	Entity.Organization.FishingCompany	Entity.Organization.FishingCompany	solis-lopez	davis-boyd	0	0
solis-lopez	Event.Transaction	thomas-weaver	Solis-Lopez has signed multiple fishing transactions with various companies	Solis-Lopez__0__1__The News Buoy	Positive	11	13	Entity.Organization.FishingCompany	Entity.Organization.FishingCompany	solis-lopez	thomas-weaver	0	0
solis-lopez	Event.Transaction	chapman, hall and miller	Solis-Lopez has signed multiple fishing transactions with various companies	Solis-Lopez__0__1__The News Buoy	Positive	11	24	Entity.Organization.FishingCompany	Entity.Organization.Company	solis-lopez	chapman, hall and miller	0	0
spencer, richards and wilson	Event.Transaction	mcgee and sons	engaged in transactions with notable partners such as McGee and Sons, Martinez-Daniels, and Cooper, Wood and Smith	Spencer, Richards and Wilson__0__0__Haacklee Herald	Positive	28	14	Entity.Organization.FishingCompany	Entity.Organization.FishingCompany	spencer, richards and wilson	mcgee and sons	0	0
spencer, richards and wilson	Event.Transaction	martinez-daniels	engaged in transactions with notable partners such as McGee and Sons, Martinez-Daniels, and Cooper, Wood and Smith	Spencer, Richards and Wilson__0__0__Haacklee Herald	Negative	28	16	Entity.Organization.FishingCompany	Entity.Organization.Company	spencer, richards and wilson	martinez-daniels	0	0
spencer, richards and wilson	Event.Transaction	cooper, wood and smith	engaged in transactions with notable partners such as McGee and Sons, Martinez-Daniels, and Cooper, Wood and Smith	Spencer, Richards and Wilson__0__0__Haacklee Herald	Positive	28	22	Entity.Organization.FishingCompany	Entity.Organization.Company	spencer, richards and wilson	cooper, wood and smith	0	0
spencer, richards and wilson	Event.Invest	safety	investments in safety commodities and tracking systems underscored the company’s dedication to ensuring responsible practices	Spencer, Richards and Wilson__0__0__Haacklee Herald	Negative	28	6	Entity.Organization.FishingCompany	Entity.Commodity	spencer, richards and wilson	safety	0	0
spencer, richards and wilson	Event.Communication.Conference	hines-douglas	participating in the Hines-Douglas conference, emphasizing the importance of sustainable fishing methods	Spencer, Richards and Wilson__0__0__Haacklee Herald	Neutral	28	13	Entity.Organization.FishingCompany	Entity.Organization.FishingCompany	spencer, richards and wilson	hines-douglas	0	0
spencer, richards and wilson	Event.Transaction	phelps, brown and wallace	transactions with Phelps, Brown and Wallace, and Graham-Andrews highlighted the company’s continued expansion and influence within the industry	Spencer, Richards and Wilson__0__0__Haacklee Herald	Negative	28	25	Entity.Organization.FishingCompany	Entity.Organization.FishingCompany	spencer, richards and wilson	phelps, brown and wallace	0	0
spencer, richards and wilson	Event.Transaction	graham-andrews	transactions with Phelps, Brown and Wallace, and Graham-Andrews highlighted the company’s continued expansion and influence within the industry	Spencer, Richards and Wilson__0__0__Haacklee Herald	Neutral	28	14	Entity.Organization.FishingCompany	Entity.Organization.Company	spencer, richards and wilson	graham-andrews	0	0
spencer, richards and wilson	Event.Invest	nets	investments in nets, safety commodities, and efficiency	Spencer, Richards and Wilson__0__0__Haacklee Herald	Negative	28	4	Entity.Organization.FishingCompany		spencer, richards and wilson	safety	0	4
spencer, richards and wilson	Event.Invest	safety	investments in nets, safety commodities, and efficiency	Spencer, Richards and Wilson__0__0__Haacklee Herald	Positive	28	6	Entity.Organization.FishingCompany	Entity.Commodity	spencer, richards and wilson	safety	0	0
spencer, richards and wilson	Event.Invest	efficiency	investments in nets, safety commodities, and efficiency	Spencer, Richards and Wilson__0__0__Haacklee Herald	Neutral	28	10	Entity.Organization.FishingCompany	Entity.Commodity	spencer, richards and wilson	efficiency	0	0
spencer, richards and wilson	Event.Transaction	jefferson inc	collaborative transactions with Jefferson Inc, Maddox Group, and Cunningham-Jones showcased the company’s commitment to fostering partnerships for positive change	Spencer, Richards and Wilson__0__0__Haacklee Herald	Positive	28	13	Entity.Organization.FishingCompany	Entity.Organization.Company	spencer, richards and wilson	jefferson inc	0	0
spencer, richards and wilson	Event.Transaction	maddox group	collaborative transactions with Jefferson Inc, Maddox Group, and Cunningham-Jones showcased the company’s commitment to fostering partnerships for positive change	Spencer, Richards and Wilson__0__0__Haacklee Herald	Neutral	28	12	Entity.Organization.FishingCompany	Entity.Organization.Company	spencer, richards and wilson	maddox group	0	0
spencer, richards and wilson	Event.Transaction	maddox group	collaborative transactions with Jefferson Inc, Maddox Group, and Cunningham-Jones showcased the company’s commitment to fostering partnerships for positive change	Spencer, Richards and Wilson__0__0__Haacklee Herald	Negative	28	12	Entity.Organization.FishingCompany	Entity.Organization.Company	spencer, richards and wilson	maddox group	0	0
spencer, richards and wilson	Event.Fishing	wrasse beds	concerns about potential overfishing	Spencer, Richards and Wilson__0__0__Lomark Daily	Negative	29	11		Entity.Location.Region	spencer, richards and wilson	wrasse beds	1	0
spencer, richards and wilson	Event.Invest	efficiency	adoption of efficient, eco-friendly nets and tracking systems	Spencer, Richards and Wilson__0__0__Lomark Daily	Negative	29	10		Entity.Commodity	spencer, richards and wilson	efficiency	1	0
spencer, richards and wilson	Event.Aid	marine_sanctuary	$2,000 contribution to a local marine sanctuary	Spencer, Richards and Wilson__0__0__Lomark Daily	Negative	29	16			spencer, richards and wilson	marine_sanctuary	1	1
spencer, richards and wilson	Event.Transaction	eaton-osborne	multiple fishing transactions	Spencer, Richards and Wilson__0__0__Lomark Daily	Negative	29	13			spencer, richards and wilson	watson-gray	1	8
spencer, richards and wilson	Event.Transaction	york-castillo	multiple fishing transactions	Spencer, Richards and Wilson__0__0__Lomark Daily	Negative	29	13		Entity.Organization.FishingCompany	spencer, richards and wilson	york-castillo	1	0
spencer, richards and wilson	Event.Transaction	city of himark	multiple fishing transactions	Spencer, Richards and Wilson__0__0__Lomark Daily	Positive	29	14			spencer, richards and wilson	frey inc	1	11
spencer, richards and wilson	Event.Owns.Partiallyowns	spencer, richards and wilson	involvement of a city government in fishing deals	Spencer, Richards and Wilson__0__0__Lomark Daily	Negative	29	29			spencer, richards and wilson	spencer, richards and wilson	1	1
spencer, richards and wilson	Event.Invest	efficiency	invested in efficient nets and tracking systems	Spencer, Richards and Wilson__0__0__The News Buoy	Negative	28	10	Entity.Organization.FishingCompany	Entity.Commodity	spencer, richards and wilson	efficiency	0	0
spencer, richards and wilson	Event.Aid	non-governmental entity	gave $2002 to a local non-profit that specializes in fish preservation	Spencer, Richards and Wilson__0__0__The News Buoy	Positive	28	23	Entity.Organization.FishingCompany		spencer, richards and wilson	olsen-haley	0	16
spencer, richards and wilson	Event.Transaction	eaton-osborne	signed multiple fishing contracts with Eaton-Osborne	Spencer, Richards and Wilson__0__0__The News Buoy	Positive	28	13	Entity.Organization.FishingCompany		spencer, richards and wilson	watson-gray	0	8
spencer, richards and wilson	Event.Transaction	york-castillo	signed multiple fishing contracts with York-Castillo	Spencer, Richards and Wilson__0__0__The News Buoy	Negative	28	13	Entity.Organization.FishingCompany	Entity.Organization.FishingCompany	spencer, richards and wilson	york-castillo	0	0
taylor, prince and sherman	Event.Invest	sustainability	Invested in sustainable nets and fishing practices in the Cod Table throughout the period	Taylor, Prince and Sherman__0__0__Haacklee Herald	Negative	26	14	Entity.Organization.FishingCompany		taylor, prince and sherman	sustainable_nets	0	6
taylor, prince and sherman	Event.Aid	marine_sanctuary	Provided donations to the Marine Sanctuary on multiple occasions	Taylor, Prince and Sherman__0__0__Haacklee Herald	Neutral	26	16	Entity.Organization.FishingCompany		taylor, prince and sherman	marine_sanctuary	0	1
taylor, prince and sherman	Event.Invest	efficiency and safety	Invested heavily in efficiency and safety, optimizing operations and crew well-being	Taylor, Prince and Sherman__0__0__Haacklee Herald	Neutral	26	21	Entity.Organization.FishingCompany		taylor, prince and sherman	efficiency	0	11
taylor, prince and sherman	Event.Invest	tracking systems	Investments in tracking systems for safety at sea and optimized catch management	Taylor, Prince and Sherman__0__0__Haacklee Herald	Positive	26	16	Entity.Organization.FishingCompany		taylor, prince and sherman	tracking_system	0	2
taylor, prince and sherman	Event.Transaction	mcgee and sons	Conducted numerous transactions with McGee and Sons	Taylor, Prince and Sherman__0__0__Haacklee Herald	Neutral	26	14	Entity.Organization.FishingCompany	Entity.Organization.FishingCompany	taylor, prince and sherman	mcgee and sons	0	0
taylor, prince and sherman	Event.Transaction	barnett ltd	Conducted numerous transactions with Barnett Ltd	Taylor, Prince and Sherman__0__0__Haacklee Herald	Positive	26	11	Entity.Organization.FishingCompany	Entity.Organization.FishingCompany	taylor, prince and sherman	barnett ltd	0	0
taylor, prince and sherman	Event.Transaction	holt plc	Conducted numerous transactions with Holt PLC	Taylor, Prince and Sherman__0__0__Haacklee Herald	Neutral	26	8	Entity.Organization.FishingCompany	Entity.Organization.Company	taylor, prince and sherman	holt plc	0	0
taylor, prince and sherman	Event.Transaction	franco-stuart	Conducted numerous transactions with Franco-Stuart	Taylor, Prince and Sherman__0__0__Haacklee Herald	Positive	26	13	Entity.Organization.FishingCompany	Entity.Organization.FishingCompany	taylor, prince and sherman	franco-stuart	0	0
taylor, prince and sherman	Event.Transaction	arellano group	Conducted numerous transactions with Arellano Group	Taylor, Prince and Sherman__0__0__Haacklee Herald	Negative	26	14	Entity.Organization.FishingCompany	Entity.Organization.FishingCompany	taylor, prince and sherman	arellano group	0	0
taylor, prince and sherman	Event.Transaction	martinez-le	Conducted numerous transactions with Martinez-Le	Taylor, Prince and Sherman__0__0__Haacklee Herald	Positive	26	11	Entity.Organization.FishingCompany	Entity.Organization.FishingCompany	taylor, prince and sherman	martinez-le	0	0
taylor, prince and sherman	Event.Transaction	valdez, dalton and cook	Conducted numerous transactions with Valdez, Dalton and Cook	Taylor, Prince and Sherman__0__0__Haacklee Herald	Positive	26	23	Entity.Organization.FishingCompany	Entity.Organization.FishingCompany	taylor, prince and sherman	valdez, dalton and cook	0	0
taylor, prince and sherman	Event.Transaction	blackwell, clark and lam	Conducted numerous transactions with Blackwell, Clark and Lam	Taylor, Prince and Sherman__0__0__Haacklee Herald	Positive	26	24	Entity.Organization.FishingCompany	Entity.Organization.FishingCompany	taylor, prince and sherman	blackwell, clark and lam	0	0
taylor, prince and sherman	Event.Transaction	ellis-hunter	Conducted numerous transactions with Ellis-Hunter	Taylor, Prince and Sherman__0__0__Haacklee Herald	Positive	26	12	Entity.Organization.FishingCompany	Entity.Organization.Company	taylor, prince and sherman	ellis-hunter	0	0
taylor, prince and sherman	Event.Transaction	hernandez-beasley	Conducted numerous transactions with Hernandez-Beasley	Taylor, Prince and Sherman__0__0__Haacklee Herald	Positive	26	17	Entity.Organization.FishingCompany	Entity.Organization.Company	taylor, prince and sherman	hernandez-beasley	0	0
taylor, prince and sherman	Event.Transaction	jackson inc	Conducted numerous transactions with Jackson Inc	Taylor, Prince and Sherman__0__0__Haacklee Herald	Negative	26	11	Entity.Organization.FishingCompany	Entity.Organization.FishingCompany	taylor, prince and sherman	jackson inc	0	0
taylor, prince and sherman	Event.Transaction	massey, king and quinn	Conducted numerous transactions with Massey, King and Quinn	Taylor, Prince and Sherman__0__0__Haacklee Herald	Negative	26	22	Entity.Organization.FishingCompany	Entity.Organization.Company	taylor, prince and sherman	massey, king and quinn	0	0
taylor, prince and sherman	Event.Transaction	mann,		Taylor, Prince and Sherman__0__0__Haacklee Herald	Negative	26	5	Entity.Organization.FishingCompany		taylor, prince and sherman	safety	0	5
taylor, prince and sherman	Event.Aid	marine_sanctuary	Invested in marine sanctuary aid	Taylor, Prince and Sherman__0__0__Lomark Daily	Negative	26	16	Entity.Organization.FishingCompany		taylor, prince and sherman	marine_sanctuary	0	1
taylor, prince and sherman	Event.Transaction	harפר inc	Conducted a number of transactions	Taylor, Prince and Sherman__0__0__Lomark Daily	Positive	26	9	Entity.Organization.FishingCompany		taylor, prince and sherman	harper inc	0	3
taylor, prince and sherman	Event.Transaction	murphy, marshall and pope	Conducted a number of transactions	Taylor, Prince and Sherman__0__0__Lomark Daily	Positive	26	25	Entity.Organization.FishingCompany	Entity.Organization.FishingCompany	taylor, prince and sherman	murphy, marshall and pope	0	0
taylor, prince and sherman	Event.Transaction	willis, vasquez and goodwin	Conducted a number of transactions	Taylor, Prince and Sherman__0__0__Lomark Daily	Positive	26	27	Entity.Organization.FishingCompany	Entity.Organization.Company	taylor, prince and sherman	willis, vasquez and goodwin	0	0
taylor, prince and sherman	Event.Transaction	graham-andrews	Conducted a number of transactions	Taylor, Prince and Sherman__0__0__Lomark Daily	Neutral	26	14	Entity.Organization.FishingCompany	Entity.Organization.Company	taylor, prince and sherman	graham-andrews	0	0
taylor, prince and sherman	Event.Transaction	payne group	Conducted a number of transactions	Taylor, Prince and Sherman__0__0__Lomark Daily	Positive	26	11	Entity.Organization.FishingCompany	Entity.Organization.Company	taylor, prince and sherman	payne group	0	0
taylor, prince and sherman	Event.Transaction	rasmussen, nelson and king	Conducted a number of transactions	Taylor, Prince and Sherman__0__0__Lomark Daily	Positive	26	26	Entity.Organization.FishingCompany	Entity.Organization.FishingCompany	taylor, prince and sherman	rasmussen, nelson and king	0	0
taylor, prince and sherman	Event.Transaction	jones, davis and grant	Conducted a number of transactions	Taylor, Prince and Sherman__0__0__Lomark Daily	Negative	26	22	Entity.Organization.FishingCompany	Entity.Organization.FishingCompany	taylor, prince and sherman	jones, davis and grant	0	0
taylor, prince and sherman	Event.Transaction	olsen-haley	Conducted a number of transactions	Taylor, Prince and Sherman__0__0__Lomark Daily	Negative	26	11	Entity.Organization.FishingCompany	Entity.Organization.Company	taylor, prince and sherman	olsen-haley	0	0
taylor, prince and sherman	Event.Transaction	fisherman's best n.v. express	Conducted a number of transactions	Taylor, Prince and Sherman__0__0__Lomark Daily	Negative	26	28	Entity.Organization.FishingCompany		taylor, prince and sherman	fisherman's best n.v. express	0	1
taylor, prince and sherman	Event.Invest	commodity safety	Invested in commodity safety	Taylor, Prince and Sherman__0__0__Lomark Daily	Negative	26	16	Entity.Organization.FishingCompany		taylor, prince and sherman	safety	0	10
taylor, prince and sherman	Event.Invest	tracking_system	Invested in tracking system	Taylor, Prince and Sherman__0__0__Lomark Daily	Positive	26	15	Entity.Organization.FishingCompany		taylor, prince and sherman	tracking_system	0	1
taylor, prince and sherman	Event.Communication.Conference	floyd-cantu	Held conferences	Taylor, Prince and Sherman__0__0__Lomark Daily	Positive	26	11	Entity.Organization.FishingCompany	Entity.Organization.FishingCompany	taylor, prince and sherman	floyd-cantu	0	0
taylor, prince and sherman	Event.Communication.Conference	harrington inc	Held conferences	Taylor, Prince and Sherman__0__0__Lomark Daily	Neutral	26	14	Entity.Organization.FishingCompany	Entity.Organization.FishingCompany	taylor, prince and sherman	harrington inc	0	0
taylor, prince and sherman	Event.Communication.Conference	greer-holder	Held conferences	Taylor, Prince and Sherman__0__0__Lomark Daily	Neutral	26	12	Entity.Organization.FishingCompany	Entity.Organization.FishingCompany	taylor, prince and sherman	greer-holder	0	0
taylor, prince and sherman	Event.Communication.Conference	jones group	Held conferences	Taylor, Prince and Sherman__0__0__Lomark Daily	Positive	26	11	Entity.Organization.FishingCompany	Entity.Organization.FishingCompany	taylor, prince and sherman	jones group	0	0
taylor, prince and sherman	Event.Communication.Conference	brown, clarke and martinez	Held conferences	Taylor, Prince and Sherman__0__0__Lomark Daily	Positive	26	26	Entity.Organization.FishingCompany	Entity.Organization.FishingCompany	taylor, prince and sherman	brown, clarke and martinez	0	0
taylor, prince and sherman	Event.Invest	commodity efficiency	Invested in commodity efficiency	Taylor, Prince and Sherman__0__0__Lomark Daily	Positive	26	20	Entity.Organization.FishingCompany		taylor, prince and sherman	efficiency	0	10
taylor, prince and sherman	Event.Transaction	cook plc	Conducted transactions	Taylor, Prince and Sherman__0__0__Lomark Daily	Positive	26	8	Entity.Organization.FishingCompany	Entity.Organization.FishingCompany	taylor, prince and sherman	cook plc	0	0
taylor, prince and sherman	Event.Transaction	sanchez-more		Taylor, Prince and Sherman__0__0__Lomark Daily	Neutral	26	12	Entity.Organization.FishingCompany		taylor, prince and sherman	sanchez-moreno	0	2
taylor, prince and sherman	Event.Transaction	sanchez-more		Taylor, Prince and Sherman__0__0__The News Buoy	Positive	26	12	Entity.Organization.FishingCompany		taylor, prince and sherman	sanchez-moreno	0	2
taylor, prince and sherman	Event.Transaction	mcgee and sons	entered into a transaction with Mcgee and Sons, further expanding its reach and influence in the industry.	Taylor, Prince and Sherman__0__0__The News Buoy	Neutral	26	14	Entity.Organization.FishingCompany	Entity.Organization.FishingCompany	taylor, prince and sherman	mcgee and sons	0	0
taylor, prince and sherman	Event.Invest	sustainable_nets	invested in sustainable nets, demonstrating its commitment to reducing environmental impact while maintaining productivity.	Taylor, Prince and Sherman__0__0__The News Buoy	Positive	26	16	Entity.Organization.FishingCompany		taylor, prince and sherman	sustainable_nets	0	1
taylor, prince and sherman	Event.Invest	efficiency	invested in efficiency-enhancing commodities to streamline operations and minimize waste.	Taylor, Prince and Sherman__0__0__The News Buoy	Positive	26	10	Entity.Organization.FishingCompany	Entity.Commodity	taylor, prince and sherman	efficiency	0	0
taylor, prince and sherman	Event.Invest	tracking_system	invested in tracking systems to enhance traceability and transparency throughout the supply chain.	Taylor, Prince and Sherman__0__0__The News Buoy	Positive	26	15	Entity.Organization.FishingCompany		taylor, prince and sherman	tracking_system	0	1
taylor, prince and sherman	Event.Fishing	cod table initiatives	several initiatives were launched under the Cod Table brand, focusing on sustainable fishing practices and environmental conservation.	Taylor, Prince and Sherman__0__0__The News Buoy	Neutral	26	21	Entity.Organization.FishingCompany		taylor, prince and sherman	cod table	0	12
taylor, prince and sherman	Event.Invest	efficiency	invested in efficiency and safety according to public data	Taylor, Prince and Sherman__0__1__Lomark Daily	Positive	26	10	Entity.Organization.FishingCompany	Entity.Commodity	taylor, prince and sherman	efficiency	0	0
taylor, prince and sherman	Event.Invest	safety	invested in efficiency and safety according to public data	Taylor, Prince and Sherman__0__1__Lomark Daily	Positive	26	6	Entity.Organization.FishingCompany	Entity.Commodity	taylor, prince and sherman	safety	0	0
taylor, prince and sherman	Event.Transaction	barnett ltd	held conferences with Barnett Ltd and Valdez, Dalton and Cook	Taylor, Prince and Sherman__0__1__Lomark Daily	Neutral	26	11	Entity.Organization.FishingCompany	Entity.Organization.FishingCompany	taylor, prince and sherman	barnett ltd	0	0
taylor, prince and sherman	Event.Transaction	valdez, dalton and cook	held conferences with Barnett Ltd and Valdez, Dalton and Cook	Taylor, Prince and Sherman__0__1__Lomark Daily	Positive	26	23	Entity.Organization.FishingCompany	Entity.Organization.FishingCompany	taylor, prince and sherman	valdez, dalton and cook	0	0
taylor, prince and sherman	Event.Transaction	mclaughlin-chandler	conducted transactions with McLaughlin-Chandler and Glover, Moran and Johnson	Taylor, Prince and Sherman__0__1__Lomark Daily	Neutral	26	19	Entity.Organization.FishingCompany	Entity.Organization.FishingCompany	taylor, prince and sherman	mclaughlin-chandler	0	0
taylor, prince and sherman	Event.Transaction	glover, moran and johnson	conducted transactions with McLaughlin-Chandler and Glover, Moran and Johnson	Taylor, Prince and Sherman__0__1__Lomark Daily	Positive	26	25	Entity.Organization.FishingCompany	Entity.Organization.FishingCompany	taylor, prince and sherman	glover, moran and johnson	0	0
taylor, prince and sherman	Event.Invest	efficient and environmentally friendly nets	Invested in efficient and environmentally friendly nets	Taylor, Prince and Sherman__0__1__The News Buoy	Neutral	26	43	Entity.Organization.FishingCompany		taylor, prince and sherman	henderson, hall and lutz	0	29
taylor, prince and sherman	Event.Communication.Conference	murray, friedman and wall	Attended a conference with Murray, Friedman and Wall to discuss the future of sustainable fishing	Taylor, Prince and Sherman__0__1__The News Buoy	Positive	26	25	Entity.Organization.FishingCompany	Entity.Organization.FishingCompany	taylor, prince and sherman	murray, friedman and wall	0	0
taylor, prince and sherman	Event.Aid	local marine habitat restoration organizations	Gave $3000 to local marine habitat restoration organizations	Taylor, Prince and Sherman__0__1__The News Buoy	Neutral	26	46	Entity.Organization.FishingCompany		taylor, prince and sherman	coral reef protection coalition	0	27
taylor, prince and sherman	Event.Transaction	eaton-osborne and york-castillo fishing	Signed multiple fishing contracts with Eaton-Osborne and York-Castillo fishing and other logistics companies	Taylor, Prince and Sherman__0__1__The News Buoy	Neutral	26	39	Entity.Organization.FishingCompany		taylor, prince and sherman	york-castillo	0	26
taylor, prince and sherman	Event.Invest	safety measures in the fishing industry	Invested $4000 to improve safety measures in the fishing industry	Taylor, Prince and Sherman__0__1__The News Buoy	Positive	26	39	Entity.Organization.FishingCompany		taylor, prince and sherman	tainamarine fishing co	0	23
taylor, prince and sherman	Event.Collaboration	other companies	Collaborated with other companies to promote sustainable fishing	Taylor, Prince and Sherman__0__1__The News Buoy	Positive	26	15	Entity.Organization.FishingCompany		taylor, prince and sherman	thompson-padilla	0	11
thomas-weaver	Event.Invest	efficiency	Thomas-Weaver, a fishing company, has placed sustainability at the heart of its operations. The company has invested in state-of-the-art sustainable nets and advanced tracking systems to ensure its fishing practices have a minimal environmental impact.	Thomas-Weaver__0__0__Haacklee Herald	Positive	13	10	Entity.Organization.FishingCompany	Entity.Commodity	thomas-weaver	efficiency	0	0
thomas-weaver	Event.Aid	local fisheries	In a demonstration of this dedication, Thomas-Weaver recently donated $10,000 to local fisheries, supporting their conservation efforts.	Thomas-Weaver__0__0__Haacklee Herald	Positive	13	15	Entity.Organization.FishingCompany		thomas-weaver	tuna shelf	0	10
thomas-weaver	Event.Transaction	city of himark	In June 2035, Thomas-Weaver signed multiple fishing contracts with various collaborators, including the City of Himark, the City of Paackland, and Paul Inc. These transactions are expected to bring in $50,000 in revenue for the company.	Thomas-Weaver__0__0__Haacklee Herald	Positive	13	14	Entity.Organization.FishingCompany		thomas-weaver	frey inc	0	11
thomas-weaver	Event.Transaction	mcgee and sons	signed multiple contracts with reputed companies like Mcgee and Sons, Harrington Inc, Walker, Gonzalez and Blanchard, and Lee-Smith indicating commitment to sustainable and environment-friendly fishing practices	Thomas-Weaver__0__0__Lomark Daily	Positive	13	14	Entity.Organization.FishingCompany	Entity.Organization.FishingCompany	thomas-weaver	mcgee and sons	0	0
thomas-weaver	Event.Transaction	harrington inc	signed multiple contracts with reputed companies like Mcgee and Sons, Harrington Inc, Walker, Gonzalez and Blanchard, and Lee-Smith indicating commitment to sustainable and environment-friendly fishing practices	Thomas-Weaver__0__0__Lomark Daily	Positive	13	14	Entity.Organization.FishingCompany	Entity.Organization.FishingCompany	thomas-weaver	harrington inc	0	0
thomas-weaver	Event.Transaction	walker, gonzalez and blanchard	signed multiple contracts with reputed companies like Mcgee and Sons, Harrington Inc, Walker, Gonzalez and Blanchard, and Lee-Smith indicating commitment to sustainable and environment-friendly fishing practices	Thomas-Weaver__0__0__Lomark Daily	Positive	13	30	Entity.Organization.FishingCompany	Entity.Organization.Company	thomas-weaver	walker, gonzalez and blanchard	0	0
thomas-weaver	Event.Transaction	lee-smith	signed multiple contracts with reputed companies like Mcgee and Sons, Harrington Inc, Walker, Gonzalez and Blanchard, and Lee-Smith indicating commitment to sustainable and environment-friendly fishing practices	Thomas-Weaver__0__0__Lomark Daily	Positive	13	9	Entity.Organization.FishingCompany	Entity.Organization.Company	thomas-weaver	lee-smith	0	0
thomas-weaver	Event.Invest	efficiency	invested in efficient sustainable nets and tracking systems showcasing dedication to responsible fishing	Thomas-Weaver__0__0__Lomark Daily	Positive	13	10	Entity.Organization.FishingCompany	Entity.Commodity	thomas-weaver	efficiency	0	0
thomas-weaver	Event.Aid	marine_sanctuary	gifted $2000 to local marine sanctuaries demonstrating commitment to preserving marine ecosystems	Thomas-Weaver__0__0__Lomark Daily	Positive	13	16	Entity.Organization.FishingCompany	Entity.Organization	thomas-weaver	marine_sanctuary	0	0
thomas-weaver	Event.Communication.Conference	alvarez plc	participated in Alvarez PLC conference discussing sustainable fishing practices and importance of environmental conservation	Thomas-Weaver__0__0__Lomark Daily	Positive	13	11	Entity.Organization.FishingCompany	Entity.Organization.FishingCompany	thomas-weaver	alvarez plc	0	0
thomas-weaver	Event.Transaction	montoya group	done business with the Montoya Group highlighting commitment to sustainable and responsible fishing practices	Thomas-Weaver__0__0__Lomark Daily	Positive	13	13	Entity.Organization.FishingCompany	Entity.Organization.FishingCompany	thomas-weaver	montoya group	0	0
thomas-weaver	Event.Invest	efficiency	The company invested in efficient sustainable nets, tracking systems, and gave $3400 to local marine environmental relief organizations.	Thomas-Weaver__0__0__The News Buoy	Neutral	13	10	Entity.Organization.FishingCompany	Entity.Commodity	thomas-weaver	efficiency	0	0
thomas-weaver	Event.Transaction	harper inc	In May 2035, Thomas-Weaver signed multiple fishing contracts with Harper Inc aimed at promoting sustainable legal fishing.	Thomas-Weaver__0__0__The News Buoy	Positive	13	10	Entity.Organization.FishingCompany	Entity.Organization.FishingCompany	thomas-weaver	harper inc	0	0
thomas-weaver	Event.Transaction	city of himark	In May 2035, Thomas-Weaver signed multiple fishing contracts with the City Of Himark.	Thomas-Weaver__0__0__The News Buoy	Positive	13	14	Entity.Organization.FishingCompany		thomas-weaver	frey inc	0	11
thomas-weaver	Event.Transaction	york-castillo	In May 2035, Thomas-Weaver signed multiple fishing contracts with York-Castillo.	Thomas-Weaver__0__0__The News Buoy	Neutral	13	13	Entity.Organization.FishingCompany	Entity.Organization.FishingCompany	thomas-weaver	york-castillo	0	0
thomas-weaver	Event.Invest	safety	The company is dedicated to providing safe and efficient fishing practices.	Thomas-Weaver__0__0__The News Buoy	Neutral	13	6	Entity.Organization.FishingCompany	Entity.Commodity	thomas-weaver	safety	0	0
thomas-weaver	Event.Certificateissued	city of paackland	In July 2035, the City Of Paackland issued a certificate of appreciation to Thomas-Weaver for its efforts in protecting the environment.	Thomas-Weaver__0__0__The News Buoy	Neutral	13	17	Entity.Organization.FishingCompany		thomas-weaver	cook plc	0	12
thomas-weaver	Event.Certificateissued	city of himark	In July 2035, the City Of Himark issued a certificate of appreciation to Thomas-Weaver for its efforts in protecting the environment.	Thomas-Weaver__0__0__The News Buoy	Neutral	13	14	Entity.Organization.FishingCompany		thomas-weaver	frey inc	0	11
city of lomark	Event.Certificateissued	thompson-padilla	Received fishing certificates from the Cities of Lomark and South Paackland, granting the company access to the Wrasse Beds, Tuna Shelf, and Cod Table fishing grounds	Thompson-Padilla__0__0__Haacklee Herald	Positive	14	16	Entity.Organization.GovernmentOrg	Entity.Organization.FishingCompany	city of lomark	thompson-padilla	0	0
city of south paackland	Event.Certificateissued	thompson-padilla	Received fishing certificates from the Cities of Lomark and South Paackland, granting the company access to the Wrasse Beds, Tuna Shelf, and Cod Table fishing grounds	Thompson-Padilla__0__0__Haacklee Herald	Positive	23	16	Entity.Organization.GovernmentOrg	Entity.Organization.FishingCompany	city of south paackland	thompson-padilla	0	0
thompson-padilla	Event.Invest	efficiency	Invested in sustainable fishing nets, efficiency improvements, and a marine tracking system	Thompson-Padilla__0__0__Haacklee Herald	Positive	16	10	Entity.Organization.FishingCompany	Entity.Commodity	thompson-padilla	efficiency	0	0
thompson-padilla	Event.Aid	marine_sanctuary	Provided aid to a local Marine Sanctuary	Thompson-Padilla__0__0__Haacklee Herald	Positive	16	16	Entity.Organization.FishingCompany		thompson-padilla	marine_sanctuary	0	1
thompson-padilla	Event.Communication.Conference	harper inc	Conducted numerous business conferences and transactions with partners like Harper Inc, Barnett Ltd, Vargas-Jensen, Lutz-Fleming, and more	Thompson-Padilla__0__0__Haacklee Herald	Neutral	16	10	Entity.Organization.FishingCompany	Entity.Organization.FishingCompany	thompson-padilla	harper inc	0	0
thompson-padilla	Event.Transaction	barnett ltd	Conducted numerous business conferences and transactions with partners like Harper Inc, Barnett Ltd, Vargas-Jensen, Lutz-Fleming, and more	Thompson-Padilla__0__0__Haacklee Herald	Positive	16	11	Entity.Organization.FishingCompany	Entity.Organization.FishingCompany	thompson-padilla	barnett ltd	0	0
thompson-padilla	Event.Transaction	vargas-jensen	Conducted numerous business conferences and transactions with partners like Harper Inc, Barnett Ltd, Vargas-Jensen, Lutz-Fleming, and more	Thompson-Padilla__0__0__Haacklee Herald	Positive	16	13	Entity.Organization.FishingCompany	Entity.Organization.FishingCompany	thompson-padilla	vargas-jensen	0	0
thompson-padilla	Event.Transaction	lutz-fleming	Conducted numerous business conferences and transactions with partners like Harper Inc, Barnett Ltd, Vargas-Jensen, Lutz-Fleming, and more	Thompson-Padilla__0__0__Haacklee Herald	Positive	16	12	Entity.Organization.FishingCompany	Entity.Organization.FishingCompany	thompson-padilla	lutz-fleming	0	0
thompson-padilla	Event.Transaction	spencer, richards and wilson	Engaged in additional transactions with companies like Spencer, Richards and Wilson, Ellis-Hunter, Jones Group, and Phelps, Brown and Wallace	Thompson-Padilla__0__0__Haacklee Herald	Positive	16	28	Entity.Organization.FishingCompany	Entity.Organization.FishingCompany	thompson-padilla	spencer, richards and wilson	0	0
thompson-padilla	Event.Transaction	ellis-hunter	Engaged in additional transactions with companies like Spencer, Richards and Wilson, Ellis-Hunter, Jones Group, and Phelps, Brown and Wallace	Thompson-Padilla__0__0__Haacklee Herald	Positive	16	12	Entity.Organization.FishingCompany	Entity.Organization.Company	thompson-padilla	ellis-hunter	0	0
thompson-padilla	Event.Transaction	jones group	Engaged in additional transactions with companies like Spencer, Richards and Wilson, Ellis	Thompson-Padilla__0__0__Haacklee Herald	Neutral	16	11	Entity.Organization.FishingCompany	Entity.Organization.FishingCompany	thompson-padilla	jones group	0	0
thompson-padilla	Event.Transaction	conrad ltd	engaged in several notable transactions	Thompson-Padilla__0__0__Lomark Daily	Positive	16	10	Entity.Organization.FishingCompany	Entity.Organization.FishingCompany	thompson-padilla	conrad ltd	0	0
thompson-padilla	Event.Aid	marine sanctuary aid	engaged in several notable transactions	Thompson-Padilla__0__0__Lomark Daily	Positive	16	20	Entity.Organization.FishingCompany		thompson-padilla	marine_sanctuary	0	5
thompson-padilla	Event.Invest	commodity efficiency and safety	engaged in several notable transactions	Thompson-Padilla__0__0__Lomark Daily	Positive	16	31	Entity.Organization.FishingCompany		thompson-padilla	cooper, wood and smith	0	20
thompson-padilla	Event.Certificateissued	city of lomark	issued certificates of recognition for adherence to sustainable fishing practices	Thompson-Padilla__0__0__Lomark Daily	Positive	16	14	Entity.Organization.FishingCompany		thompson-padilla	hughes-clark	0	10
thompson-padilla	Event.Certificateissued	city of south paackland	issued certificates of recognition for adherence to sustainable fishing practices	Thompson-Padilla__0__0__Lomark Daily	Positive	16	23	Entity.Organization.FishingCompany		thompson-padilla	thompson-padilla	0	15
thompson-padilla	Event.Transaction	flores ltd	participation in conferences and collaborations	Thompson-Padilla__0__0__Lomark Daily	Neutral	16	10	Entity.Organization.FishingCompany	Entity.Organization.FishingCompany	thompson-padilla	flores ltd	0	0
thompson-padilla	Event.Transaction	glover, moran and johnson	participation in conferences and collaborations	Thompson-Padilla__0__0__Lomark Daily	Positive	16	26	Entity.Organization.FishingCompany		thompson-padilla	glover, moran and johnson	0	1
thompson-padilla	Event.Transaction	kelly-smith	transactions reflecting ongoing business expansion and partnerships	Thompson-Padilla__0__0__Lomark Daily	Neutral	16	11	Entity.Organization.FishingCompany	Entity.Organization.FishingCompany	thompson-padilla	kelly-smith	0	0
thompson-padilla	Event.Transaction	bell, reynolds and forbes	transactions reflecting ongoing business expansion and partnerships	Thompson-Padilla__0__0__Lomark Daily	Positive	16	26	Entity.Organization.FishingCompany		thompson-padilla	bell, reynolds and forbes	0	1
thompson-padilla	Event.Invest	commodity efficiency	investments in commodity efficiency, tracking systems, and sustainable nets	Thompson-Padilla__0__0__Lomark Daily	Positive	16	20	Entity.Organization.FishingCompany		thompson-padilla	efficiency	0	10
thompson-padilla	Event.Invest	tracking systems	investments in commodity efficiency, tracking systems, and sustainable nets	Thompson-Padilla__0__0__Lomark Daily	Positive	16	16	Entity.Organization.FishingCompany		thompson-padilla	tracking_system	0	2
thompson-padilla	Event.Invest	sustainable_nets	investments in commodity efficiency, tracking systems, and sustainable nets	Thompson-Padilla__0__0__Lomark Daily	Positive	16	16	Entity.Organization.FishingCompany		thompson-padilla	sustainable_nets	0	1
thompson-padilla	Event.Fishing	tuna shelf and wrasse beds	increase in fishing activities in designated zones	Thompson-Padilla__0__0__Lomark Daily	Neutral	16	26	Entity.Organization.FishingCompany		thompson-padilla	wrasse beds	0	15
thompson-padilla	Event.Invest	safety and sustainable fishing methods	investments in safety and sustainable fishing methods	Thompson-Padilla__0__0__Lomark Daily	Positive	16	38	Entity.Organization.FishingCompany		thompson-padilla	sustainable_nets	0	23
thompson-padilla	Event.Certificateissued	marine sanctuary aid	engaged in several notable transactions	Thompson-Padilla__0__0__Lomark Daily	Neutral	16	20	Entity.Organization.FishingCompany		thompson-padilla	marine_sanctuary	0	5
thompson-padilla	Event.Transaction	kelly-smith	transactions reflecting ongoing business expansion and partnerships	Thompson-Padilla__0__0__Lomark Daily	Positive	16	11	Entity.Organization.FishingCompany	Entity.Organization.FishingCompany	thompson-padilla	kelly-smith	0	0
thompson-padilla	Event.Transaction	safety and efficiency	investments in safety and efficiency	Thompson-Padilla__0__0__The News Buoy	Neutral	16	21	Entity.Organization.FishingCompany		thompson-padilla	efficiency	0	11
thompson-padilla	Event.Transaction	tracking systems	investments in tracking systems	Thompson-Padilla__0__0__The News Buoy	Neutral	16	16	Entity.Organization.FishingCompany		thompson-padilla	tracking_system	0	2
thompson-padilla	Event.Transaction	sustainable_nets	investments in sustainable nets	Thompson-Padilla__0__0__The News Buoy	Positive	16	16	Entity.Organization.FishingCompany		thompson-padilla	sustainable_nets	0	1
thompson-padilla	Event.Aid	marine_sanctuary	investments in marine sanctuary aid	Thompson-Padilla__0__0__The News Buoy	Neutral	16	16	Entity.Organization.FishingCompany		thompson-padilla	marine_sanctuary	0	1
thompson-padilla	Event.Fishing	wrasse beds, tuna shelf, cod table	fishing activities in designated areas	Thompson-Padilla__0__0__The News Buoy	Positive	16	34	Entity.Organization.FishingCompany		thompson-padilla	wrasse beds	0	23
thompson-padilla	Event.Communication.Conference	industry partners and stakeholders	engagements in conferences	Thompson-Padilla__0__0__The News Buoy	Positive	16	34	Entity.Organization.FishingCompany		thompson-padilla	barnes and sons	0	21
thompson-padilla	Event.Owns.Partiallyowns	industry partners	transactions involving partnerships and collaborations	Thompson-Padilla__0__0__The News Buoy	Positive	16	17	Entity.Organization.FishingCompany		thompson-padilla	sustainable_nets	0	12
turner-green	Event.Invest	efficient sustainable nets, tracking systems, and graciously donated $10,000 to a local marine sanctuary	invested in efficient sustainable nets, tracking systems, and graciously donated $10,000 to a local marine sanctuary to support its environmental remediation efforts	Turner-Green__0__0__Haacklee Herald	Positive	12	104	Entity.Organization.FishingCompany		turner-green	paackland fishermen's rights enforcement network	0	81
turner-green	Event.Transaction	olsen-haley	signed multiple fishing contracts with Olsen-Haley	Turner-Green__0__0__Haacklee Herald	Positive	12	11	Entity.Organization.FishingCompany	Entity.Organization.Company	turner-green	olsen-haley	0	0
turner-green	Event.Transaction	blackwell, clark and lam	signed multiple fishing contracts with Blackwell, Clark and Lam	Turner-Green__0__0__Haacklee Herald	Positive	12	24	Entity.Organization.FishingCompany	Entity.Organization.FishingCompany	turner-green	blackwell, clark and lam	0	0
turner-green	Event.Transaction	franco-stuart	signed multiple fishing contracts with Franco-Stuart	Turner-Green__0__0__Haacklee Herald	Positive	12	13	Entity.Organization.FishingCompany	Entity.Organization.FishingCompany	turner-green	franco-stuart	0	0
turner-green	Event.Transaction	williams-moon	signed multiple fishing contracts with Williams-Moon	Turner-Green__0__0__Haacklee Herald	Neutral	12	13	Entity.Organization.FishingCompany	Entity.Organization.Company	turner-green	williams-moon	0	0
turner-green	Event.Communication.Conference	ramos-shelton and solis-lopez	involved in a conference with Ramos-Shelton and Solis-Lopez to discuss the future of sustainable fishing	Turner-Green__0__0__Haacklee Herald	Positive	12	29	Entity.Organization.FishingCompany		turner-green	ramos-shelton	0	16
turner-green	Event.Invest	startup focusing on developing new technologies to improve the efficiency of fishing operations	invested in a startup that focuses on developing new technologies to improve the efficiency of fishing operations	Turner-Green__0__0__Haacklee Herald	Positive	12	95	Entity.Organization.FishingCompany		turner-green	pregolyadredge logistics incorporated	0	72
turner-green	Event.Invest	new project to improve the sustainability of their fishing operations and developing a new tracking system	working on a new project to improve the sustainability of their fishing operations as well as developing a new tracking system that will allow them to monitor their fishing operations more effectively to ensure that they are operating in a sustainable manner	Turner-Green__0__0__Haacklee Herald	Neutral	12	106	Entity.Organization.FishingCompany		turner-green	pregolyadredge logistics incorporated	0	84
city of south paackland	Event.Certificateissued	turner-green	committed to sustainable and environmentally friendly fishing practices	Turner-Green__0__0__Lomark Daily	Positive	23	12	Entity.Organization.GovernmentOrg	Entity.Organization.FishingCompany	city of south paackland	turner-green	0	0
city of south paackland	Event.Aid	turner-green	donated $2130 to local marine groups	Turner-Green__0__0__Lomark Daily	Positive	23	12	Entity.Organization.GovernmentOrg	Entity.Organization.FishingCompany	city of south paackland	turner-green	0	0
city of south paackland	Event.Transaction	eaton-osborne	signed multiple fishing contracts with reputed companies	Turner-Green__0__0__Lomark Daily	Neutral	23	13	Entity.Organization.GovernmentOrg		city of south paackland	watson-gray	0	8
city of south paackland	Event.Transaction	york-castillo	signed multiple fishing contracts with reputed companies	Turner-Green__0__0__Lomark Daily	Positive	23	13	Entity.Organization.GovernmentOrg	Entity.Organization.FishingCompany	city of south paackland	york-castillo	0	0
city of south paackland	Event.Invest	efficiency	invested in efficient sustainable nets and tracking systems	Turner-Green__0__0__Lomark Daily	Positive	23	10	Entity.Organization.GovernmentOrg	Entity.Commodity	city of south paackland	efficiency	0	0
city of south paackland	Event.Transaction	moore-simon	invested in its vessels	Turner-Green__0__0__Lomark Daily	Neutral	23	11	Entity.Organization.GovernmentOrg	Entity.Organization.FishingCompany	city of south paackland	moore-simon	0	0
city of south paackland	Event.Transaction	spencer, richards and wilson	invested in its vessels	Turner-Green__0__0__Lomark Daily	Positive	23	29	Entity.Organization.GovernmentOrg		city of south paackland	spencer, richards and wilson	0	1
city of south paackland	Event.Certificateissued	turner-green	commended for its efforts in reducing pollution in the ocean	Turner-Green__0__0__Lomark Daily	Positive	23	12	Entity.Organization.GovernmentOrg	Entity.Organization.FishingCompany	city of south paackland	turner-green	0	0
city of south paackland	Event.Invest	efficiency	improving the efficiency of its operations and reducing waste	Turner-Green__0__0__Lomark Daily	Positive	23	10	Entity.Organization.GovernmentOrg	Entity.Commodity	city of south paackland	efficiency	0	0
city of south paackland	Event.Certificateissued	turner-green	commitment to sustainability and environmental responsibility	Turner-Green__0__0__Lomark Daily	Positive	23	12	Entity.Organization.GovernmentOrg	Entity.Organization.FishingCompany	city of south paackland	turner-green	0	0
wrasse beds	Event.Certificateissued	turner-green	local fishing company based in Wrasse Beds, has been impactful in the fishing industry with its commitment to sustainable and environmentally friendly fishing practices	Turner-Green__0__0__The News Buoy	Neutral	11	12		Entity.Organization.FishingCompany	craig ltd	turner-green	7	0
wrasse beds	Event.Aid	turner-green	Turner-Green invested $2000 in a local marine sanctuary	Turner-Green__0__0__The News Buoy	Neutral	11	12		Entity.Organization.FishingCompany	craig ltd	turner-green	7	0
wrasse beds	Event.Transaction	turner-green	Turner-Green signed multiple fishing contracts with other companies, including Eaton-Osborne and York-Castillo	Turner-Green__0__0__The News Buoy	Neutral	11	12		Entity.Organization.FishingCompany	craig ltd	turner-green	7	0
wrasse beds	Event.Invest	turner-green	Turner-Green invested in the development of new technologies to improve the efficiency of its fishing operations	Turner-Green__0__0__The News Buoy	Neutral	11	12		Entity.Organization.FishingCompany	craig ltd	turner-green	7	0
wrasse beds	Event.Invest	turner-green	Turner-Green is committed to continuing its efforts to promote sustainable and responsible fishing practices	Turner-Green__0__0__The News Buoy	Neutral	11	12		Entity.Organization.FishingCompany	craig ltd	turner-green	7	0
underwood inc	Event.Invest	efficiency	investing in efficient and sustainable nets, as well as tracking systems	Underwood Inc__0__0__Haacklee Herald	Neutral	13	10	Entity.Organization.FishingCompany	Entity.Commodity	underwood inc	efficiency	0	0
underwood inc	Event.Transaction	alvarez plc	signed multiple transactions	Underwood Inc__0__0__Haacklee Herald	Positive	13	11	Entity.Organization.FishingCompany	Entity.Organization.FishingCompany	underwood inc	alvarez plc	0	0
underwood inc	Event.Transaction	olson and sons	signed multiple transactions	Underwood Inc__0__0__Haacklee Herald	Positive	13	14	Entity.Organization.FishingCompany	Entity.Organization.Company	underwood inc	olson and sons	0	0
underwood inc	Event.Certificateissued	city of lomark	issued certificates of approval	Underwood Inc__0__0__Haacklee Herald	Neutral	13	14	Entity.Organization.FishingCompany		underwood inc	hughes-clark	0	10
underwood inc	Event.Certificateissued	city of centralia	issued certificates of approval	Underwood Inc__0__0__Haacklee Herald	Positive	13	17	Entity.Organization.FishingCompany		underwood inc	cod table	0	12
underwood inc	Event.Aid	ngos	applauded by local government and NGOs for their efforts in sustainable fishing	Underwood Inc__0__0__Haacklee Herald	Positive	13	4	Entity.Organization.FishingCompany		underwood inc	safety	0	6
underwood inc	Event.Communication.Conference	franco-stuart and lake victoria catch gmbh	participation in conferences and investments aimed at enhancing efficiency and safety in the industry	Underwood Inc__0__0__Lomark Daily	Neutral	14	42			underwood inc	lake victoria catch gmbh	1	18
underwood inc	Event.Transaction	phelps, brown and wallace	finalized transactions with several entities	Underwood Inc__0__0__Lomark Daily	Positive	14	25		Entity.Organization.FishingCompany	underwood inc	phelps, brown and wallace	1	0
underwood inc	Event.Transaction	cooper, holland and nelson	finalized transactions with several entities	Underwood Inc__0__0__Lomark Daily	Neutral	14	26		Entity.Organization.FishingCompany	underwood inc	cooper, holland and nelson	1	0
underwood inc	Event.Transaction	cuevas plc	finalized transactions with several entities	Underwood Inc__0__0__Lomark Daily	Neutral	14	10		Entity.Organization.FishingCompany	underwood inc	cuevas plc	1	0
underwood inc	Event.Transaction	walker, erickson and blake	finalized transactions with several entities	Underwood Inc__0__0__Lomark Daily	Positive	14	26		Entity.Organization.FishingCompany	underwood inc	walker, erickson and blake	1	0
underwood inc	Event.Transaction	ward-dunn	finalized transactions with several entities	Underwood Inc__0__0__Lomark Daily	Positive	14	9		Entity.Organization.Company	underwood inc	ward-dunn	1	0
underwood inc	Event.Certificateissued	city of lomark	permission to conduct fishing activities in the Wrasse Beds using designated vessels	Underwood Inc__0__0__Lomark Daily	Neutral	14	14			underwood inc	hughes-clark	1	10
underwood inc	Event.Certificateissued	city of centralia	permission to conduct fishing activities in the Wrasse Beds using designated vessels	Underwood Inc__0__0__Lomark Daily	Positive	14	17			underwood inc	cod table	1	12
underwood inc	Event.Transaction	thompson-padilla	concluded transactions	Underwood Inc__0__0__Lomark Daily	Neutral	14	16		Entity.Organization.FishingCompany	underwood inc	thompson-padilla	1	0
underwood inc	Event.Transaction	cain, simpson and hernandez	concluded transactions	Underwood Inc__0__0__Lomark Daily	Positive	14	27		Entity.Organization.FishingCompany	underwood inc	cain, simpson and hernandez	1	0
underwood inc	Event.Transaction	maldonado, sanchez and jones	concluded transactions	Underwood Inc__0__0__Lomark Daily	Positive	14	28		Entity.Organization.Company	underwood inc	maldonado, sanchez and jones	1	0
underwood inc	Event.Transaction	brown-stokes	concluded transactions	Underwood Inc__0__0__Lomark Daily	Neutral	14	12		Entity.Organization.Company	underwood inc	brown-stokes	1	0
underwood inc	Event.Invest	sustainable_nets	investments in various initiatives aimed at enhancing environmental sustainability and operational efficiency	Underwood Inc__0__0__The News Buoy	Positive	14	16		Entity.Commodity	underwood inc	sustainable_nets	1	0
underwood inc	Event.Invest	tracking_system	investments in various initiatives aimed at enhancing environmental sustainability and operational efficiency	Underwood Inc__0__0__The News Buoy	Positive	14	15		Entity.Commodity	underwood inc	tracking_system	1	0
underwood inc	Event.Invest	safety	investments in various initiatives aimed at enhancing environmental sustainability and operational efficiency	Underwood Inc__0__0__The News Buoy	Neutral	14	6		Entity.Commodity	underwood inc	safety	1	0
underwood inc	Event.Aid	marine_sanctuary	pledged aid to marine sanctuaries	Underwood Inc__0__0__The News Buoy	Neutral	14	16		Entity.Organization	underwood inc	marine_sanctuary	1	0
underwood inc	Event.Fishing	wrasse beds	engaging in activities in Wrasse Beds	Underwood Inc__0__0__The News Buoy	Positive	14	11		Entity.Location.Region	underwood inc	wrasse beds	1	0
underwood inc	Event.Communication.Conference	horn and sons	participated in conferences with Horn and Sons	Underwood Inc__0__0__The News Buoy	Positive	14	13		Entity.Organization.FishingCompany	underwood inc	horn and sons	1	0
underwood inc	Event.Communication.Conference	jones group	participated in conferences with the Jones Group	Underwood Inc__0__0__The News Buoy	Positive	14	11		Entity.Organization.FishingCompany	underwood inc	jones group	1	0
underwood inc	Event.Communication.Conference	jones group	participated in conferences with the Jones Group	V. Miesel Shipping__0__0__The News Buoy	Positive	14	11		Entity.Organization.FishingCompany	underwood inc	jones group	1	0
underwood inc	Event.Communication.Conference	jones group	participated in conferences with the Jones Group	V. Miesel Shipping__0__0__The News Buoy	Positive	14	11		Entity.Organization.FishingCompany	underwood inc	jones group	1	0
underwood inc	Event.Communication.Conference	jones group	participated in conferences with the Jones Group	V. Miesel Shipping__0__0__The News Buoy	Positive	14	11		Entity.Organization.FishingCompany	underwood inc	jones group	1	0
underwood inc	Event.Communication.Conference	jones group	participated in conferences with the Jones Group	V. Miesel Shipping__0__0__The News Buoy	Neutral	14	11		Entity.Organization.FishingCompany	underwood inc	jones group	1	0
underwood inc	Event.Communication.Conference	jones group	participated in conferences with the Jones Group	V. Miesel Shipping__0__0__The News Buoy	Neutral	14	11		Entity.Organization.FishingCompany	underwood inc	jones group	1	0
underwood inc	Event.Communication.Conference	jones group	participated in conferences with the Jones Group	V. Miesel Shipping__0__0__The News Buoy	Neutral	14	11		Entity.Organization.FishingCompany	underwood inc	jones group	1	0
underwood inc	Event.Communication.Conference	jones group	participated in conferences with the Jones Group	V. Miesel Shipping__0__0__The News Buoy	Positive	14	11		Entity.Organization.FishingCompany	underwood inc	jones group	1	0
underwood inc	Event.Communication.Conference	jones group	participated in conferences with the Jones Group	V. Miesel Shipping__0__0__The News Buoy	Positive	14	11		Entity.Organization.FishingCompany	underwood inc	jones group	1	0
underwood inc	Event.Communication.Conference	jones group	participated in conferences with the Jones Group	V. Miesel Shipping__0__0__The News Buoy	Positive	14	11		Entity.Organization.FishingCompany	underwood inc	jones group	1	0
underwood inc	Event.Communication.Conference	jones group	participated in conferences with the Jones Group	V. Miesel Shipping__0__0__The News Buoy	Neutral	14	11		Entity.Organization.FishingCompany	underwood inc	jones group	1	0
underwood inc	Event.Communication.Conference	jones group	participated in conferences with the Jones Group	V. Miesel Shipping__0__0__The News Buoy	Positive	14	11		Entity.Organization.FishingCompany	underwood inc	jones group	1	0
valdez, dalton and cook	Event.Aid	marine_sanctuary	Their dedication to the environment is further evidenced by their investment in marine sanctuaries on July 21st, 2035.	Valdez, Dalton and Cook__0__0__Haacklee Herald	Positive	23	16	Entity.Organization.FishingCompany		valdez, dalton and cook	marine_sanctuary	0	1
valdez, dalton and cook	Event.Aid	marine_sanctuary	Their dedication to the environment is further evidenced by their investment in marine sanctuaries on July 21st, 2035.	Valdez, Dalton and Cook__0__0__Haacklee Herald	Neutral	23	16	Entity.Organization.FishingCompany		valdez, dalton and cook	marine_sanctuary	0	1
valdez, dalton and cook	Event.Aid	marine_sanctuary	has given $2000 to the local marine sanctuary as aid	Valdez, Dalton and Cook__0__0__Lomark Daily	Positive	23	16	Entity.Organization.FishingCompany		valdez, dalton and cook	marine_sanctuary	0	1
valdez, dalton and cook	Event.Transaction	cooper, wood and smith	signed multiple fishing transactions with reputed companies such as Cooper, Wood and Smith	Valdez, Dalton and Cook__0__0__Lomark Daily	Positive	23	22	Entity.Organization.FishingCompany	Entity.Organization.Company	valdez, dalton and cook	cooper, wood and smith	0	0
valdez, dalton and cook	Event.Transaction	ross-curtis	signed multiple fishing transactions with reputed companies such as Ross-Curtis	Valdez, Dalton and Cook__0__0__Lomark Daily	Positive	23	11	Entity.Organization.FishingCompany	Entity.Organization.Company	valdez, dalton and cook	ross-curtis	0	0
valdez, dalton and cook	Event.Communication.Conference	unknown	actively participating in conferences and events to promote sustainable fishing practices	Valdez, Dalton and Cook__0__0__Lomark Daily	Positive	23	7	Entity.Organization.FishingCompany		valdez, dalton and cook	dunn inc	0	5
valdez, dalton and cook	Event.Invest	efficiency	has been investing in efficient sustainable nets, tracking systems, and has given $2000 to Local marine sanctuary as aid. The company has also signed multiple fishing transactions with reputable companies such as Cunningham-Jones, Maddox Group, and Vasquez, Chaney and Martinez. Valdez, Dalton and Cook is committed to sustainable and environment friendly fishing and has been recognized for their efforts in the industry.	Valdez, Dalton and Cook__0__0__The News Buoy	Positive	23	10	Entity.Organization.FishingCompany	Entity.Commodity	valdez, dalton and cook	efficiency	0	0
valdez, dalton and cook	Event.Communication.Conference	nelson rasmussen	the CEO of Valdez, Dalton and Cook, Mr. Nelson Rasmussen, stated that the companys main priority is to ensure the sustainability of the fishing industry for future generations. He also mentioned that the company is interested in exploring new technologies and methods that can help reduce the environmental impact of fishing.	Valdez, Dalton and Cook__0__0__The News Buoy	Neutral	23	16	Entity.Organization.FishingCompany		valdez, dalton and cook	olson and sons	0	9
valdez, dalton and cook	Event.Invest	research and development	has also been investing in research and development to improve the efficiency of their fishing operations. In a recent investment, the company has invested $100000 in a new tracking system that will help them monitor their fishing operations.	Valdez, Dalton and Cook__0__0__The News Buoy	Neutral	23	24	Entity.Organization.FishingCompany		valdez, dalton and cook	barnes and sons	0	16
vargas-jensen	Event.Invest	efficiency and safety measures	Invested in efficiency and safety measures	Vargas-Jensen__0__0__Haacklee Herald	Neutral	13	30	Entity.Organization.FishingCompany		vargas-jensen	efficiency	0	20
vargas-jensen	Event.Certificateissued	city of paackland	Received fishing permits for Cod Table and Wrasse Beds from the City of Paackland	Vargas-Jensen__0__0__Haacklee Herald	Positive	13	17	Entity.Organization.FishingCompany		vargas-jensen	cook plc	0	12
vargas-jensen	Event.Certificateissued	city of lomark	Received fishing permits for Cod Table and Wrasse Beds from the City of Lomark	Vargas-Jensen__0__0__Haacklee Herald	Positive	13	14	Entity.Organization.FishingCompany		vargas-jensen	hughes-clark	0	10
vargas-jensen	Event.Fishing	wrasse beds	Engaged in fishing activities in the Wrasse Beds	Vargas-Jensen__0__0__Haacklee Herald	Neutral	13	11	Entity.Organization.FishingCompany	Entity.Location.Region	vargas-jensen	wrasse beds	0	0
vargas-jensen	Event.Transaction	wilcox-nelson	Conducted multiple transactions with Wilcox-Nelson	Vargas-Jensen__0__0__Haacklee Herald	Positive	13	13	Entity.Organization.FishingCompany	Entity.Organization.FishingCompany	vargas-jensen	wilcox-nelson	0	0
vargas-jensen	Event.Transaction	watson-gray	Conducted multiple transactions with Watson-Gray	Vargas-Jensen__0__0__Haacklee Herald	Neutral	13	11	Entity.Organization.FishingCompany	Entity.Organization.FishingCompany	vargas-jensen	watson-gray	0	0
vargas-jensen	Event.Transaction	bowers group	Conducted multiple transactions with Bowers Group	Vargas-Jensen__0__0__Haacklee Herald	Neutral	13	12	Entity.Organization.FishingCompany	Entity.Organization.FishingCompany	vargas-jensen	bowers group	0	0
vargas-jensen	Event.Transaction	smith-hull	Conducted multiple transactions with Smith-Hull	Vargas-Jensen__0__0__Haacklee Herald	Neutral	13	10	Entity.Organization.FishingCompany	Entity.Organization.FishingCompany	vargas-jensen	smith-hull	0	0
vargas-jensen	Event.Transaction	chavez, anderson and taylor	Conducted multiple transactions with Chavez, Anderson and Taylor	Vargas-Jensen__0__0__Haacklee Herald	Positive	13	27	Entity.Organization.FishingCompany	Entity.Organization.Company	vargas-jensen	chavez, anderson and taylor	0	0
vargas-jensen	Event.Transaction	payne group	Conducted multiple transactions with Payne Group	Vargas-Jensen__0__0__Haacklee Herald	Neutral	13	11	Entity.Organization.FishingCompany	Entity.Organization.Company	vargas-jensen	payne group	0	0
vargas-jensen	Event.Transaction	phelps, brown and wallace	Conducted multiple transactions with Phelps, Brown and Wallace	Vargas-Jensen__0__0__Haacklee Herald	Positive	13	25	Entity.Organization.FishingCompany	Entity.Organization.FishingCompany	vargas-jensen	phelps, brown and wallace	0	0
vargas-jensen	Event.Communication.Conference	york-castillo	Participated in conferences with York-Castillo	Vargas-Jensen__0__0__Haacklee Herald	Neutral	13	13	Entity.Organization.FishingCompany	Entity.Organization.FishingCompany	vargas-jensen	york-castillo	0	0
vargas-jensen	Event.Communication.Conference	phillips-newton	Participated in conferences with Phillips-Newton	Vargas-Jensen__0__0__Haacklee Herald	Positive	13	15	Entity.Organization.FishingCompany	Entity.Organization.FishingCompany	vargas-jensen	phillips-newton	0	0
vargas-jensen	Event.Communication.Conference	harper inc	Participated in conferences with Harper Inc	Vargas-Jensen__0__0__Haacklee Herald	Positive	13	10	Entity.Organization.FishingCompany	Entity.Organization.FishingCompany	vargas-jensen	harper inc	0	0
vargas-jensen	Event.Communication.Conference	collins, johnson and lloyd	Participated in conferences with Collins, Johnson and Lloyd	Vargas-Jensen__0__0__Haacklee Herald	Positive	13	26	Entity.Organization.FishingCompany	Entity.Organization.FishingCompany	vargas-jensen	collins, johnson and lloyd	0	0
vargas-jensen	Event.Aid	marine_sanctuary	Contributed to the Marine Sanctuary	Vargas-Jensen__0__0__Haacklee Herald	Neutral	13	16	Entity.Organization.FishingCompany		vargas-jensen	marine_sanctuary	0	1
vargas-jensen	Event.Invest	commodity safety and tracking systems	Invested in commodity safety	Vargas-Jensen__0__0__Haacklee Herald	Neutral	13	37	Entity.Organization.FishingCompany		vargas-jensen	tracking_system	0	23
vargas-jensen	Event.Fishing	wrasse beds area	allowed to do fishing in the Wrasse Beds area and committed to sustainable and environment friendly fishing	Vargas-Jensen__0__0__Lomark Daily	Positive	13	16	Entity.Organization.FishingCompany		vargas-jensen	wrasse beds	0	5
vargas-jensen	Event.Aid	marine_sanctuary	gave $2000 to a local marine sanctuary as aid	Vargas-Jensen__0__0__Lomark Daily	Positive	13	16	Entity.Organization.FishingCompany		vargas-jensen	marine_sanctuary	0	1
vargas-jensen	Event.Transaction	eaton-osborne	signed multiple fishing transactions with Eaton-Osborne	Vargas-Jensen__0__0__Lomark Daily	Positive	13	13	Entity.Organization.FishingCompany		vargas-jensen	watson-gray	0	8
vargas-jensen	Event.Transaction	york-castillo	signed multiple fishing transactions with York-Castillo	Vargas-Jensen__0__0__Lomark Daily	Neutral	13	13	Entity.Organization.FishingCompany	Entity.Organization.FishingCompany	vargas-jensen	york-castillo	0	0
vargas-jensen	Event.Transaction	logistic companies	signed multiple fishing transactions with logistic companies	Vargas-Jensen__0__0__Lomark Daily	Neutral	13	18	Entity.Organization.FishingCompany		vargas-jensen	martinez-daniels	0	12
vargas-jensen	Event.Fishing.Sustainablefishing	local communities	working closely with local communities to promote sustainable fishing practices	Vargas-Jensen__0__0__Lomark Daily	Neutral	13	17	Entity.Organization.FishingCompany		vargas-jensen	ross-curtis	0	11
vargas-jensen	Event.Invest	research and development of new technologies	investing heavily in research and development of new technologies	Vargas-Jensen__0__0__Lomark Daily	Neutral	13	44	Entity.Organization.FishingCompany		vargas-jensen	chavez, anderson and taylor	0	31
vargas-jensen	Event.Owns.Partiallyowns	new vessels	acquisition of new vessels	Vargas-Jensen__0__0__Lomark Daily	Positive	13	11	Entity.Organization.FishingCompany		vargas-jensen	nemo reef	0	7
vargas-jensen	Event.Certificateissued	vargas-jensen	issuance of certificates permitting fishing activities in the Cod Table and Wrasse Beds regions	Vargas-Jensen__0__0__The News Buoy	Positive	13	13	Entity.Organization.FishingCompany	Entity.Organization.FishingCompany	vargas-jensen	vargas-jensen	0	0
vargas-jensen	Event.Invest	mann, myers and rivera	investments in safety measures, efficiency enhancements, and innovative tracking systems	Vargas-Jensen__0__0__The News Buoy	Positive	13	22	Entity.Organization.FishingCompany	Entity.Organization.FishingCompany	vargas-jensen	mann, myers and rivera	0	0
vargas-jensen	Event.Fishing.Sustainablefishing	vargas-jensen	transitioning to sustainable nets and engaging in sustainable fishing practices in designated marine sanctuaries	Vargas-Jensen__0__0__The News Buoy	Positive	13	13	Entity.Organization.FishingCompany	Entity.Organization.FishingCompany	vargas-jensen	vargas-jensen	0	0
vargas-jensen	Event.Owns.Partiallyowns	moore-simon	collaborations with Moore-Simon	Vargas-Jensen__0__0__The News Buoy	Positive	13	11	Entity.Organization.FishingCompany	Entity.Organization.FishingCompany	vargas-jensen	moore-simon	0	0
vargas-jensen	Event.Owns.Partiallyowns	jones group	collaborations with Jones Group	Vargas-Jensen__0__0__The News Buoy	Neutral	13	11	Entity.Organization.FishingCompany	Entity.Organization.FishingCompany	vargas-jensen	jones group	0	0
vargas-jensen	Event.Communication.Conference	turner-green	participation in conferences attended by Turner-Green	Vargas-Jensen__0__0__The News Buoy	Neutral	13	12	Entity.Organization.FishingCompany	Entity.Organization.FishingCompany	vargas-jensen	turner-green	0	0
vargas-jensen	Event.Communication.Conference	franco-stuart	participation in conferences attended by Franco-Stuart	Vargas-Jensen__0__0__The News Buoy	Positive	13	13	Entity.Organization.FishingCompany	Entity.Organization.FishingCompany	vargas-jensen	franco-stuart	0	0
vargas-jensen	Event.Transaction	faulkner, schmidt and wheeler	partnerships with Faulkner, Schmidt and Wheeler	Vargas-Jensen__0__0__The News Buoy	Positive	13	29	Entity.Organization.FishingCompany	Entity.Organization.Company	vargas-jensen	faulkner, schmidt and wheeler	0	0
vargas-jensen	Event.Transaction	wilson-grant	partnerships with Wilson-Grant	Vargas-Jensen__0__0__The News Buoy	Neutral	13	12	Entity.Organization.FishingCompany	Entity.Organization.Company	vargas-jensen	wilson-grant	0	0
vargas-jensen	Event.Transaction	paul inc	partnerships with Paul Inc	Vargas-Jensen__0__0__The News Buoy	Positive	13	8	Entity.Organization.FishingCompany	Entity.Organization.Company	vargas-jensen	paul inc	0	0
vasquez, chaney and martinez	Event.Transaction	cuevas plc	engaged in a flurry of transactions	Vasquez, Chaney and Martinez__0__0__Haacklee Herald	Positive	28	10	Entity.Organization.FishingCompany	Entity.Organization.FishingCompany	vasquez, chaney and martinez	cuevas plc	0	0
vasquez, chaney and martinez	Event.Transaction	thomas-weaver	engaged in a flurry of transactions	Vasquez, Chaney and Martinez__0__0__Haacklee Herald	Neutral	28	13	Entity.Organization.FishingCompany	Entity.Organization.FishingCompany	vasquez, chaney and martinez	thomas-weaver	0	0
vasquez, chaney and martinez	Event.Transaction	flores ltd	conducted transactions	Vasquez, Chaney and Martinez__0__0__Haacklee Herald	Positive	28	10	Entity.Organization.FishingCompany	Entity.Organization.FishingCompany	vasquez, chaney and martinez	flores ltd	0	0
vasquez, chaney and martinez	Event.Transaction	cain, simpson and hernandez	conducted transactions	Vasquez, Chaney and Martinez__0__0__Haacklee Herald	Positive	28	28	Entity.Organization.FishingCompany		vasquez, chaney and martinez	cain, simpson and hernandez	0	1
vasquez, chaney and martinez	Event.Fishing.Overfishing	cod table area	engaged in multiple transactions related to fishing activities	Vasquez, Chaney and Martinez__0__0__Haacklee Herald	Positive	28	14	Entity.Organization.FishingCompany		vasquez, chaney and martinez	cod table	0	5
vasquez, chaney and martinez	Event.Communication.Conference	underwood inc	participation in conferences and investments aimed at fostering sustainability and efficiency within the fishing sector	Vasquez, Chaney and Martinez__0__0__Lomark Daily	Positive	28	14	Entity.Organization.FishingCompany		vasquez, chaney and martinez	underwood inc	0	1
vasquez, chaney and martinez	Event.Communication.Conference	greer-holder	participation in conferences and investments aimed at fostering sustainability and efficiency within the fishing sector	Vasquez, Chaney and Martinez__0__0__Lomark Daily	Positive	28	12	Entity.Organization.FishingCompany	Entity.Organization.FishingCompany	vasquez, chaney and martinez	greer-holder	0	0
vasquez, chaney and martinez	Event.Communication.Conference	rasmussen, nelson and king	participation in conferences and investments aimed at fostering sustainability and efficiency within the fishing sector	Vasquez, Chaney and Martinez__0__0__Lomark Daily	Positive	28	26	Entity.Organization.FishingCompany	Entity.Organization.FishingCompany	vasquez, chaney and martinez	rasmussen, nelson and king	0	0
vasquez, chaney and martinez	Event.Communication.Conference	mclaughlin-chandler	participation in conferences and investments aimed at fostering sustainability and efficiency within the fishing sector	Vasquez, Chaney and Martinez__0__0__Lomark Daily	Neutral	28	19	Entity.Organization.FishingCompany	Entity.Organization.FishingCompany	vasquez, chaney and martinez	mclaughlin-chandler	0	0
vasquez, chaney and martinez	Event.Invest	sustainable_nets	allocated resources towards various initiatives, including sustainable nets, tracking systems, and commodities for safety and efficiency	Vasquez, Chaney and Martinez__0__0__Lomark Daily	Positive	28	16	Entity.Organization.FishingCompany	Entity.Commodity	vasquez, chaney and martinez	sustainable_nets	0	0
vasquez, chaney and martinez	Event.Invest	tracking_system	allocated resources towards various initiatives, including sustainable nets, tracking systems, and commodities for safety and efficiency	Vasquez, Chaney and Martinez__0__0__Lomark Daily	Positive	28	15	Entity.Organization.FishingCompany	Entity.Commodity	vasquez, chaney and martinez	tracking_system	0	0
vasquez, chaney and martinez	Event.Invest	safety	allocated resources towards various initiatives, including sustainable nets, tracking systems, and commodities for safety and efficiency	Vasquez, Chaney and Martinez__0__0__Lomark Daily	Positive	28	6	Entity.Organization.FishingCompany	Entity.Commodity	vasquez, chaney and martinez	safety	0	0
vasquez, chaney and martinez	Event.Transaction	greer-holder	engaged in transactions with prominent entities like Greer-Holder, Jones Group, and Velasquez Inc.	Vasquez, Chaney and Martinez__0__0__Lomark Daily	Positive	28	12	Entity.Organization.FishingCompany	Entity.Organization.FishingCompany	vasquez, chaney and martinez	greer-holder	0	0
vasquez, chaney and martinez	Event.Transaction	jones group	engaged in transactions with prominent entities like Greer-Holder, Jones Group, and Velasquez Inc.	Vasquez, Chaney and Martinez__0__0__Lomark Daily	Positive	28	11	Entity.Organization.FishingCompany	Entity.Organization.FishingCompany	vasquez, chaney and martinez	jones group	0	0
vasquez, chaney and martinez	Event.Transaction	velasquez inc	engaged in transactions with prominent entities like Greer-Holder, Jones Group, and Velasquez Inc.	Vasquez, Chaney and Martinez__0__0__Lomark Daily	Neutral	28	14	Entity.Organization.FishingCompany		vasquez, chaney and martinez	velasquez inc	0	1
vasquez, chaney and martinez	Event.Aid	marine_sanctuary	intensified its efforts towards sustainable fishing, with investments in sustainable nets and continued engagement in activities such as aid to marine sanctuaries	Vasquez, Chaney and Martinez__0__0__Lomark Daily	Positive	28	16	Entity.Organization.FishingCompany	Entity.Organization	vasquez, chaney and martinez	marine_sanctuary	0	0
vasquez, chaney and martinez	Event.Fishing.Sustainablefishing	vcm	Model of Sustainable Fishing Practices	Vasquez, Chaney and Martinez__0__0__The News Buoy	Positive	28	3	Entity.Organization.FishingCompany		vasquez, chaney and martinez	safety	0	6
vasquez, chaney and martinez	Event.Transaction	rivas-stevens, cooper, holland and nelson	Participated in conferences	Vasquez, Chaney and Martinez__0__0__The News Buoy	Positive	28	41	Entity.Organization.FishingCompany		vasquez, chaney and martinez	cooper, holland and nelson	0	15
vasquez, chaney and martinez	Event.Transaction	mclaughlin-chandler	Participated in conferences	Vasquez, Chaney and Martinez__0__0__The News Buoy	Positive	28	19	Entity.Organization.FishingCompany	Entity.Organization.FishingCompany	vasquez, chaney and martinez	mclaughlin-chandler	0	0
vasquez, chaney and martinez	Event.Transaction	olsen group	Participated in conferences	Vasquez, Chaney and Martinez__0__0__The News Buoy	Positive	28	11	Entity.Organization.FishingCompany	Entity.Organization.FishingCompany	vasquez, chaney and martinez	olsen group	0	0
vasquez, chaney and martinez	Event.Transaction	glover, moran and johnson	Participated in conferences	Vasquez, Chaney and Martinez__0__0__The News Buoy	Positive	28	25	Entity.Organization.FishingCompany	Entity.Organization.FishingCompany	vasquez, chaney and martinez	glover, moran and johnson	0	0
vasquez, chaney and martinez	Event.Transaction	roth, logan and moreno	Invested in sustainable nets	Vasquez, Chaney and Martinez__0__0__The News Buoy	Positive	28	22	Entity.Organization.FishingCompany	Entity.Organization.FishingCompany	vasquez, chaney and martinez	roth, logan and moreno	0	0
vasquez, chaney and martinez	Event.Transaction	alvarez plc	Invested in sustainable nets	Vasquez, Chaney and Martinez__0__0__The News Buoy	Neutral	28	11	Entity.Organization.FishingCompany	Entity.Organization.FishingCompany	vasquez, chaney and martinez	alvarez plc	0	0
vasquez, chaney and martinez	Event.Transaction	valdez, dalton and cook	Participated in conferences	Vasquez, Chaney and Martinez__0__0__The News Buoy	Positive	28	23	Entity.Organization.FishingCompany	Entity.Organization.FishingCompany	vasquez, chaney and martinez	valdez, dalton and cook	0	0
vasquez, chaney and martinez	Event.Transaction	jones group	Participated in conferences	Vasquez, Chaney and Martinez__0__0__The News Buoy	Positive	28	11	Entity.Organization.FishingCompany	Entity.Organization.FishingCompany	vasquez, chaney and martinez	jones group	0	0
vasquez, chaney and martinez	Event.Transaction	montoya group	Invested in safety	Vasquez, Chaney and Martinez__0__0__The News Buoy	Neutral	28	13	Entity.Organization.FishingCompany	Entity.Organization.FishingCompany	vasquez, chaney and martinez	montoya group	0	0
vasquez, chaney and martinez	Event.Transaction	brown, clarke and martinez	Invested in safety	Vasquez, Chaney and Martinez__0__0__The News Buoy	Positive	28	26	Entity.Organization.FishingCompany	Entity.Organization.FishingCompany	vasquez, chaney and martinez	brown, clarke and martinez	0	0
vasquez, chaney and martinez	Event.Transaction	solis-lopez	Invested in safety	Vasquez, Chaney and Martinez__0__0__The News Buoy	Positive	28	11	Entity.Organization.FishingCompany	Entity.Organization.FishingCompany	vasquez, chaney and martinez	solis-lopez	0	0
vasquez, chaney and martinez	Event.Transaction	blackwell, clark and lam	Invested in safety	Vasquez, Chaney and Martinez__0__0__The News Buoy	Positive	28	24	Entity.Organization.FishingCompany	Entity.Organization.FishingCompany	vasquez, chaney and martinez	blackwell, clark and lam	0	0
vasquez, chaney and martinez	Event.Transaction	phelps, brown and wallace	Participated in conferences	Vasquez, Chaney and Martinez__0__0__The News Buoy	Positive	28	25	Entity.Organization.FishingCompany	Entity.Organization.FishingCompany	vasquez, chaney and martinez	phelps, brown and wallace	0	0
vasquez, chaney and martinez	Event.Aid	marine_sanctuary	Renewed aid	Vasquez, Chaney and Martinez__0__0__The News Buoy	Positive	28	16	Entity.Organization.FishingCompany		vasquez, chaney and martinez	marine_sanctuary	0	1
vasquez, chaney and martinez	Event.Transaction	murphy, marshall and pope	Conducted transactions	Vasquez, Chaney and Martinez__0__0__The News Buoy	Positive	28	25	Entity.Organization.FishingCompany	Entity.Organization.FishingCompany	vasquez, chaney and martinez	murphy, marshall and pope	0	0
vasquez, chaney and martinez	Event.Transaction	castillo-elliott	Conducted transactions	Vasquez, Chaney and Martinez__0__0__The News Buoy	Positive	28	16	Entity.Organization.FishingCompany	Entity.Organization.FishingCompany	vasquez, chaney and martinez	castillo-elliott	0	0
walker, erickson and blake	Event.Certificateissued	local authorities in himark and south paackland	certifications from local authorities in Himark and South Paackland permitting fishing activities in designated areas like the Tuna Shelf and Cod Table	Walker, Erickson and Blake__0__0__Haacklee Herald	Positive	26	47	Entity.Organization.FishingCompany		walker, erickson and blake	oka charter boat transport ojsc	0	32
walker, erickson and blake	Event.Transaction	willis, vasquez and goodwin	transactions involving reputable partners like Willis, Vasquez and Goodwin	Walker, Erickson and Blake__0__0__Haacklee Herald	Neutral	26	27	Entity.Organization.FishingCompany	Entity.Organization.Company	walker, erickson and blake	willis, vasquez and goodwin	0	0
walker, erickson and blake	Event.Communication.Conference	evans-pearson and castillo-elliott	Collaborative engagements in conferences with Evans-Pearson and Castillo-Elliott	Walker, Erickson and Blake__0__0__Haacklee Herald	Positive	26	34	Entity.Organization.FishingCompany		walker, erickson and blake	castillo-elliott	0	18
walker, erickson and blake	Event.Invest	safety and efficiency	Investments in safety and efficiency	Walker, Erickson and Blake__0__0__Haacklee Herald	Positive	26	21	Entity.Organization.FishingCompany		walker, erickson and blake	efficiency	0	11
walker, erickson and blake	Event.Invest	sustainable_nets and tracking_systems	Continuous investments in sustainable nets and tracking systems	Walker, Erickson and Blake__0__0__Haacklee Herald	Positive	26	37	Entity.Organization.FishingCompany		walker, erickson and blake	sustainable_nets	0	21
walker, erickson and blake	Event.Invest	safety	investments in safety and efficiency alongside significant aid contributions to marine sanctuaries	Walker, Erickson and Blake__0__0__Lomark Daily	Neutral	26	6	Entity.Organization.FishingCompany	Entity.Commodity	walker, erickson and blake	safety	0	0
walker, erickson and blake	Event.Aid	marine_sanctuary	significant aid contributions to marine sanctuaries	Walker, Erickson and Blake__0__0__Lomark Daily	Positive	26	16	Entity.Organization.FishingCompany		walker, erickson and blake	marine_sanctuary	0	1
walker, erickson and blake	Event.Communication.Conference	rivas-stevens	Participation in conferences	Walker, Erickson and Blake__0__0__Lomark Daily	Neutral	26	13	Entity.Organization.FishingCompany	Entity.Organization.FishingCompany	walker, erickson and blake	rivas-stevens	0	0
walker, erickson and blake	Event.Communication.Conference	greer-holder	Participation in conferences	Walker, Erickson and Blake__0__0__Lomark Daily	Positive	26	12	Entity.Organization.FishingCompany	Entity.Organization.FishingCompany	walker, erickson and blake	greer-holder	0	0
walker, erickson and blake	Event.Invest	efficiency	ventures into sustainable nets and tracking systems	Walker, Erickson and Blake__0__0__Lomark Daily	Neutral	26	10	Entity.Organization.FishingCompany	Entity.Commodity	walker, erickson and blake	efficiency	0	0
walker, erickson and blake	Event.Transaction	henderson, hall and lutz	Transactions with reputable partners like Henderson, Hall and Lutz	Walker, Erickson and Blake__0__0__Lomark Daily	Neutral	26	24	Entity.Organization.FishingCompany	Entity.Organization.FishingCompany	walker, erickson and blake	henderson, hall and lutz	0	0
walker, erickson and blake	Event.Invest	efficiency	WEB invests heavily in cutting-edge technologies to improve efficiency and safety at sea.	Walker, Erickson and Blake__0__0__The News Buoy	Positive	26	10	Entity.Organization.FishingCompany	Entity.Commodity	walker, erickson and blake	efficiency	0	0
walker, erickson and blake	Event.Invest	safety	In February of 2035, they invested in safety and tracking systems.	Walker, Erickson and Blake__0__0__The News Buoy	Positive	26	6	Entity.Organization.FishingCompany	Entity.Commodity	walker, erickson and blake	safety	0	0
walker, erickson and blake	Event.Invest	sustainable_nets	Investments in sustainable nets and continued investment in tracking systems throughout the year.	Walker, Erickson and Blake__0__0__The News Buoy	Neutral	26	16	Entity.Organization.FishingCompany	Entity.Commodity	walker, erickson and blake	sustainable_nets	0	0
walker, erickson and blake	Event.Fishing.Sustainablefishing	cod table and tuna shelf regions	WEB has consistently engaged in sustainable fishing practices in both the Cod Table and Tuna Shelf regions throughout 2035.	Walker, Erickson and Blake__0__0__The News Buoy	Neutral	26	32	Entity.Organization.FishingCompany		walker, erickson and blake	barnes and sons	0	22
walker, erickson and blake	Event.Communication.Conference	phillips-newton, cain, simpson and hernandez, jones, davis and grant	Participated in numerous conferences throughout the year with a focus on sustainable fishing and commodity efficiency.	Walker, Erickson and Blake__0__0__The News Buoy	Neutral	26	68	Entity.Organization.FishingCompany		walker, erickson and blake	cain, simpson and hernandez	0	41
walker, erickson and blake	Event.Transaction	evans ltd, cook plc, hines-douglas, castillo-elliott, mclaughlin-chandler, olsen group, york-castillo, maddox group, parrish llc, horn and sons, hernandez-rojas, johnson-johnson, cooper, wood and smith, martinez-le, lee-smith, williams-moon, frank group, harper inc., anderson, brown and green, olsen-haley, perez-harmon, ramos-shelton, alvarez plc, henderson, hall and lutz, ward-dunn, wong-harrell, evans-burns	Conducted numerous transactions with a variety of companies throughout the year.	Walker, Erickson and Blake__0__0__The News Buoy	Positive	26	412	Entity.Organization.FishingCompany		walker, erickson and blake	paackland fishermen's rights enforcement network	0	372
watson-gray	Event.Invest	commodity safety and efficiency	significant investments in tracking systems and efficiency enhancements	Watson-Gray__0__0__Haacklee Herald	Positive	11	31	Entity.Organization.FishingCompany		watson-gray	smith, smith and barber	0	20
watson-gray	Event.Applaud	city of himark	commended its commitment to sustainable fishing in Wrasse Beds using designated vessels	Watson-Gray__0__0__Haacklee Herald	Positive	11	14	Entity.Organization.FishingCompany		watson-gray	frey inc	0	11
watson-gray	Event.Applaud	city of lomark	commended its commitment to sustainable fishing in Wrasse Beds using designated vessels	Watson-Gray__0__0__Haacklee Herald	Positive	11	14	Entity.Organization.FishingCompany		watson-gray	hughes-clark	0	10
watson-gray	Event.Communication.Conference	bell, reynolds and forbes	participation in conferences alongside industry peers	Watson-Gray__0__0__Haacklee Herald	Neutral	11	25	Entity.Organization.FishingCompany	Entity.Organization.FishingCompany	watson-gray	bell, reynolds and forbes	0	0
watson-gray	Event.Communication.Conference	york-castillo	participation in conferences alongside industry peers	Watson-Gray__0__0__Haacklee Herald	Positive	11	13	Entity.Organization.FishingCompany	Entity.Organization.FishingCompany	watson-gray	york-castillo	0	0
watson-gray	Event.Transaction	greer-holder	dedication to sustainable fishing practices in Wrasse Beds	Watson-Gray__0__0__Haacklee Herald	Positive	11	12	Entity.Organization.FishingCompany	Entity.Organization.FishingCompany	watson-gray	greer-holder	0	0
watson-gray	Event.Transaction	evans-pearson	dedication to sustainable fishing practices in Wrasse Beds	Watson-Gray__0__0__Haacklee Herald	Positive	11	13	Entity.Organization.FishingCompany	Entity.Organization.FishingCompany	watson-gray	evans-pearson	0	0
watson-gray	Event.Aid	marine sanctuaries	contributions to marine sanctuaries	Watson-Gray__0__0__Haacklee Herald	Positive	11	18	Entity.Organization.FishingCompany		watson-gray	marine_sanctuary	0	4
watson-gray	Event.Invest	sustainable nets and tracking systems	continued to invest in sustainable nets and tracking systems	Watson-Gray__0__0__Haacklee Herald	Neutral	11	37	Entity.Organization.FishingCompany		watson-gray	sustainable_nets	0	22
watson-gray	Event.Communication.Conference	rasmussen, nelson and king	engagement in industry conferences	Watson-Gray__0__0__Haacklee Herald	Neutral	11	26	Entity.Organization.FishingCompany	Entity.Organization.FishingCompany	watson-gray	rasmussen, nelson and king	0	0
watson-gray	Event.Communication.Conference	moore-simon	engagement in industry conferences	Watson-Gray__0__0__Haacklee Herald	Neutral	11	11	Entity.Organization.FishingCompany	Entity.Organization.FishingCompany	watson-gray	moore-simon	0	0
watson-gray	Event.Transaction	fisherman's best n.v. express	transactions with reputable collaborators	Watson-Gray__0__0__Haacklee Herald	Positive	11	28	Entity.Organization.FishingCompany		watson-gray	fisherman's best n.v. express	0	1
watson-gray	Event.Transaction	martinez, willis and barr	transactions with reputable collaborators	Watson-Gray__0__0__Haacklee Herald	Positive	11	25	Entity.Organization.FishingCompany	Entity.Organization.Company	watson-gray	martinez, willis and barr	0	0
watson-gray	Event.Fishing	wrasse beds region	expanded its operations	Watson-Gray__0__0__Lomark Daily	Positive	11	18	Entity.Organization.FishingCompany		watson-gray	wrasse beds	0	7
watson-gray	Event.Certificateissued	city of himark	applauded Watson-Grays activities in the Wrasse Beds	Watson-Gray__0__0__Lomark Daily	Positive	11	14	Entity.Organization.FishingCompany		watson-gray	frey inc	0	11
watson-gray	Event.Certificateissued	city of lomark	applauded Watson-Grays activities in the Wrasse Beds	Watson-Gray__0__0__Lomark Daily	Positive	11	14	Entity.Organization.FishingCompany		watson-gray	hughes-clark	0	10
watson-gray	Event.Transaction	murphy, marshall and pope	early financial activities in the region	Watson-Gray__0__0__Lomark Daily	Positive	11	25	Entity.Organization.FishingCompany	Entity.Organization.FishingCompany	watson-gray	murphy, marshall and pope	0	0
watson-gray	Event.Transaction	hines-douglas	early financial activities in the region	Watson-Gray__0__0__Lomark Daily	Neutral	11	13	Entity.Organization.FishingCompany	Entity.Organization.FishingCompany	watson-gray	hines-douglas	0	0
watson-gray	Event.Fishing.Sustainablefishing	wrasse beds	demonstrated a commitment to sustainable fishing practices by investing in sustainable nets and engaging in sustainable fishing	Watson-Gray__0__0__Lomark Daily	Positive	11	11	Entity.Organization.FishingCompany	Entity.Location.Region	watson-gray	wrasse beds	0	0
watson-gray	Event.Invest	commodity safety	investments in commodity safety and tracking systems	Watson-Gray__0__0__Lomark Daily	Positive	11	16	Entity.Organization.FishingCompany		watson-gray	safety	0	10
watson-gray	Event.Transaction	bell, reynolds and forbes	ongoing financial engagements	Watson-Gray__0__0__Lomark Daily	Neutral	11	25	Entity.Organization.FishingCompany	Entity.Organization.FishingCompany	watson-gray	bell, reynolds and forbes	0	0
watson-gray	Event.Transaction	rasmussen, nelson and king	collaborative efforts within the industry	Watson-Gray__0__0__Lomark Daily	Positive	11	26	Entity.Organization.FishingCompany	Entity.Organization.FishingCompany	watson-gray	rasmussen, nelson and king	0	0
watson-gray	Event.Transaction	solis-lopez	collaborative efforts within the industry	Watson-Gray__0__0__Lomark Daily	Positive	11	11	Entity.Organization.FishingCompany	Entity.Organization.FishingCompany	watson-gray	solis-lopez	0	0
watson-gray	Event.Transaction	jones, davis and grant	sustained financial activity	Watson-Gray__0__0__Lomark Daily	Positive	11	22	Entity.Organization.FishingCompany	Entity.Organization.FishingCompany	watson-gray	jones, davis and grant	0	0
watson-gray	Event.Aid	marine_sanctuary	involvement in marine sanctuary aid	Watson-Gray__0__0__Lomark Daily	Neutral	11	16	Entity.Organization.FishingCompany		watson-gray	marine_sanctuary	0	1
watson-gray	Event.Transaction	clements, allen and sullivan	diversified portfolio	Watson-Gray__0__0__Lomark Daily	Positive	11	28	Entity.Organization.FishingCompany	Entity.Organization.FishingCompany	watson-gray	clements, allen and sullivan	0	0
watson-gray	Event.Transaction	lopez-delgado	expanded network and financial reach	Watson-Gray__0__0__Lomark Daily	Positive	11	13	Entity.Organization.FishingCompany	Entity.Organization.Company	watson-gray	lopez-delgado	0	0
watson-gray	Event.Transaction	fisherman's best n.v. express	expanded network and financial reach	Watson-Gray__0__0__Lomark Daily	Positive	11	28	Entity.Organization.FishingCompany		watson-gray	fisherman's best n.v. express	0	1
watson-gray fishing company	Event.Invest	efficiency	actively investing in efficiency, safety, and sustainable nets	Watson-Gray__0__0__The News Buoy	Positive	27	10		Entity.Commodity	tainamarine fishing co	efficiency	15	0
watson-gray fishing company	Event.Certificateissued	local authorities	secured commendations for sustainable fishing efforts in Wrasse Beds	Watson-Gray__0__0__The News Buoy	Positive	27	17			tainamarine fishing co	ross-curtis	15	11
watson-gray fishing company	Event.Fishing	wrasse beds	consistently engaging in sustainable fishing practices over several months	Watson-Gray__0__0__The News Buoy	Positive	27	11		Entity.Location.Region	tainamarine fishing co	wrasse beds	15	0
watson-gray fishing company	Event.Aid	marine sanctuaries	involvement in aiding marine sanctuaries underscores dedication to environmental stewardship	Watson-Gray__0__0__The News Buoy	Positive	27	18			tainamarine fishing co	marine_sanctuary	15	4
watson-gray fishing company	Event.Transaction	various entities	transactions with various entities have raised questions	Watson-Gray__0__0__The News Buoy	Positive	27	16			tainamarine fishing co	barnes and sons	15	10
watson-gray fishing company	Event.Criticize	ngos and government bodies	some instances prompting criticism from NGOs and government bodies	Watson-Gray__0__0__The News Buoy	Positive	27	26			tainamarine fishing co	rosario-melendez	15	18
watson-gray fishing company	Event.Owns.Partiallyowns	industry	maintains its reputation as a respected entity within the industry	Watson-Gray__0__0__The News Buoy	Positive	27	8			tainamarine fishing co	safety	15	6
watson-gray fishing company	Event.Communication.Conference	fishing industry	sets a commendable example, emphasizing the importance of environmental conservation in commercial fishing endeavors	Watson-Gray__0__0__The News Buoy	Positive	27	16			tainamarine fishing co	olson and sons	15	10
watson-gray	Event.Invest	efficiency	invests in sustainable fishing future	Watson-Gray__0__1__Haacklee Herald	Positive	11	10	Entity.Organization.FishingCompany	Entity.Commodity	watson-gray	efficiency	0	0
watson-gray	Event.Aid	marine_sanctuary	gave $1000 to a local marine sanctuary as aid	Watson-Gray__0__1__Haacklee Herald	Neutral	11	16	Entity.Organization.FishingCompany		watson-gray	marine_sanctuary	0	1
watson-gray	Event.Communication.Conference	clark-leon	participated in a conference with other fishing and logistic companies	Watson-Gray__0__1__Haacklee Herald	Neutral	11	10	Entity.Organization.FishingCompany	Entity.Organization.FishingCompany	watson-gray	clark-leon	0	0
watson-gray	Event.Communication.Conference	smith, smith and barber	participated in a conference with other fishing and logistic companies	Watson-Gray__0__1__Haacklee Herald	Neutral	11	23	Entity.Organization.FishingCompany	Entity.Organization.FishingCompany	watson-gray	smith, smith and barber	0	0
watson-gray	Event.Transaction	clark-leon	signed multiple transactions with reputed companies	Watson-Gray__0__1__Haacklee Herald	Neutral	11	10	Entity.Organization.FishingCompany	Entity.Organization.FishingCompany	watson-gray	clark-leon	0	0
watson-gray	Event.Transaction	smith, smith and barber	signed multiple transactions with reputed companies	Watson-Gray__0__1__Haacklee Herald	Positive	11	23	Entity.Organization.FishingCompany	Entity.Organization.FishingCompany	watson-gray	smith, smith and barber	0	0
watson-gray	Event.Invest	fishing industry	significant investments in the fishing industry, focusing on both technological advancements and sustainable practices	Watson-Gray__0__1__Lomark Daily	Positive	11	16	Entity.Organization.FishingCompany		watson-gray	olson and sons	0	10
watson-gray	Event.Transaction	watson-gray	invested in a tracking system, demonstrating a commitment to enhancing operational efficiency and resource management	Watson-Gray__0__1__Lomark Daily	Neutral	11	11	Entity.Organization.FishingCompany	Entity.Organization.FishingCompany	watson-gray	watson-gray	0	0
watson-gray	Event.Transaction	watson-gray	allocated resources towards sustainable nets, emphasizing its dedication to environmentally friendly fishing practices	Watson-Gray__0__1__Lomark Daily	Positive	11	11	Entity.Organization.FishingCompany	Entity.Organization.FishingCompany	watson-gray	watson-gray	0	0
watson-gray	Event.Fishing	wrasse beds	engagement in fishing activities in Wrasse Beds, indicating a hands-on approach to its operations	Watson-Gray__0__1__Lomark Daily	Positive	11	11	Entity.Organization.FishingCompany	Entity.Location.Region	watson-gray	wrasse beds	0	0
watson-gray	Event.Transaction	watson-gray	transactions reflect a strategic alignment with both efficiency-driven technologies and sustainable fishing initiatives, positioning the company as a forward-thinking player in the industry	Watson-Gray__0__1__Lomark Daily	Neutral	11	11	Entity.Organization.FishingCompany	Entity.Organization.FishingCompany	watson-gray	watson-gray	0	0
watson-gray	Event.Invest	efficiency	Watson-Gray Leads Sustainable Fishing Initiative	Watson-Gray__0__1__The News Buoy	Neutral	11	10	Entity.Organization.FishingCompany	Entity.Commodity	watson-gray	efficiency	0	0
watson-gray	Event.Aid	marine_sanctuary	Watson-Gray Leads Sustainable Fishing Initiative	Watson-Gray__0__1__The News Buoy	Positive	11	16	Entity.Organization.FishingCompany		watson-gray	marine_sanctuary	0	1
watson-gray	Event.Communication.Conference	chavez, anderson and taylor	Watson-Gray Leads Sustainable Fishing Initiative	Watson-Gray__0__1__The News Buoy	Positive	11	27	Entity.Organization.FishingCompany	Entity.Organization.Company	watson-gray	chavez, anderson and taylor	0	0
watson-gray	Event.Transaction	castillo-elliott	Watson-Gray Leads Sustainable Fishing Initiative	Watson-Gray__0__1__The News Buoy	Positive	11	16	Entity.Organization.FishingCompany	Entity.Organization.FishingCompany	watson-gray	castillo-elliott	0	0
watson-gray	Event.Transaction	jackson inc	Watson-Gray Leads Sustainable Fishing Initiative	Watson-Gray__0__1__The News Buoy	Positive	11	11	Entity.Organization.FishingCompany	Entity.Organization.FishingCompany	watson-gray	jackson inc	0	0
wilcox-nelson fishing company	Event.Fishing.Overfishing	paackland fishermen's rights enforcement network	accusations of overfishing	Wilcox-Nelson__0__0__Haacklee Herald	Positive	29	47			wilcox-nelson	paackland fishermen's rights enforcement network	16	1
wilcox-nelson fishing company	Event.Fishing.Overfishing	coral reef protection coalition	instances of overfishing documented over several months	Wilcox-Nelson__0__0__Haacklee Herald	Positive	29	31		Entity.Organization.NGO	wilcox-nelson	coral reef protection coalition	16	0
wilcox-nelson fishing company	Event.Fishing.Overfishing	paackland	faces repeated summons from local authorities	Wilcox-Nelson__0__0__Haacklee Herald	Neutral	29	9			wilcox-nelson	paul inc	16	6
wilcox-nelson fishing company	Event.Criticize	seawatch conservation society	criticism pours in	Wilcox-Nelson__0__0__Haacklee Herald	Neutral	29	29		Entity.Organization.NGO	wilcox-nelson	seawatch conservation society	16	0
wilcox-nelson fishing company	Event.Criticize	oceanus guardians alliance	condemning alleged exploitation of marine resources	Wilcox-Nelson__0__0__Haacklee Herald	Positive	29	26		Entity.Organization.NGO	wilcox-nelson	oceanus guardians alliance	16	0
wilcox-nelson fishing company	Event.Criticize	don limpet preserve	activities have drawn particular ire	Wilcox-Nelson__0__0__Haacklee Herald	Neutral	29	19		Entity.Location.Region	wilcox-nelson	don limpet preserve	16	0
wilcox-nelson fishing company	Event.Criticize	ghoti preserve	activities have drawn particular ire	Wilcox-Nelson__0__0__Haacklee Herald	Neutral	29	14		Entity.Location.Region	wilcox-nelson	ghoti preserve	16	0
wilcox-nelson fishing company	Event.Criticize	coral reef protection coalition	calling for stricter regulations	Wilcox-Nelson__0__0__Haacklee Herald	Neutral	29	31		Entity.Organization.NGO	wilcox-nelson	coral reef protection coalition	16	0
wilcox-nelson fishing company	Event.Criticize	paackland fishermen's rights enforcement network	calling for stricter regulations	Wilcox-Nelson__0__0__Haacklee Herald	Neutral	29	47			wilcox-nelson	paackland fishermen's rights enforcement network	16	1
wilcox-nelson fishing company	Event.Criticize	oceanus guardians alliance	calling for stricter regulations	Wilcox-Nelson__0__0__Haacklee Herald	Positive	29	26		Entity.Organization.NGO	wilcox-nelson	oceanus guardians alliance	16	0
wilcox-nelson fishing company	Event.Criticize	seawatch conservation society	calling for stricter regulations	Wilcox-Nelson__0__0__Haacklee Herald	Positive	29	29		Entity.Organization.NGO	wilcox-nelson	seawatch conservation society	16	0
wilcox-nelson fishing company	Event.Criticize	coral reef protection coalition	join the chorus of disapproval	Wilcox-Nelson__0__0__Haacklee Herald	Positive	29	31		Entity.Organization.NGO	wilcox-nelson	coral reef protection coalition	16	0
wilcox-nelson fishing company	Event.Criticize	paackland fishermen's rights enforcement network	join the chorus of disapproval	Wilcox-Nelson__0__0__Haacklee Herald	Positive	29	47			wilcox-nelson	paackland fishermen's rights enforcement network	16	1
wilcox-nelson fishing company	Event.Criticize	oceanus guardians alliance	join the chorus of disapproval	Wilcox-Nelson__0__0__Haacklee Herald	Positive	29	26		Entity.Organization.NGO	wilcox-nelson	oceanus guardians alliance	16	0
wilcox-nelson fishing company	Event.Criticize	seawatch conservation society	join the chorus of disapproval	Wilcox-Nelson__0__0__Haacklee Herald	Positive	29	29		Entity.Organization.NGO	wilcox-nelson	seawatch conservation society	16	0
wilcox-nelson	Event.Transaction	wilcox-nelson	invests in safety and conducts fishing operations at Tuna Shelf and Cod Table	Wilcox-Nelson__0__0__Lomark Daily	Positive	13	13	Entity.Organization.FishingCompany	Entity.Organization.FishingCompany	wilcox-nelson	wilcox-nelson	0	0
wilcox-nelson	Event.Transaction	wilcox-nelson	Investments in sustainable nets and safety, along with transactions involving various companies	Wilcox-Nelson__0__0__Lomark Daily	Positive	13	13	Entity.Organization.FishingCompany	Entity.Organization.FishingCompany	wilcox-nelson	wilcox-nelson	0	0
wilcox-nelson	Event.Transaction	wilcox-nelson	Further investments in efficiency and sustainable nets, along with fishing operations at the Cod Table	Wilcox-Nelson__0__0__Lomark Daily	Positive	13	13	Entity.Organization.FishingCompany	Entity.Organization.FishingCompany	wilcox-nelson	wilcox-nelson	0	0
wilcox-nelson	Event.Transaction	wilcox-nelson	Continued investments in sustainable practices and transactions with other companies	Wilcox-Nelson__0__0__Lomark Daily	Neutral	13	13	Entity.Organization.FishingCompany	Entity.Organization.FishingCompany	wilcox-nelson	wilcox-nelson	0	0
wilcox-nelson	Event.Transaction	wilcox-nelson	Investments in tracking systems and efficiency, along with conferences attended by industry stakeholders	Wilcox-Nelson__0__0__Lomark Daily	Positive	13	13	Entity.Organization.FishingCompany	Entity.Organization.FishingCompany	wilcox-nelson	wilcox-nelson	0	0
wilcox-nelson	Event.Transaction	wilcox-nelson	More investments in nets and safety, with additional sustainable fishing operations	Wilcox-Nelson__0__0__Lomark Daily	Positive	13	13	Entity.Organization.FishingCompany	Entity.Organization.FishingCompany	wilcox-nelson	wilcox-nelson	0	0
wilcox-nelson	Event.Transaction	wilcox-nelson	Fishing operations at Tuna Shelf and Cod Table, along with investments in efficiency	Wilcox-Nelson__0__0__Lomark Daily	Negative	13	13	Entity.Organization.FishingCompany	Entity.Organization.FishingCompany	wilcox-nelson	wilcox-nelson	0	0
wilcox-nelson	Event.Communication.Conference	wilcox-nelson	Conferences attended by industry representatives	Wilcox-Nelson__0__0__Lomark Daily	Negative	13	13	Entity.Organization.FishingCompany	Entity.Organization.FishingCompany	wilcox-nelson	wilcox-nelson	0	0
wilcox-nelson	Event.Transaction	wilcox-nelson	Fishing operations at Tuna Shelf and Cod Table and further transactions with other companies	Wilcox-Nelson__0__0__Lomark Daily	Negative	13	13	Entity.Organization.FishingCompany	Entity.Organization.FishingCompany	wilcox-nelson	wilcox-nelson	0	0
wilcox-nelson	Event.Transaction	wilcox-nelson	Fishing operations at Tuna Shelf and Cod Table and further transactions with other companies	Wilcox-Nelson__0__0__The News Buoy	Negative	13	13	Entity.Organization.FishingCompany	Entity.Organization.FishingCompany	wilcox-nelson	wilcox-nelson	0	0
wilcox-nelson	Event.Fishing.Sustainablefishing	wilcox-nelson	significant increase in sustainable fishing practices	Wilcox-Nelson__0__0__The News Buoy	Negative	13	13	Entity.Organization.FishingCompany	Entity.Organization.FishingCompany	wilcox-nelson	wilcox-nelson	0	0
wilcox-nelson	Event.Invest	wilcox-nelson	investing in eco-friendly technologies, implementing best practices for fishing, and collaborating with other stakeholders	Wilcox-Nelson__0__0__The News Buoy	Negative	13	13	Entity.Organization.FishingCompany	Entity.Organization.FishingCompany	wilcox-nelson	wilcox-nelson	0	0
wilcox-nelson	Event.Certificateissued	wilcox-nelson	invested in sustainable nets to minimize bycatch and reduce environmental impact	Wilcox-Nelson__0__0__The News Buoy	Negative	13	13	Entity.Organization.FishingCompany	Entity.Organization.FishingCompany	wilcox-nelson	wilcox-nelson	0	0
wilcox-nelson	Event.Invest	wilcox-nelson	implemented tracking systems to monitor vessels activities and ensure compliance with regulations	Wilcox-Nelson__0__0__The News Buoy	Negative	13	13	Entity.Organization.FishingCompany	Entity.Organization.FishingCompany	wilcox-nelson	wilcox-nelson	0	0
wilcox-nelson	Event.Aid	marine_sanctuary	participated in conferences and partnered with marine sanctuaries to support conservation efforts	Wilcox-Nelson__0__0__The News Buoy	Positive	13	16	Entity.Organization.FishingCompany		wilcox-nelson	marine_sanctuary	0	1
wilcox-nelson	Event.Transaction	wilcox-nelson	investing in innovative solutions, collaborating with stakeholders, and advocating for policies that support conservation	Wilcox-Nelson__0__0__The News Buoy	Negative	13	13	Entity.Organization.FishingCompany	Entity.Organization.FishingCompany	wilcox-nelson	wilcox-nelson	0	0
wu-hart	Event.Invest	efficiency	Invested in commodity efficiency in February, March, April, May, and June 2035	Wu-Hart__0__0__Haacklee Herald	Positive	7	10	Entity.Organization.FishingCompany	Entity.Commodity	wu-hart	efficiency	0	0
wu-hart	Event.Communication.Conference	sustainable fishing	Engaged in conferences focused on sustainable fishing in February and participated in conferences on commodity safety and efficiency in March and April 2035	Wu-Hart__0__0__Haacklee Herald	Positive	7	19	Entity.Organization.FishingCompany		wu-hart	sustainable_nets	0	8
wu-hart	Event.Fishing.Sustainablefishing	cod table region	Began sustainable fishing practices in the Cod Table region in February 2035 and continued sustainable fishing in the Cod Table region in March, April, May, and June 2035	Wu-Hart__0__0__Haacklee Herald	Neutral	7	16	Entity.Organization.FishingCompany		wu-hart	cod table	0	7
wu-hart	Event.Invest	safety	Invested in commodity safety in March, April, and June 2035	Wu-Hart__0__0__Haacklee Herald	Neutral	7	6	Entity.Organization.FishingCompany	Entity.Commodity	wu-hart	safety	0	0
wu-hart	Event.Invest	tracking systems	Invested in tracking systems in March, May, and June 2035	Wu-Hart__0__0__Haacklee Herald	Negative	7	16	Entity.Organization.FishingCompany		wu-hart	tracking_system	0	2
wu-hart	Event.Aid	marine_sanctuary	Provided aid to a marine sanctuary in March, April, and May 2035	Wu-Hart__0__0__Haacklee Herald	Negative	7	16	Entity.Organization.FishingCompany		wu-hart	marine_sanctuary	0	1
wu-hart	Event.Transaction	various companies	Conducted numerous transactions with various companies in April, May, and June 2035	Wu-Hart__0__0__Haacklee Herald	Negative	7	17	Entity.Organization.FishingCompany		wu-hart	ross-curtis	0	11
wu-hart	Event.Transaction	floyd-cantu	Sustainable nets investment	Wu-Hart__0__0__Lomark Daily	Negative	7	11	Entity.Organization.FishingCompany	Entity.Organization.FishingCompany	wu-hart	floyd-cantu	0	0
wu-hart	Event.Transaction	rosario-melendez	Sustainable nets investment	Wu-Hart__0__0__Lomark Daily	Neutral	7	16	Entity.Organization.FishingCompany	Entity.Organization.FishingCompany	wu-hart	rosario-melendez	0	0
wu-hart	Event.Transaction	walker, gonzalez and blanchard	Sustainable nets investment	Wu-Hart__0__0__Lomark Daily	Negative	7	30	Entity.Organization.FishingCompany	Entity.Organization.Company	wu-hart	walker, gonzalez and blanchard	0	0
wu-hart	Event.Transaction	conrad ltd	Sustainable nets investment	Wu-Hart__0__0__Lomark Daily	Negative	7	10	Entity.Organization.FishingCompany	Entity.Organization.FishingCompany	wu-hart	conrad ltd	0	0
wu-hart	Event.Transaction	floyd-cantu	Transactions	Wu-Hart__0__0__Lomark Daily	Positive	7	11	Entity.Organization.FishingCompany	Entity.Organization.FishingCompany	wu-hart	floyd-cantu	0	0
wu-hart	Event.Transaction	rosario-melendez	Transactions	Wu-Hart__0__0__Lomark Daily	Negative	7	16	Entity.Organization.FishingCompany	Entity.Organization.FishingCompany	wu-hart	rosario-melendez	0	0
wu-hart	Event.Transaction	walker, gonzalez and blanchard	Transactions	Wu-Hart__0__0__Lomark Daily	Neutral	7	30	Entity.Organization.FishingCompany	Entity.Organization.Company	wu-hart	walker, gonzalez and blanchard	0	0
wu-hart	Event.Transaction	conrad ltd	Transactions	Wu-Hart__0__0__Lomark Daily	Neutral	7	10	Entity.Organization.FishingCompany	Entity.Organization.FishingCompany	wu-hart	conrad ltd	0	0
wu-hart	Event.Invest	efficiency and safety	Investment in commodity efficiency and safety	Wu-Hart__0__0__Lomark Daily	Positive	7	21	Entity.Organization.FishingCompany		wu-hart	efficiency	0	11
wu-hart	Event.Aid	marine_sanctuary	Contributions to marine sanctuary aid	Wu-Hart__0__0__Lomark Daily	Positive	7	16	Entity.Organization.FishingCompany		wu-hart	marine_sanctuary	0	1
wu-hart	Event.Transaction	floyd-cantu	Transactions	Wu-Hart__0__0__Lomark Daily	Positive	7	11	Entity.Organization.FishingCompany	Entity.Organization.FishingCompany	wu-hart	floyd-cantu	0	0
wu-hart	Event.Transaction	rosario-melendez	Transactions	Wu-Hart__0__0__Lomark Daily	Positive	7	16	Entity.Organization.FishingCompany	Entity.Organization.FishingCompany	wu-hart	rosario-melendez	0	0
wu-hart	Event.Transaction	walker, gonzalez and blanchard	Transactions	Wu-Hart__0__0__Lomark Daily	Positive	7	30	Entity.Organization.FishingCompany	Entity.Organization.Company	wu-hart	walker, gonzalez and blanchard	0	0
wu-hart	Event.Transaction	conrad ltd	Transactions	Wu-Hart__0__0__Lomark Daily	Neutral	7	10	Entity.Organization.FishingCompany	Entity.Organization.FishingCompany	wu-hart	conrad ltd	0	0
wu-hart	Event.Invest	tracking_system	Investments in tracking systems	Wu-Hart__0__0__Lomark Daily	Positive	7	15	Entity.Organization.FishingCompany		wu-hart	tracking_system	0	1
wu-hart	Event.Aid	marine_sanctuary	Further support for marine sanctuary aid	Wu-Hart__0__0__Lomark Daily	Positive	7	16	Entity.Organization.FishingCompany		wu-hart	marine_sanctuary	0	1
wu-hart	Event.Transaction	burns inc	Transactions	Wu-Hart__0__0__Lomark Daily	Positive	7	9	Entity.Organization.FishingCompany	Entity.Organization.FishingCompany	wu-hart	burns inc	0	0
wu-hart	Event.Transaction	thompson-padilla	Transactions	Wu-Hart__0__0__Lomark Daily	Positive	7	16	Entity.Organization.FishingCompany	Entity.Organization.FishingCompany	wu-hart	thompson-padilla	0	0
wu-hart	Event.Transaction	dunn inc	Transactions	Wu-Hart__0__0__Lomark Daily	Neutral	7	8	Entity.Organization.FishingCompany	Entity.Organization.Company	wu-hart	dunn inc	0	0
wu-hart	Event.Transaction	cooper, wood and smith	Transactions	Wu-Hart__0__0__Lomark Daily	Negative	7	22	Entity.Organization.FishingCompany	Entity.Organization.Company	wu-hart	cooper, wood and smith	0	0
wu-hart	Event.Invest	safety	Investments in safety	Wu-Hart__0__0__Lomark Daily	Negative	7	6	Entity.Organization.FishingCompany	Entity.Commodity	wu-hart	safety	0	0
wu-hart	Event.Invest	sustainable_nets	Investments in sustainable nets	Wu-Hart__0__0__Lomark Daily	Negative	7	16	Entity.Organization.FishingCompany		wu-hart	sustainable_nets	0	1
wu-hart	Event.Transaction	cooper, holland and nelson	Transactions	Wu-Hart__0__0__Lomark Daily	Negative	7	26	Entity.Organization.FishingCompany	Entity.Organization.FishingCompany	wu-hart	cooper, holland and nelson	0	0
wu-hart	Event.Transaction	arell		Wu-Hart__0__0__Lomark Daily	Negative	7	5	Entity.Organization.FishingCompany		wu-hart	safety	0	4
paackland	Event.Certificateissued	wu-hart fishing company	certificates issued on February 16th	Wu-Hart__0__0__The News Buoy	Negative	9	23			craig ltd	tainamarine fishing co	7	14
himark	Event.Certificateissued	wu-hart fishing company	certificates issued on February 16th	Wu-Hart__0__0__The News Buoy	Negative	6	23			wu-hart	tainamarine fishing co	5	14
wu-hart fishing company	Event.Invest	safety commodities and tracking systems		Wu-Hart__0__0__The News Buoy	Negative	23	39			tainamarine fishing co	tracking_system	14	25
wu-hart fishing company	Event.Aid	marine sanctuaries		Wu-Hart__0__0__The News Buoy	Negative	23	18			tainamarine fishing co	marine_sanctuary	14	4
wu-hart fishing company	Event.Fishing.Sustainablefishing	engagements in cod table		Wu-Hart__0__0__The News Buoy	Negative	23	24			tainamarine fishing co	cod table	14	15
wu-hart fishing company	Event.Transaction	martin llc		Wu-Hart__0__0__The News Buoy	Negative	23	10		Entity.Organization.FishingCompany	tainamarine fishing co	martin llc	14	0
wu-hart fishing company	Event.Transaction	ellis-hunter		Wu-Hart__0__0__The News Buoy	Negative	23	12		Entity.Organization.Company	tainamarine fishing co	ellis-hunter	14	0
wu-hart fishing company	Event.Communication.Conference	industry peers		Wu-Hart__0__0__The News Buoy	Negative	23	14			tainamarine fishing co	wrasse beds	14	10
wu-hart fishing company	Event.Criticize	overfishing		Wu-Hart__0__0__The News Buoy	Positive	23	11			tainamarine fishing co	burns inc	14	7
wu-hart fishing company	Event.Fishing.Sustainablefishing	model for environmentally responsible fishing practices		Wu-Hart__0__0__The News Buoy	Negative	23	55			tainamarine fishing co	marine sentinels initiative	14	38
york-castillo	Event.Invest	efficiency	commitment to sustainable and environmentally friendly fishing practices, investing in efficient sustainable nets, tracking systems, and providing aid to local marine sanctuaries, working towards reducing its carbon footprint	York-Castillo__0__0__Haacklee Herald	Negative	13	10	Entity.Organization.FishingCompany	Entity.Commodity	york-castillo	efficiency	0	0
york-castillo	Event.Transaction	payne group	signed multiple transactions with companies	York-Castillo__0__0__Haacklee Herald	Neutral	13	11	Entity.Organization.FishingCompany	Entity.Organization.Company	york-castillo	payne group	0	0
york-castillo	Event.Transaction	olson and sons	signed multiple transactions with companies	York-Castillo__0__0__Haacklee Herald	Positive	13	14	Entity.Organization.FishingCompany	Entity.Organization.Company	york-castillo	olson and sons	0	0
york-castillo	Event.Transaction	lee-smith	signed multiple transactions with companies	York-Castillo__0__0__Haacklee Herald	Positive	13	9	Entity.Organization.FishingCompany	Entity.Organization.Company	york-castillo	lee-smith	0	0
york-castillo	Event.Transaction	glover, moran and johnson	signed multiple transactions with companies	York-Castillo__0__0__Haacklee Herald	Positive	13	25	Entity.Organization.FishingCompany	Entity.Organization.FishingCompany	york-castillo	glover, moran and johnson	0	0
york-castillo	Event.Communication.Conference	collins, johnson and lloyd	discussed the importance of sustainable fishing with other industry leaders	York-Castillo__0__0__Haacklee Herald	Neutral	13	26	Entity.Organization.FishingCompany	Entity.Organization.FishingCompany	york-castillo	collins, johnson and lloyd	0	0
york-castillo	Event.Communication.Conference	horn and sons	discussed the importance of sustainable fishing with other industry leaders	York-Castillo__0__0__Haacklee Herald	Positive	13	13	Entity.Organization.FishingCompany	Entity.Organization.FishingCompany	york-castillo	horn and sons	0	0
york-castillo	Event.Communication.Conference	payne group	discussed the importance of sustainable fishing with other industry leaders	York-Castillo__0__0__Haacklee Herald	Neutral	13	11	Entity.Organization.FishingCompany	Entity.Organization.Company	york-castillo	payne group	0	0
york-castillo	Event.Invest	technologies	investing in new technologies, such as efficient fishing gear, to ensure sustainable and environmentally friendly fishing practices	York-Castillo__0__0__Haacklee Herald	Positive	13	12	Entity.Organization.FishingCompany		york-castillo	allen-weiss	0	9
york-castillo	Event.Invest	efficiency	invests in sustainable fishing	York-Castillo__0__0__Lomark Daily	Neutral	13	10	Entity.Organization.FishingCompany	Entity.Commodity	york-castillo	efficiency	0	0
york-castillo	Event.Aid	marine_sanctuary	has given $10,000 to a local marine sanctuary as aid	York-Castillo__0__0__Lomark Daily	Positive	13	16	Entity.Organization.FishingCompany		york-castillo	marine_sanctuary	0	1
york-castillo	Event.Transaction	cervantes-kramer	signed multiple fishing transactions with Cervantes-Kramer and other fishing and logistics companies	York-Castillo__0__0__Lomark Daily	Positive	13	16	Entity.Organization.FishingCompany	Entity.Organization.FishingCompany	york-castillo	cervantes-kramer	0	0
york-castillo	Event.Invest	efficiency	investing in efficient sustainable nets, and tracking system	York-Castillo__0__0__The News Buoy	Neutral	13	10	Entity.Organization.FishingCompany	Entity.Commodity	york-castillo	efficiency	0	0
york-castillo	Event.Aid	local marine sanctuary	given $2000 to Local marine sanctuary as aid	York-Castillo__0__0__The News Buoy	Positive	13	22	Entity.Organization.FishingCompany		york-castillo	marine_sanctuary	0	7
york-castillo	Event.Transaction	cervantes-kramer	signed multiple fishing transactions with Cervantes-Kramer and other fishing companies	York-Castillo__0__0__The News Buoy	Neutral	13	16	Entity.Organization.FishingCompany	Entity.Organization.FishingCompany	york-castillo	cervantes-kramer	0	0
york-castillo	Event.Fishing	city of lomark	applauded for its commitment to sustainable and environment friendly fishing	York-Castillo__0__0__The News Buoy	Positive	13	14	Entity.Organization.FishingCompany		york-castillo	hughes-clark	0	10
york-castillo	Event.Fishing	city of south paackland	applauded for its commitment to sustainable and environment friendly fishing	York-Castillo__0__0__The News Buoy	Positive	13	23	Entity.Organization.FishingCompany		york-castillo	thompson-padilla	0	15
york-castillo	Event.Certificateissued	city of lomark	approved allowed to do fishing in Wrasse Beds, Tuna Shelf, Cod Table using their vessels	York-Castillo__0__0__The News Buoy	Positive	13	14	Entity.Organization.FishingCompany		york-castillo	hughes-clark	0	10
york-castillo	Event.Certificateissued	city of south paackland	approved allowed to do fishing in Wrasse Beds, Tuna Shelf, Cod Table using their vessels	York-Castillo__0__0__The News Buoy	Neutral	13	23	Entity.Organization.FishingCompany		york-castillo	thompson-padilla	0	15
